2026-01-11 12:02:21,004 - root - INFO - Experiment: gpt_10M_baseline_finetuned_8K_Vocab
2026-01-11 12:02:21,005 - root - INFO - Stage: all
2026-01-11 12:02:21,005 - root - INFO - Results directory: results/gpt_10M_baseline_finetuned_8K_Vocab
2026-01-11 12:02:21,005 - root - INFO - Configuration: configs/base_config.yaml
2026-01-11 12:02:21,005 - root - INFO - 
🎲 Setting up reproducibility...
2026-01-11 12:02:21,005 - root - INFO -    Seed: 42
2026-01-11 12:02:21,005 - root - INFO -    Deterministic: True
2026-01-11 12:02:21,005 - src.utils.seed_manager - INFO - Setting all seeds to 42
2026-01-11 12:02:21,005 - src.utils.seed_manager - DEBUG - ✓ Python random seed set
2026-01-11 12:02:21,006 - src.utils.seed_manager - DEBUG - ✓ NumPy seed set
2026-01-11 12:02:21,027 - src.utils.seed_manager - DEBUG - ✓ PyTorch CPU seed set
2026-01-11 12:02:21,147 - src.utils.seed_manager - DEBUG - ✓ PyTorch CUDA seeds set
2026-01-11 12:02:21,148 - src.utils.seed_manager - INFO - Enabling deterministic mode for PyTorch
2026-01-11 12:02:21,148 - src.utils.seed_manager - DEBUG - ✓ PyTorch deterministic algorithms enabled
2026-01-11 12:02:21,148 - src.utils.seed_manager - DEBUG - ✓ CuDNN deterministic mode enabled
2026-01-11 12:02:21,148 - src.utils.seed_manager - WARNING - CuDNN benchmark disabled - may reduce training speed
2026-01-11 12:02:21,148 - src.utils.seed_manager - DEBUG - ✓ Set PYTHONHASHSEED=42
2026-01-11 12:02:21,148 - src.utils.seed_manager - DEBUG - ✓ Set CUBLAS_WORKSPACE_CONFIG=:4096:8
2026-01-11 12:02:21,148 - root - INFO - 
💻 Device configuration:
2026-01-11 12:02:21,148 - root - INFO -    Device: cuda
2026-01-11 12:02:21,192 - root - INFO -    GPU: NVIDIA A100-SXM4-40GB MIG 3g.20gb
2026-01-11 12:02:21,192 - root - INFO -    CUDA Version: 12.8
2026-01-11 12:02:21,206 - root - INFO - Metadata saved to results/gpt_10M_baseline_finetuned_8K_Vocab/metadata.json
2026-01-11 12:02:21,206 - root - INFO - Config saved to results/gpt_10M_baseline_finetuned_8K_Vocab/config.yaml
2026-01-11 12:02:21,206 - root - INFO - Starting data processing stage...
2026-01-11 12:02:21,262 - root - INFO - Force reprocessing data from scratch...
2026-01-11 12:02:21,262 - root - INFO - 
📥 Collecting data from all sources...
2026-01-11 12:02:21,262 - src.data_processing.downloaders.base_downloader - INFO - Initialized IndicCorpDownloader (output_dir: data/raw)
2026-01-11 12:02:21,262 - src.data_processing.downloaders.indiccorp_downloader - INFO - Initialized IndicCorpDownloader
2026-01-11 12:02:21,262 - src.data_processing.downloaders.indiccorp_downloader - INFO -   Repository: ai4bharat/IndicCorpV2
2026-01-11 12:02:21,262 - src.data_processing.downloaders.indiccorp_downloader - INFO -   Available files: ['hi-1.txt', 'hi-2.txt', 'hi-3.txt']
2026-01-11 12:02:21,262 - src.data_processing.downloaders.indiccorp_downloader - INFO -   Cache dir: default
2026-01-11 12:02:21,262 - src.data_processing.downloaders.indiccorp_downloader - INFO - 
Downloading IndicCorp files...
2026-01-11 12:02:21,262 - src.data_processing.downloaders.indiccorp_downloader - INFO -   Files: ['hi-1.txt']
2026-01-11 12:02:21,262 - src.data_processing.downloaders.indiccorp_downloader - INFO -   Max lines: 150000
2026-01-11 12:02:21,262 - src.data_processing.downloaders.indiccorp_downloader - INFO - 
[Downloading hi-1.txt]
2026-01-11 12:02:21,483 - src.data_processing.downloaders.indiccorp_downloader - INFO - ✓ Downloaded to cache: /dss/dsshome1/00/ge95xod2/.cache/huggingface/hub/datasets--ai4bharat--IndicCorpV2/snapshots/2d7285e6ce14fdb3fb2449c9f89427b9f582ac3f/data/hi-1.txt
2026-01-11 12:02:21,484 - src.data_processing.downloaders.indiccorp_downloader - INFO -   File already exists in output: data/raw/hi-1.txt
2026-01-11 12:02:21,484 - src.data_processing.downloaders.indiccorp_downloader - INFO -   Reading texts from hi-1.txt...
2026-01-11 12:02:49,371 - src.data_processing.downloaders.indiccorp_downloader - INFO -   ✓ Read 150,000 texts (8,630,594 words) from hi-1.txt
2026-01-11 12:02:49,395 - src.data_processing.downloaders.indiccorp_downloader - INFO - 
✓ IndicCorp download complete!
2026-01-11 12:02:49,395 - src.data_processing.downloaders.indiccorp_downloader - INFO -   Total texts: 150,000
2026-01-11 12:02:49,396 - src.data_processing.downloaders.indiccorp_downloader - INFO -   Total words: 8,630,594
2026-01-11 12:02:49,396 - src.data_processing.utils.data_provenance - DEBUG - Tracked raw data for indiccorp: 150,000 docs, 8,630,594 words
2026-01-11 12:02:49,711 - src.data_processing.utils.file_io - INFO - ✓ Saved 150,000 texts to data/raw/indiccorp.pkl
2026-01-11 12:02:49,711 - src.data_processing.downloaders.base_downloader - INFO - Initialized WikiDownloader (output_dir: data/raw)
2026-01-11 12:02:49,712 - src.data_processing.downloaders.wiki_downloader - INFO - Initialized WikiDownloader (version: 20231101.hi)
2026-01-11 12:02:49,712 - src.data_processing.downloaders.wiki_downloader - INFO - 
Loading Wikipedia dataset: 20231101.hi
2026-01-11 12:02:49,712 - src.data_processing.downloaders.wiki_downloader - INFO -   Filters: min_length=30, max_length=2000
2026-01-11 12:02:52,651 - filelock - DEBUG - Attempting to acquire lock 139826055170656 on /dss/dsshome1/00/ge95xod2/.cache/huggingface/datasets/_dss_dsshome1_00_ge95xod2_.cache_huggingface_datasets_wikimedia___wikipedia_20231101.hi_0.0.0_b04c8d1ceb2f5cd4588862100d08de323dccfbaa.lock
2026-01-11 12:02:52,652 - filelock - DEBUG - Lock 139826055170656 acquired on /dss/dsshome1/00/ge95xod2/.cache/huggingface/datasets/_dss_dsshome1_00_ge95xod2_.cache_huggingface_datasets_wikimedia___wikipedia_20231101.hi_0.0.0_b04c8d1ceb2f5cd4588862100d08de323dccfbaa.lock
2026-01-11 12:02:52,654 - fsspec.local - DEBUG - open file: /dss/dsshome1/00/ge95xod2/.cache/huggingface/datasets/wikimedia___wikipedia/20231101.hi/0.0.0/b04c8d1ceb2f5cd4588862100d08de323dccfbaa/dataset_info.json
2026-01-11 12:02:52,654 - filelock - DEBUG - Attempting to release lock 139826055170656 on /dss/dsshome1/00/ge95xod2/.cache/huggingface/datasets/_dss_dsshome1_00_ge95xod2_.cache_huggingface_datasets_wikimedia___wikipedia_20231101.hi_0.0.0_b04c8d1ceb2f5cd4588862100d08de323dccfbaa.lock
2026-01-11 12:02:52,654 - filelock - DEBUG - Lock 139826055170656 released on /dss/dsshome1/00/ge95xod2/.cache/huggingface/datasets/_dss_dsshome1_00_ge95xod2_.cache_huggingface_datasets_wikimedia___wikipedia_20231101.hi_0.0.0_b04c8d1ceb2f5cd4588862100d08de323dccfbaa.lock
2026-01-11 12:02:52,814 - filelock - DEBUG - Attempting to acquire lock 139826057821152 on /dss/dsshome1/00/ge95xod2/.cache/huggingface/datasets/wikimedia___wikipedia/20231101.hi/0.0.0/b04c8d1ceb2f5cd4588862100d08de323dccfbaa_builder.lock
2026-01-11 12:02:52,815 - filelock - DEBUG - Lock 139826057821152 acquired on /dss/dsshome1/00/ge95xod2/.cache/huggingface/datasets/wikimedia___wikipedia/20231101.hi/0.0.0/b04c8d1ceb2f5cd4588862100d08de323dccfbaa_builder.lock
2026-01-11 12:02:52,815 - fsspec.local - DEBUG - open file: /dss/dsshome1/00/ge95xod2/.cache/huggingface/datasets/wikimedia___wikipedia/20231101.hi/0.0.0/b04c8d1ceb2f5cd4588862100d08de323dccfbaa/dataset_info.json
2026-01-11 12:02:52,815 - filelock - DEBUG - Attempting to release lock 139826057821152 on /dss/dsshome1/00/ge95xod2/.cache/huggingface/datasets/wikimedia___wikipedia/20231101.hi/0.0.0/b04c8d1ceb2f5cd4588862100d08de323dccfbaa_builder.lock
2026-01-11 12:02:52,815 - filelock - DEBUG - Lock 139826057821152 released on /dss/dsshome1/00/ge95xod2/.cache/huggingface/datasets/wikimedia___wikipedia/20231101.hi/0.0.0/b04c8d1ceb2f5cd4588862100d08de323dccfbaa_builder.lock
2026-01-11 12:02:54,561 - src.data_processing.downloaders.wiki_downloader - INFO - ✓ Dataset loaded: 163,093 articles available
2026-01-11 12:02:54,561 - src.data_processing.downloaders.wiki_downloader - INFO - Processing 100,000 articles...
2026-01-11 12:03:06,328 - src.data_processing.downloaders.wiki_downloader - INFO -   Processed: 5,000 | Kept: 3,052 | Filtered: 1,948
2026-01-11 12:03:09,744 - src.data_processing.downloaders.wiki_downloader - INFO -   Processed: 10,000 | Kept: 7,430 | Filtered: 2,570
2026-01-11 12:03:15,554 - src.data_processing.downloaders.wiki_downloader - INFO -   Processed: 15,000 | Kept: 11,271 | Filtered: 3,729
2026-01-11 12:03:21,435 - src.data_processing.downloaders.wiki_downloader - INFO -   Processed: 20,000 | Kept: 15,013 | Filtered: 4,987
2026-01-11 12:03:26,461 - src.data_processing.downloaders.wiki_downloader - INFO -   Processed: 25,000 | Kept: 18,744 | Filtered: 6,256
2026-01-11 12:03:29,367 - src.data_processing.downloaders.wiki_downloader - INFO -   Processed: 30,000 | Kept: 23,149 | Filtered: 6,851
2026-01-11 12:03:32,478 - src.data_processing.downloaders.wiki_downloader - INFO -   Processed: 35,000 | Kept: 27,663 | Filtered: 7,337
2026-01-11 12:03:33,965 - src.data_processing.downloaders.wiki_downloader - INFO -   Processed: 40,000 | Kept: 32,500 | Filtered: 7,500
2026-01-11 12:03:35,069 - src.data_processing.downloaders.wiki_downloader - INFO -   Processed: 45,000 | Kept: 37,424 | Filtered: 7,576
2026-01-11 12:03:41,234 - src.data_processing.downloaders.wiki_downloader - INFO -   Processed: 50,000 | Kept: 41,535 | Filtered: 8,465
2026-01-11 12:04:02,596 - src.data_processing.downloaders.wiki_downloader - INFO -   Processed: 55,000 | Kept: 44,076 | Filtered: 10,924
2026-01-11 12:04:08,517 - src.data_processing.downloaders.wiki_downloader - INFO -   Processed: 60,000 | Kept: 48,505 | Filtered: 11,495
2026-01-11 12:04:10,214 - src.data_processing.downloaders.wiki_downloader - INFO -   Processed: 65,000 | Kept: 53,497 | Filtered: 11,503
2026-01-11 12:04:12,583 - src.data_processing.downloaders.wiki_downloader - INFO -   Processed: 70,000 | Kept: 58,357 | Filtered: 11,643
2026-01-11 12:04:15,933 - src.data_processing.downloaders.wiki_downloader - INFO -   Processed: 75,000 | Kept: 63,019 | Filtered: 11,981
2026-01-11 12:04:21,716 - src.data_processing.downloaders.wiki_downloader - INFO -   Processed: 80,000 | Kept: 66,963 | Filtered: 13,037
2026-01-11 12:04:26,685 - src.data_processing.downloaders.wiki_downloader - INFO -   Processed: 85,000 | Kept: 71,020 | Filtered: 13,980
2026-01-11 12:04:31,808 - src.data_processing.downloaders.wiki_downloader - INFO -   Processed: 90,000 | Kept: 74,987 | Filtered: 15,013
2026-01-11 12:04:35,659 - src.data_processing.downloaders.wiki_downloader - INFO -   Processed: 95,000 | Kept: 79,308 | Filtered: 15,692
2026-01-11 12:04:39,536 - src.data_processing.downloaders.wiki_downloader - INFO -   Processed: 100,000 | Kept: 83,590 | Filtered: 16,410
2026-01-11 12:04:39,536 - src.data_processing.downloaders.wiki_downloader - INFO - 
✓ Wikipedia download complete!
2026-01-11 12:04:39,536 - src.data_processing.downloaders.wiki_downloader - INFO -   Total processed: 100,000
2026-01-11 12:04:39,537 - src.data_processing.downloaders.wiki_downloader - INFO -   Articles kept: 83,590
2026-01-11 12:04:39,537 - src.data_processing.downloaders.wiki_downloader - INFO -   Articles filtered: 16,410
2026-01-11 12:04:39,537 - src.data_processing.downloaders.wiki_downloader - INFO -   Total words: 6,307,129
2026-01-11 12:04:39,565 - src.data_processing.utils.data_provenance - DEBUG - Tracked raw data for wikipedia: 83,590 docs, 6,307,129 words
2026-01-11 12:04:39,852 - src.data_processing.utils.file_io - INFO - ✓ Saved 83,590 texts to data/raw/wikipedia.pkl
2026-01-11 12:04:39,853 - src.data_processing.downloaders.base_downloader - INFO - Initialized IndicDialogueLoader (output_dir: data/raw)
2026-01-11 12:04:39,853 - src.data_processing.downloaders.indicdialogue_loader - INFO - Initialized IndicDialogueLoader (file: data/raw/Hindi.jsonl)
2026-01-11 12:04:39,853 - src.data_processing.downloaders.indicdialogue_loader - INFO - 
Loading IndicDialogue from data/raw/Hindi.jsonl
2026-01-11 12:04:39,853 - src.data_processing.downloaders.indicdialogue_loader - INFO -   Settings: combine_dialogues=False, min_length=10
2026-01-11 12:04:40,352 - src.data_processing.downloaders.indicdialogue_loader - INFO -   Total movies in file: 3,542
2026-01-11 12:04:52,151 - src.data_processing.downloaders.indicdialogue_loader - INFO -   Processed: 500 movies | Extracted: 139,104 dialogues
2026-01-11 12:05:04,125 - src.data_processing.downloaders.indicdialogue_loader - INFO -   Processed: 1,000 movies | Extracted: 303,228 dialogues
2026-01-11 12:05:15,455 - src.data_processing.downloaders.indicdialogue_loader - INFO -   Processed: 1,500 movies | Extracted: 514,663 dialogues
2026-01-11 12:05:27,234 - src.data_processing.downloaders.indicdialogue_loader - INFO -   Processed: 2,000 movies | Extracted: 819,623 dialogues
2026-01-11 12:05:37,570 - src.data_processing.downloaders.indicdialogue_loader - INFO -   Processed: 2,500 movies | Extracted: 1,108,132 dialogues
2026-01-11 12:05:48,107 - src.data_processing.downloaders.indicdialogue_loader - INFO -   Processed: 3,000 movies | Extracted: 1,398,228 dialogues
2026-01-11 12:05:59,457 - src.data_processing.downloaders.indicdialogue_loader - INFO -   Processed: 3,500 movies | Extracted: 1,702,824 dialogues
2026-01-11 12:06:00,468 - src.data_processing.downloaders.indicdialogue_loader - INFO - 
✓ IndicDialogue loading complete!
2026-01-11 12:06:00,468 - src.data_processing.downloaders.indicdialogue_loader - INFO -   Movies processed: 3,542
2026-01-11 12:06:00,468 - src.data_processing.downloaders.indicdialogue_loader - INFO -   Dialogues extracted: 1,731,618
2026-01-11 12:06:00,468 - src.data_processing.downloaders.indicdialogue_loader - INFO -   Dialogues filtered: 955,334
2026-01-11 12:06:00,468 - src.data_processing.downloaders.indicdialogue_loader - INFO -   Total words: 13,273,977
2026-01-11 12:06:00,468 - src.data_processing.utils.data_provenance - DEBUG - Tracked raw data for indicdialogue: 1,731,618 docs, 13,273,977 words
2026-01-11 12:06:02,041 - src.data_processing.utils.file_io - INFO - ✓ Saved 1,731,618 texts to data/raw/indicdialogue.pkl
2026-01-11 12:06:02,041 - src.data_processing.childrens_books - INFO - Starting children's story collection...
2026-01-11 12:06:02,041 - src.data_processing.childrens_books - INFO - 
1. Collecting from StoryWeaver API...
2026-01-11 12:06:02,244 - src.data_processing.utils.http_utils - WARNING - GET https://storyweaver.org.in/api/v1/books-search returned status 403
2026-01-11 12:06:02,244 - src.data_processing.childrens_books - WARNING - API returned status None for page 1
2026-01-11 12:06:04,172 - src.data_processing.utils.http_utils - WARNING - GET https://storyweaver.org.in/api/v1/books-search returned status 403
2026-01-11 12:06:04,174 - src.data_processing.childrens_books - WARNING - API returned status None for page 2
2026-01-11 12:06:06,160 - src.data_processing.utils.http_utils - WARNING - GET https://storyweaver.org.in/api/v1/books-search returned status 403
2026-01-11 12:06:06,162 - src.data_processing.childrens_books - WARNING - API returned status None for page 3
2026-01-11 12:06:08,153 - src.data_processing.utils.http_utils - WARNING - GET https://storyweaver.org.in/api/v1/books-search returned status 403
2026-01-11 12:06:08,154 - src.data_processing.childrens_books - WARNING - API returned status None for page 4
2026-01-11 12:06:10,163 - src.data_processing.utils.http_utils - WARNING - GET https://storyweaver.org.in/api/v1/books-search returned status 403
2026-01-11 12:06:10,165 - src.data_processing.childrens_books - WARNING - API returned status None for page 5
2026-01-11 12:06:12,166 - src.data_processing.utils.http_utils - WARNING - GET https://storyweaver.org.in/api/v1/books-search returned status 403
2026-01-11 12:06:12,169 - src.data_processing.childrens_books - WARNING - API returned status None for page 6
2026-01-11 12:06:14,172 - src.data_processing.utils.http_utils - WARNING - GET https://storyweaver.org.in/api/v1/books-search returned status 403
2026-01-11 12:06:14,174 - src.data_processing.childrens_books - WARNING - API returned status None for page 7
2026-01-11 12:06:16,164 - src.data_processing.utils.http_utils - WARNING - GET https://storyweaver.org.in/api/v1/books-search returned status 403
2026-01-11 12:06:16,166 - src.data_processing.childrens_books - WARNING - API returned status None for page 8
2026-01-11 12:06:18,182 - src.data_processing.utils.http_utils - WARNING - GET https://storyweaver.org.in/api/v1/books-search returned status 403
2026-01-11 12:06:18,184 - src.data_processing.childrens_books - WARNING - API returned status None for page 9
2026-01-11 12:06:20,172 - src.data_processing.utils.http_utils - WARNING - GET https://storyweaver.org.in/api/v1/books-search returned status 403
2026-01-11 12:06:20,173 - src.data_processing.childrens_books - WARNING - API returned status None for page 10
2026-01-11 12:06:22,175 - src.data_processing.utils.http_utils - WARNING - GET https://storyweaver.org.in/api/v1/books-search returned status 403
2026-01-11 12:06:22,177 - src.data_processing.childrens_books - WARNING - API returned status None for page 11
2026-01-11 12:06:24,163 - src.data_processing.utils.http_utils - WARNING - GET https://storyweaver.org.in/api/v1/books-search returned status 403
2026-01-11 12:06:24,165 - src.data_processing.childrens_books - WARNING - API returned status None for page 12
2026-01-11 12:06:26,166 - src.data_processing.utils.http_utils - WARNING - GET https://storyweaver.org.in/api/v1/books-search returned status 403
2026-01-11 12:06:26,168 - src.data_processing.childrens_books - WARNING - API returned status None for page 13
2026-01-11 12:06:28,177 - src.data_processing.utils.http_utils - WARNING - GET https://storyweaver.org.in/api/v1/books-search returned status 403
2026-01-11 12:06:28,179 - src.data_processing.childrens_books - WARNING - API returned status None for page 14
2026-01-11 12:06:30,186 - src.data_processing.utils.http_utils - WARNING - GET https://storyweaver.org.in/api/v1/books-search returned status 403
2026-01-11 12:06:30,188 - src.data_processing.childrens_books - WARNING - API returned status None for page 15
2026-01-11 12:06:32,173 - src.data_processing.utils.http_utils - WARNING - GET https://storyweaver.org.in/api/v1/books-search returned status 403
2026-01-11 12:06:32,175 - src.data_processing.childrens_books - WARNING - API returned status None for page 16
2026-01-11 12:06:34,200 - src.data_processing.utils.http_utils - WARNING - GET https://storyweaver.org.in/api/v1/books-search returned status 403
2026-01-11 12:06:34,202 - src.data_processing.childrens_books - WARNING - API returned status None for page 17
2026-01-11 12:06:36,179 - src.data_processing.utils.http_utils - WARNING - GET https://storyweaver.org.in/api/v1/books-search returned status 403
2026-01-11 12:06:36,180 - src.data_processing.childrens_books - WARNING - API returned status None for page 18
2026-01-11 12:06:38,194 - src.data_processing.utils.http_utils - WARNING - GET https://storyweaver.org.in/api/v1/books-search returned status 403
2026-01-11 12:06:38,195 - src.data_processing.childrens_books - WARNING - API returned status None for page 19
2026-01-11 12:06:40,190 - src.data_processing.utils.http_utils - WARNING - GET https://storyweaver.org.in/api/v1/books-search returned status 403
2026-01-11 12:06:40,192 - src.data_processing.childrens_books - WARNING - API returned status None for page 20
2026-01-11 12:06:40,194 - src.data_processing.childrens_books - INFO -    Collected 0 stories from StoryWeaver
2026-01-11 12:06:40,194 - src.data_processing.childrens_books - WARNING - Could not collect any children's stories from StoryWeaver
2026-01-11 12:06:40,194 - src.data_processing.childrens_books - WARNING - Continuing pipeline without children's stories data
2026-01-11 12:06:40,194 - src.data_processing.utils.data_provenance - DEBUG - Tracked raw data for childrens_books: 0 docs, 0 words
2026-01-11 12:06:40,196 - src.data_processing.utils.file_io - INFO - ✓ Saved 0 texts to data/raw/childrens_stories.pkl
2026-01-11 12:06:40,197 - root - INFO -    Collected 1,965,208 raw documents
2026-01-11 12:06:40,197 - root - INFO - 
🔧 Processing and filtering data...
2026-01-11 12:11:42,084 - src.data_processing.utils.data_provenance - DEBUG - Tracked deduplication for indiccorp: 41/74,218 removed
2026-01-11 12:14:02,625 - src.data_processing.utils.data_provenance - DEBUG - Tracked deduplication for wikipedia: 35,166/64,986 removed
2026-01-11 12:30:49,762 - src.data_processing.utils.data_provenance - DEBUG - Tracked deduplication for indicdialogue: 8,423/378,358 removed
2026-01-11 12:30:49,819 - src.data_processing.utils.data_provenance - DEBUG - Tracked deduplication for childrens_books: 0/0 removed
2026-01-11 12:30:49,913 - root - INFO -    After processing: 473,932 documents across 4 sources
2026-01-11 12:30:49,914 - root - INFO - 
✂️  Creating balanced train/val/test splits with separate word limits...
2026-01-11 12:30:51,743 - src.data_processing.utils.data_provenance - DEBUG - Tracked val split for indiccorp: 20,794 docs, 927,871 words
2026-01-11 12:30:51,744 - src.data_processing.utils.data_provenance - DEBUG - Tracked test split for indiccorp: 20,593 docs, 927,789 words
2026-01-11 12:30:51,744 - src.data_processing.utils.data_provenance - DEBUG - Tracked train split for indiccorp: 32,788 docs, 1,465,041 words
2026-01-11 12:30:51,744 - src.data_processing.utils.data_provenance - DEBUG - Tracked val split for wikipedia: 10,035 docs, 848,392 words
2026-01-11 12:30:51,744 - src.data_processing.utils.data_provenance - DEBUG - Tracked test split for wikipedia: 10,087 docs, 848,495 words
2026-01-11 12:30:51,744 - src.data_processing.utils.data_provenance - DEBUG - Tracked train split for wikipedia: 9,694 docs, 803,873 words
2026-01-11 12:30:51,744 - src.data_processing.utils.data_provenance - DEBUG - Tracked val split for indicdialogue: 149,430 docs, 1,314,029 words
2026-01-11 12:30:51,744 - src.data_processing.utils.data_provenance - DEBUG - Tracked test split for indicdialogue: 149,719 docs, 1,314,025 words
2026-01-11 12:30:51,744 - src.data_processing.utils.data_provenance - DEBUG - Tracked train split for indicdialogue: 70,784 docs, 622,430 words
2026-01-11 12:30:57,319 - root - INFO - 
💾 Saving splits to disk...
2026-01-11 12:30:57,707 - src.data_processing.utils.data_provenance - INFO - ✓ Saved data provenance report to results/data_processing/data_provenance_report.json
2026-01-11 12:30:57,708 - root - INFO -    Saved to: data/splits
2026-01-11 12:30:57,708 - root - INFO - 
✅ Data processing completed successfully!
2026-01-11 12:30:58,174 - root - INFO - ✓ Memory cleanup after data processing completed
2026-01-11 12:30:58,174 - root - INFO - Starting model training stage...
2026-01-11 12:30:58,175 - root - INFO - 
🔤 Creating tokenizer...
2026-01-11 12:30:59,612 - root - INFO -    Tokenizer saved to: results/gpt_10M_baseline_finetuned_8K_Vocab/tokenizer
2026-01-11 12:30:59,612 - root - INFO -    Vocabulary size: 8,192
2026-01-11 12:30:59,612 - root - INFO - 
🏗️  Creating model...
2026-01-11 12:31:00,967 - root - INFO -    Total parameters: 91,740,672
2026-01-11 12:31:00,967 - root - INFO -    Trainable parameters: 91,740,672
2026-01-11 12:31:00,967 - root - INFO - 
👨‍🏫 Initializing trainer...
2026-01-11 12:31:00,967 - root - INFO -    Added experiment_tracking config to trainer
2026-01-11 12:31:00,967 - src.utils.seed_manager - INFO - Setting all seeds to 42
2026-01-11 12:31:00,967 - src.utils.seed_manager - DEBUG - ✓ Python random seed set
2026-01-11 12:31:00,967 - src.utils.seed_manager - DEBUG - ✓ NumPy seed set
2026-01-11 12:31:00,969 - src.utils.seed_manager - DEBUG - ✓ PyTorch CPU seed set
2026-01-11 12:31:00,970 - src.utils.seed_manager - DEBUG - ✓ PyTorch CUDA seeds set
2026-01-11 12:31:00,970 - src.utils.seed_manager - INFO - Enabling deterministic mode for PyTorch
2026-01-11 12:31:00,970 - src.utils.seed_manager - DEBUG - ✓ PyTorch deterministic algorithms enabled
2026-01-11 12:31:00,970 - src.utils.seed_manager - DEBUG - ✓ CuDNN deterministic mode enabled
2026-01-11 12:31:00,970 - src.utils.seed_manager - WARNING - CuDNN benchmark disabled - may reduce training speed
2026-01-11 12:31:03,520 - src.training.trainer - INFO - Model moved to device: cuda with bf16 precision
2026-01-11 12:31:03,521 - src.training.trainer - INFO - Created ADAMW optimizer with lr=0.0003
2026-01-11 12:31:03,521 - src.training.trainer - INFO - Trainer initialized successfully
2026-01-11 12:31:03,521 - root - INFO - 
📊 Creating data loaders...
2026-01-11 12:31:03,575 - root - INFO -    Train batches: 3,540
2026-01-11 12:31:03,576 - root - INFO -    Val batches:   5,634
2026-01-11 12:31:03,576 - root - INFO - 
🚀 Starting training...
2026-01-11 12:31:03,576 - root - INFO -    Epochs: 10
2026-01-11 12:31:03,576 - root - INFO -    Batch size: 32
2026-01-11 12:31:03,576 - root - INFO -    Learning rate: 0.0005
2026-01-11 12:31:03,576 - src.training.trainer - INFO - Creating cosine_with_warmup scheduler with 1000 warmup steps
2026-01-11 12:31:03,576 - src.training.trainer - INFO - Initializing W&B...
2026-01-11 12:31:03,576 - src.training.trainer - INFO - W&B project: hindi-babylm
2026-01-11 12:31:03,576 - src.training.trainer - INFO - W&B entity: not set
2026-01-11 12:31:03,576 - src.training.trainer - INFO - W&B mode: online
2026-01-11 12:31:03,581 - asyncio - DEBUG - Using selector: EpollSelector
2026-01-11 12:31:03,588 - git.util - DEBUG - sys.platform='linux', git_executable='git'
2026-01-11 12:31:03,594 - git.cmd - DEBUG - Popen(['git', 'rev-parse', '--show-toplevel'], cwd=/dss/dsshome1/00/ge95xod2/Hindi-BabyLM-Data-Efficient-Language-Modeling-for-Hindi, stdin=None, shell=False, universal_newlines=False)
2026-01-11 12:31:05,341 - git.util - DEBUG - sys.platform='linux', git_executable='git'
2026-01-11 12:31:05,346 - git.cmd - DEBUG - Popen(['git', 'cat-file', '--batch-check'], cwd=/dss/dsshome1/00/ge95xod2/Hindi-BabyLM-Data-Efficient-Language-Modeling-for-Hindi, stdin=<valid stream>, shell=False, universal_newlines=False)
2026-01-11 12:31:08,874 - src.training.trainer - INFO - ✓ W&B initialized successfully
2026-01-11 12:31:08,876 - src.training.trainer - INFO - ✓ View your run at: https://wandb.ai/ayushtalreja1-technische-universit-t-m-nchen/hindi-babylm/runs/6yasj329
2026-01-11 12:31:08,877 - src.training.trainer - INFO - Starting training for 10 epochs
2026-01-11 12:31:08,877 - src.training.trainer - INFO -   Total steps: 35400
2026-01-11 12:31:08,878 - src.training.trainer - INFO -   Steps per epoch: 3540
2026-01-11 12:31:08,878 - src.training.trainer - INFO -   Batch size: 32
2026-01-11 12:31:08,879 - src.training.trainer - INFO -   Gradient accumulation steps: 1
2026-01-11 12:31:08,879 - src.training.trainer - INFO -   Effective batch size: 32
2026-01-11 12:31:08,880 - src.training.trainer - INFO - 
============================================================
2026-01-11 12:31:08,881 - src.training.trainer - INFO - Epoch 1/10
2026-01-11 12:31:08,881 - src.training.trainer - INFO - ============================================================
2026-01-11 12:51:34,735 - src.training.trainer - INFO - Train Loss: 0.4311
2026-01-11 12:51:34,737 - src.training.trainer - INFO - Val Loss: 0.2333
2026-01-11 12:51:34,738 - src.training.trainer - INFO - Perplexity: 1.26
2026-01-11 12:51:34,740 - src.training.trainer - INFO - ✓ Validation loss improved from inf to 0.2333
2026-01-11 12:51:35,510 - src.training.trainer - INFO - Checkpoint saved: results/gpt_10M_baseline_finetuned_8K_Vocab/models/best.pt
2026-01-11 12:51:35,512 - src.training.trainer - INFO - 
============================================================
2026-01-11 12:51:35,513 - src.training.trainer - INFO - Epoch 2/10
2026-01-11 12:51:35,514 - src.training.trainer - INFO - ============================================================
2026-01-11 13:11:56,409 - src.training.trainer - INFO - Train Loss: 0.3371
2026-01-11 13:11:56,411 - src.training.trainer - INFO - Val Loss: 0.2174
2026-01-11 13:11:56,412 - src.training.trainer - INFO - Perplexity: 1.24
2026-01-11 13:11:56,414 - src.training.trainer - INFO - ✓ Validation loss improved from 0.2333 to 0.2174
2026-01-11 13:11:57,108 - src.training.trainer - INFO - Checkpoint saved: results/gpt_10M_baseline_finetuned_8K_Vocab/models/best.pt
2026-01-11 13:11:57,109 - src.training.trainer - INFO - 
============================================================
2026-01-11 13:11:57,110 - src.training.trainer - INFO - Epoch 3/10
2026-01-11 13:11:57,112 - src.training.trainer - INFO - ============================================================
2026-01-11 13:32:18,313 - src.training.trainer - INFO - Train Loss: 0.3159
2026-01-11 13:32:18,314 - src.training.trainer - INFO - Val Loss: 0.2092
2026-01-11 13:32:18,316 - src.training.trainer - INFO - Perplexity: 1.23
2026-01-11 13:32:18,318 - src.training.trainer - INFO - ✓ Validation loss improved from 0.2174 to 0.2092
2026-01-11 13:32:19,082 - src.training.trainer - INFO - Checkpoint saved: results/gpt_10M_baseline_finetuned_8K_Vocab/models/best.pt
2026-01-11 13:32:19,083 - src.training.trainer - INFO - 
============================================================
2026-01-11 13:32:19,084 - src.training.trainer - INFO - Epoch 4/10
2026-01-11 13:32:19,085 - src.training.trainer - INFO - ============================================================
2026-01-11 13:52:40,272 - src.training.trainer - INFO - Train Loss: 0.3019
2026-01-11 13:52:40,273 - src.training.trainer - INFO - Val Loss: 0.2038
2026-01-11 13:52:40,274 - src.training.trainer - INFO - Perplexity: 1.23
2026-01-11 13:52:40,275 - src.training.trainer - INFO - ✓ Validation loss improved from 0.2092 to 0.2038
2026-01-11 13:52:41,091 - src.training.trainer - INFO - Checkpoint saved: results/gpt_10M_baseline_finetuned_8K_Vocab/models/best.pt
2026-01-11 13:52:41,093 - src.training.trainer - INFO - 
============================================================
2026-01-11 13:52:41,093 - src.training.trainer - INFO - Epoch 5/10
2026-01-11 13:52:41,094 - src.training.trainer - INFO - ============================================================
2026-01-11 14:13:02,882 - src.training.trainer - INFO - Train Loss: 0.2909
2026-01-11 14:13:02,896 - src.training.trainer - INFO - Val Loss: 0.2003
2026-01-11 14:13:02,897 - src.training.trainer - INFO - Perplexity: 1.22
2026-01-11 14:13:02,898 - src.training.trainer - INFO - ✓ Validation loss improved from 0.2038 to 0.2003
2026-01-11 14:13:03,567 - src.training.trainer - INFO - Checkpoint saved: results/gpt_10M_baseline_finetuned_8K_Vocab/models/best.pt
2026-01-11 14:13:03,569 - src.training.trainer - INFO - 
============================================================
2026-01-11 14:13:03,570 - src.training.trainer - INFO - Epoch 6/10
2026-01-11 14:13:03,571 - src.training.trainer - INFO - ============================================================
2026-01-11 14:33:23,997 - src.training.trainer - INFO - Train Loss: 0.2816
2026-01-11 14:33:23,998 - src.training.trainer - INFO - Val Loss: 0.1978
2026-01-11 14:33:23,998 - src.training.trainer - INFO - Perplexity: 1.22
2026-01-11 14:33:24,000 - src.training.trainer - INFO - ✓ Validation loss improved from 0.2003 to 0.1978
2026-01-11 14:33:24,698 - src.training.trainer - INFO - Checkpoint saved: results/gpt_10M_baseline_finetuned_8K_Vocab/models/best.pt
2026-01-11 14:33:24,699 - src.training.trainer - INFO - 
============================================================
2026-01-11 14:33:24,700 - src.training.trainer - INFO - Epoch 7/10
2026-01-11 14:33:24,701 - src.training.trainer - INFO - ============================================================
2026-01-11 14:53:45,998 - src.training.trainer - INFO - Train Loss: 0.2742
2026-01-11 14:53:46,000 - src.training.trainer - INFO - Val Loss: 0.1968
2026-01-11 14:53:46,001 - src.training.trainer - INFO - Perplexity: 1.22
2026-01-11 14:53:46,004 - src.training.trainer - INFO - No improvement for 1 epoch(s)
2026-01-11 14:53:46,006 - src.training.trainer - INFO - 
============================================================
2026-01-11 14:53:46,008 - src.training.trainer - INFO - Epoch 8/10
2026-01-11 14:53:46,009 - src.training.trainer - INFO - ============================================================
2026-01-11 15:14:07,625 - src.training.trainer - INFO - Train Loss: 0.2696
2026-01-11 15:14:07,626 - src.training.trainer - INFO - Val Loss: 0.1965
2026-01-11 15:14:07,627 - src.training.trainer - INFO - Perplexity: 1.22
2026-01-11 15:14:07,628 - src.training.trainer - INFO - ✓ Validation loss improved from 0.1978 to 0.1965
2026-01-11 15:14:08,281 - src.training.trainer - INFO - Checkpoint saved: results/gpt_10M_baseline_finetuned_8K_Vocab/models/best.pt
2026-01-11 15:14:08,282 - src.training.trainer - INFO - 
============================================================
2026-01-11 15:14:08,285 - src.training.trainer - INFO - Epoch 9/10
2026-01-11 15:14:08,286 - src.training.trainer - INFO - ============================================================
2026-01-11 15:34:30,201 - src.training.trainer - INFO - Train Loss: 0.2679
2026-01-11 15:34:30,202 - src.training.trainer - INFO - Val Loss: 0.1966
2026-01-11 15:34:30,203 - src.training.trainer - INFO - Perplexity: 1.22
2026-01-11 15:34:30,204 - src.training.trainer - INFO - No improvement for 1 epoch(s)
2026-01-11 15:34:30,205 - src.training.trainer - INFO - 
============================================================
2026-01-11 15:34:30,205 - src.training.trainer - INFO - Epoch 10/10
2026-01-11 15:34:30,206 - src.training.trainer - INFO - ============================================================
2026-01-11 15:54:53,356 - src.training.trainer - INFO - Train Loss: 0.2676
2026-01-11 15:54:53,357 - src.training.trainer - INFO - Val Loss: 0.1966
2026-01-11 15:54:53,358 - src.training.trainer - INFO - Perplexity: 1.22
2026-01-11 15:54:53,359 - src.training.trainer - INFO - No improvement for 2 epoch(s)
2026-01-11 15:54:53,360 - src.training.trainer - INFO - 
============================================================
2026-01-11 15:54:53,360 - src.training.trainer - INFO - Training completed!
2026-01-11 15:54:53,361 - src.training.trainer - INFO - Best validation loss: 0.1965
2026-01-11 15:54:53,361 - src.training.trainer - INFO - ============================================================
2026-01-11 15:54:54,613 - root - INFO - 
💾 Saving training summary...
2026-01-11 15:54:54,632 - root - INFO -    Summary saved to: results/gpt_10M_baseline_finetuned_8K_Vocab/training_summary.json
2026-01-11 15:54:54,632 - root - INFO - 
✅ Model training completed successfully!
2026-01-11 15:54:55,431 - root - INFO - ✓ Memory cleanup after training completed
2026-01-11 15:54:55,431 - root - INFO - Starting evaluation stage...
2026-01-11 15:54:55,432 - root - INFO - 
📋 Initializing evaluation manager...
2026-01-11 15:54:55,432 - root - INFO -    Added evaluation config to evaluator
2026-01-11 15:54:55,432 - src.evaluation.indicglue_evaluator - INFO - IndicGLUE evaluator initialized on device: cuda:0
2026-01-11 15:54:55,432 - src.evaluation.indicglue_evaluator - INFO - Max sequence length: 512 tokens (IndicBERT paper uses 128)
2026-01-11 15:54:55,432 - src.evaluation.indicglue_evaluator - INFO - Tokenizer pad_token: <pad> (id: 0)
2026-01-11 15:54:55,432 - src.evaluation.indicglue_evaluator - INFO - Model type detected: Language Model
2026-01-11 15:54:55,432 - src.evaluation.indicglue_evaluator - INFO - Initialized TaskRegistry with 8 tasks
2026-01-11 15:54:55,433 - src.evaluation.metrics_utils - DEBUG - MetricsAggregator initialized: bootstrap_samples=1000, confidence_level=0.95
2026-01-11 15:54:55,433 - src.evaluation.indicglue_evaluator - INFO - Label validation mode: STRICT (invalid labels will raise errors)
2026-01-11 15:54:55,434 - src.evaluation.evaluation_cache - INFO - Evaluation cache initialized at: .eval_cache
2026-01-11 15:54:55,434 - src.evaluation.evaluation_cache - INFO - Cache expiration: 30 days
2026-01-11 15:54:55,434 - src.evaluation.indicglue_evaluator - INFO - Evaluation mode initialized: zero-shot (will switch to fine-tuned after training)
2026-01-11 15:54:55,434 - src.evaluation.indicglue_evaluator - INFO - Initialized TaskDataExtractor
2026-01-11 15:54:55,434 - src.evaluation.indicglue_evaluator - INFO - Initialized DataLoaderFactory
2026-01-11 15:54:55,434 - src.evaluation.indicglue_evaluator - INFO - Initialized evaluation strategies (Classification, MC, Perplexity)
2026-01-11 15:54:55,434 - src.evaluation.indicglue_evaluator - INFO - Using internal _get_model_for_task for fine-tuning
2026-01-11 15:54:55,434 - src.evaluation.indicglue.fine_tuning_manager - INFO - FineTuningManager initialized: freeze_base=False, use_auto_models=False, lr=3e-05, epochs=10, batch_size=16, grad_accum=2, warmup_ratio=0.15, scheduler_type=cosine, weight_decay=0.05, dropout=0.15, max_grad_norm=0.5, label_smoothing=0.05, patience=5, min_delta=0.005
2026-01-11 15:54:55,447 - src.evaluation.indicglue_evaluator - INFO - Initialized FineTuningManager (refactored with config, dataloader_factory, model_provider)
2026-01-11 15:54:55,448 - src.evaluation.indicglue_evaluator - INFO - Initialized ResultVisualizer
2026-01-11 15:54:55,448 - src.evaluation.multiblimp_evaluator - INFO - Final model type for MultiBLiMP: HindiGPTModel
2026-01-11 15:54:55,448 - src.evaluation.multiblimp_evaluator - INFO - Model module: src.models.gpt_model
2026-01-11 15:54:55,448 - src.evaluation.multiblimp_evaluator - INFO - Model has 60 public attributes
2026-01-11 15:54:55,448 - src.evaluation.multiblimp_evaluator - DEBUG - Model attributes: ['MODEL_SIZES', 'T_destination', 'add_module', 'apply', 'bfloat16', 'buffers', 'call_super_init', 'children', 'compile', 'config', 'cpu', 'cuda', 'double', 'dump_patches', 'eval', 'extra_repr', 'float', 'forward', 'generate', 'get_buffer', 'get_extra_state', 'get_parameter', 'get_submodule', 'half', 'ipu', 'load_state_dict', 'model', 'modules', 'mtia', 'named_buffers', 'named_children', 'named_modules', 'named_parameters', 'num_parameters', 'parameters', 'register_backward_hook', 'register_buffer', 'register_forward_hook', 'register_forward_pre_hook', 'register_full_backward_hook', 'register_full_backward_pre_hook', 'register_load_state_dict_post_hook', 'register_load_state_dict_pre_hook', 'register_module', 'register_parameter', 'register_state_dict_post_hook', 'register_state_dict_pre_hook', 'requires_grad_', 'set_extra_state', 'set_submodule', 'share_memory', 'smart_apply', 'state_dict', 'to', 'to_empty', 'train', 'training', 'type', 'xpu', 'zero_grad']
2026-01-11 15:54:55,448 - src.evaluation.multiblimp_evaluator - INFO - MultiBLiMP evaluator initialized on device: cuda:0
2026-01-11 15:54:55,448 - src.evaluation.multiblimp_evaluator - INFO - Attempting to load MultiBLiMP dataset from HuggingFace (jumelet/multiblimp)...
2026-01-11 15:54:57,624 - filelock - DEBUG - Attempting to acquire lock 139825235571472 on /dss/dsshome1/00/ge95xod2/.cache/huggingface/datasets/_dss_dsshome1_00_ge95xod2_.cache_huggingface_datasets_jumelet___multiblimp_hin_0.0.0_de923efa8d2483d6b13364ee68e65308e990a991.lock
2026-01-11 15:54:57,626 - filelock - DEBUG - Lock 139825235571472 acquired on /dss/dsshome1/00/ge95xod2/.cache/huggingface/datasets/_dss_dsshome1_00_ge95xod2_.cache_huggingface_datasets_jumelet___multiblimp_hin_0.0.0_de923efa8d2483d6b13364ee68e65308e990a991.lock
2026-01-11 15:54:57,628 - fsspec.local - DEBUG - open file: /dss/dsshome1/00/ge95xod2/.cache/huggingface/datasets/jumelet___multiblimp/hin/0.0.0/de923efa8d2483d6b13364ee68e65308e990a991/dataset_info.json
2026-01-11 15:54:57,629 - filelock - DEBUG - Attempting to release lock 139825235571472 on /dss/dsshome1/00/ge95xod2/.cache/huggingface/datasets/_dss_dsshome1_00_ge95xod2_.cache_huggingface_datasets_jumelet___multiblimp_hin_0.0.0_de923efa8d2483d6b13364ee68e65308e990a991.lock
2026-01-11 15:54:57,629 - filelock - DEBUG - Lock 139825235571472 released on /dss/dsshome1/00/ge95xod2/.cache/huggingface/datasets/_dss_dsshome1_00_ge95xod2_.cache_huggingface_datasets_jumelet___multiblimp_hin_0.0.0_de923efa8d2483d6b13364ee68e65308e990a991.lock
2026-01-11 15:54:57,632 - filelock - DEBUG - Attempting to acquire lock 139825173404496 on /dss/dsshome1/00/ge95xod2/.cache/huggingface/datasets/jumelet___multiblimp/hin/0.0.0/de923efa8d2483d6b13364ee68e65308e990a991_builder.lock
2026-01-11 15:54:57,652 - filelock - DEBUG - Lock 139825173404496 acquired on /dss/dsshome1/00/ge95xod2/.cache/huggingface/datasets/jumelet___multiblimp/hin/0.0.0/de923efa8d2483d6b13364ee68e65308e990a991_builder.lock
2026-01-11 15:54:57,652 - fsspec.local - DEBUG - open file: /dss/dsshome1/00/ge95xod2/.cache/huggingface/datasets/jumelet___multiblimp/hin/0.0.0/de923efa8d2483d6b13364ee68e65308e990a991/dataset_info.json
2026-01-11 15:54:57,653 - filelock - DEBUG - Attempting to release lock 139825173404496 on /dss/dsshome1/00/ge95xod2/.cache/huggingface/datasets/jumelet___multiblimp/hin/0.0.0/de923efa8d2483d6b13364ee68e65308e990a991_builder.lock
2026-01-11 15:54:57,653 - filelock - DEBUG - Lock 139825173404496 released on /dss/dsshome1/00/ge95xod2/.cache/huggingface/datasets/jumelet___multiblimp/hin/0.0.0/de923efa8d2483d6b13364ee68e65308e990a991_builder.lock
2026-01-11 15:54:57,738 - src.evaluation.multiblimp_evaluator - INFO - Successfully loaded external dataset with 1447 examples
2026-01-11 15:54:58,297 - src.evaluation.multiblimp_evaluator - INFO - Converted to 1447 minimal pairs across 5 phenomena
2026-01-11 15:54:58,297 - src.evaluation.multiblimp_evaluator - DEBUG -   SP-#: 100 pairs
2026-01-11 15:54:58,297 - src.evaluation.multiblimp_evaluator - DEBUG -   SP-G: 109 pairs
2026-01-11 15:54:58,297 - src.evaluation.multiblimp_evaluator - DEBUG -   SV-#: 407 pairs
2026-01-11 15:54:58,297 - src.evaluation.multiblimp_evaluator - DEBUG -   SV-G: 419 pairs
2026-01-11 15:54:58,297 - src.evaluation.multiblimp_evaluator - DEBUG -   SV-P: 412 pairs
2026-01-11 15:54:58,298 - src.evaluation.multiblimp_evaluator - INFO - MultiBLiMP test coverage: 1447 minimal pairs across 5 phenomena
2026-01-11 15:54:58,298 - src.evaluation.multiblimp_evaluator - INFO - Per-phenomenon test coverage:
2026-01-11 15:54:58,298 - src.evaluation.multiblimp_evaluator - INFO -   SP-#: 100 pairs
2026-01-11 15:54:58,298 - src.evaluation.multiblimp_evaluator - INFO -   SP-G: 109 pairs
2026-01-11 15:54:58,298 - src.evaluation.multiblimp_evaluator - INFO -   SV-#: 407 pairs
2026-01-11 15:54:58,298 - src.evaluation.multiblimp_evaluator - INFO -   SV-G: 419 pairs
2026-01-11 15:54:58,299 - src.evaluation.multiblimp_evaluator - INFO -   SV-P: 412 pairs
2026-01-11 15:54:58,299 - src.evaluation.multiblimp_evaluator - INFO - Validating model output structure...
2026-01-11 15:54:59,559 - src.evaluation.multiblimp_evaluator - DEBUG - Extracted logits for initialization sentence:
2026-01-11 15:54:59,560 - src.evaluation.multiblimp_evaluator - DEBUG -   Shape: torch.Size([1, 5, 8192])
2026-01-11 15:54:59,560 - src.evaluation.multiblimp_evaluator - DEBUG -   Dtype: torch.bfloat16
2026-01-11 15:54:59,560 - src.evaluation.multiblimp_evaluator - DEBUG -   Device: cuda:0
2026-01-11 15:54:59,560 - src.evaluation.multiblimp_evaluator - DEBUG -   Vocab size (last dim): 8192
2026-01-11 15:54:59,560 - src.evaluation.multiblimp_evaluator - INFO - ✓ Model validation passed!
2026-01-11 15:54:59,560 - src.evaluation.multiblimp_evaluator - INFO -   Output shape: torch.Size([1, 5, 8192])
2026-01-11 15:54:59,560 - src.evaluation.multiblimp_evaluator - INFO -   Vocabulary size: 8192
2026-01-11 15:54:59,560 - root - INFO - 
🔍 Running comprehensive evaluation...
2026-01-11 15:54:59,560 - root - INFO -    This may take several minutes...
2026-01-11 15:54:59,560 - root - INFO -    Enabled benchmarks: indicglue, multiblimp
2026-01-11 15:54:59,561 - src.evaluation.indicglue_evaluator - INFO - Starting IndicGLUE evaluation on all tasks...
2026-01-11 15:54:59,561 - src.evaluation.indicglue_evaluator - INFO - 
Evaluating BBCArticlesClassification...
2026-01-11 15:54:59,561 - src.evaluation.indicglue_evaluator - INFO - Fine-tuning mode enabled for BBCArticlesClassification
2026-01-11 15:54:59,561 - src.evaluation.indicglue_evaluator - INFO - Using original HuggingFace splits for BBCArticlesClassification
2026-01-11 15:54:59,561 - src.evaluation.indicglue_evaluator - INFO - Attempting to load BBCArticlesClassification from ai4bharat/indic_glue with config 'bbca.hi' (split=train)
2026-01-11 15:55:01,309 - filelock - DEBUG - Attempting to acquire lock 139825125140128 on /dss/dsshome1/00/ge95xod2/.cache/huggingface/datasets/_dss_dsshome1_00_ge95xod2_.cache_huggingface_datasets_ai4bharat___indic_glue_bbca.hi_0.0.0_6dcbebd49d6b12965d433bffcd07e9a786211703.lock
2026-01-11 15:55:01,311 - filelock - DEBUG - Lock 139825125140128 acquired on /dss/dsshome1/00/ge95xod2/.cache/huggingface/datasets/_dss_dsshome1_00_ge95xod2_.cache_huggingface_datasets_ai4bharat___indic_glue_bbca.hi_0.0.0_6dcbebd49d6b12965d433bffcd07e9a786211703.lock
2026-01-11 15:55:01,313 - fsspec.local - DEBUG - open file: /dss/dsshome1/00/ge95xod2/.cache/huggingface/datasets/ai4bharat___indic_glue/bbca.hi/0.0.0/6dcbebd49d6b12965d433bffcd07e9a786211703/dataset_info.json
2026-01-11 15:55:01,313 - filelock - DEBUG - Attempting to release lock 139825125140128 on /dss/dsshome1/00/ge95xod2/.cache/huggingface/datasets/_dss_dsshome1_00_ge95xod2_.cache_huggingface_datasets_ai4bharat___indic_glue_bbca.hi_0.0.0_6dcbebd49d6b12965d433bffcd07e9a786211703.lock
2026-01-11 15:55:01,314 - filelock - DEBUG - Lock 139825125140128 released on /dss/dsshome1/00/ge95xod2/.cache/huggingface/datasets/_dss_dsshome1_00_ge95xod2_.cache_huggingface_datasets_ai4bharat___indic_glue_bbca.hi_0.0.0_6dcbebd49d6b12965d433bffcd07e9a786211703.lock
2026-01-11 15:55:01,315 - filelock - DEBUG - Attempting to acquire lock 139825149902800 on /dss/dsshome1/00/ge95xod2/.cache/huggingface/datasets/ai4bharat___indic_glue/bbca.hi/0.0.0/6dcbebd49d6b12965d433bffcd07e9a786211703_builder.lock
2026-01-11 15:55:01,317 - filelock - DEBUG - Lock 139825149902800 acquired on /dss/dsshome1/00/ge95xod2/.cache/huggingface/datasets/ai4bharat___indic_glue/bbca.hi/0.0.0/6dcbebd49d6b12965d433bffcd07e9a786211703_builder.lock
2026-01-11 15:55:01,317 - fsspec.local - DEBUG - open file: /dss/dsshome1/00/ge95xod2/.cache/huggingface/datasets/ai4bharat___indic_glue/bbca.hi/0.0.0/6dcbebd49d6b12965d433bffcd07e9a786211703/dataset_info.json
2026-01-11 15:55:01,317 - filelock - DEBUG - Attempting to release lock 139825149902800 on /dss/dsshome1/00/ge95xod2/.cache/huggingface/datasets/ai4bharat___indic_glue/bbca.hi/0.0.0/6dcbebd49d6b12965d433bffcd07e9a786211703_builder.lock
2026-01-11 15:55:01,317 - filelock - DEBUG - Lock 139825149902800 released on /dss/dsshome1/00/ge95xod2/.cache/huggingface/datasets/ai4bharat___indic_glue/bbca.hi/0.0.0/6dcbebd49d6b12965d433bffcd07e9a786211703_builder.lock
2026-01-11 15:55:01,440 - src.evaluation.indicglue_evaluator - INFO - Successfully loaded BBCArticlesClassification train split with 3467 examples
2026-01-11 15:55:01,441 - src.evaluation.indicglue_evaluator - INFO -   Loaded train: 3467 examples
2026-01-11 15:55:01,441 - src.evaluation.indicglue_evaluator - INFO - Attempting to load BBCArticlesClassification from ai4bharat/indic_glue with config 'bbca.hi' (split=validation)
2026-01-11 15:55:02,424 - filelock - DEBUG - Attempting to acquire lock 139825181010576 on /dss/dsshome1/00/ge95xod2/.cache/huggingface/datasets/_dss_dsshome1_00_ge95xod2_.cache_huggingface_datasets_ai4bharat___indic_glue_bbca.hi_0.0.0_6dcbebd49d6b12965d433bffcd07e9a786211703.lock
2026-01-11 15:55:02,425 - filelock - DEBUG - Lock 139825181010576 acquired on /dss/dsshome1/00/ge95xod2/.cache/huggingface/datasets/_dss_dsshome1_00_ge95xod2_.cache_huggingface_datasets_ai4bharat___indic_glue_bbca.hi_0.0.0_6dcbebd49d6b12965d433bffcd07e9a786211703.lock
2026-01-11 15:55:02,425 - fsspec.local - DEBUG - open file: /dss/dsshome1/00/ge95xod2/.cache/huggingface/datasets/ai4bharat___indic_glue/bbca.hi/0.0.0/6dcbebd49d6b12965d433bffcd07e9a786211703/dataset_info.json
2026-01-11 15:55:02,426 - filelock - DEBUG - Attempting to release lock 139825181010576 on /dss/dsshome1/00/ge95xod2/.cache/huggingface/datasets/_dss_dsshome1_00_ge95xod2_.cache_huggingface_datasets_ai4bharat___indic_glue_bbca.hi_0.0.0_6dcbebd49d6b12965d433bffcd07e9a786211703.lock
2026-01-11 15:55:02,426 - filelock - DEBUG - Lock 139825181010576 released on /dss/dsshome1/00/ge95xod2/.cache/huggingface/datasets/_dss_dsshome1_00_ge95xod2_.cache_huggingface_datasets_ai4bharat___indic_glue_bbca.hi_0.0.0_6dcbebd49d6b12965d433bffcd07e9a786211703.lock
2026-01-11 15:55:02,427 - filelock - DEBUG - Attempting to acquire lock 139826045747888 on /dss/dsshome1/00/ge95xod2/.cache/huggingface/datasets/ai4bharat___indic_glue/bbca.hi/0.0.0/6dcbebd49d6b12965d433bffcd07e9a786211703_builder.lock
2026-01-11 15:55:02,427 - filelock - DEBUG - Lock 139826045747888 acquired on /dss/dsshome1/00/ge95xod2/.cache/huggingface/datasets/ai4bharat___indic_glue/bbca.hi/0.0.0/6dcbebd49d6b12965d433bffcd07e9a786211703_builder.lock
2026-01-11 15:55:02,427 - fsspec.local - DEBUG - open file: /dss/dsshome1/00/ge95xod2/.cache/huggingface/datasets/ai4bharat___indic_glue/bbca.hi/0.0.0/6dcbebd49d6b12965d433bffcd07e9a786211703/dataset_info.json
2026-01-11 15:55:02,428 - filelock - DEBUG - Attempting to release lock 139826045747888 on /dss/dsshome1/00/ge95xod2/.cache/huggingface/datasets/ai4bharat___indic_glue/bbca.hi/0.0.0/6dcbebd49d6b12965d433bffcd07e9a786211703_builder.lock
2026-01-11 15:55:02,428 - filelock - DEBUG - Lock 139826045747888 released on /dss/dsshome1/00/ge95xod2/.cache/huggingface/datasets/ai4bharat___indic_glue/bbca.hi/0.0.0/6dcbebd49d6b12965d433bffcd07e9a786211703_builder.lock
2026-01-11 15:55:02,428 - src.evaluation.indicglue_evaluator - DEBUG - Failed to load BBCArticlesClassification validation split from HuggingFace: Unknown split "validation". Should be one of ['train', 'test'].
2026-01-11 15:55:02,428 - src.evaluation.indicglue_evaluator - INFO - Attempting to load BBCArticlesClassification from ai4bharat/indic_glue with config 'bbca.hi' (split=test)
2026-01-11 15:55:03,434 - filelock - DEBUG - Attempting to acquire lock 139826045749664 on /dss/dsshome1/00/ge95xod2/.cache/huggingface/datasets/_dss_dsshome1_00_ge95xod2_.cache_huggingface_datasets_ai4bharat___indic_glue_bbca.hi_0.0.0_6dcbebd49d6b12965d433bffcd07e9a786211703.lock
2026-01-11 15:55:03,434 - filelock - DEBUG - Lock 139826045749664 acquired on /dss/dsshome1/00/ge95xod2/.cache/huggingface/datasets/_dss_dsshome1_00_ge95xod2_.cache_huggingface_datasets_ai4bharat___indic_glue_bbca.hi_0.0.0_6dcbebd49d6b12965d433bffcd07e9a786211703.lock
2026-01-11 15:55:03,435 - fsspec.local - DEBUG - open file: /dss/dsshome1/00/ge95xod2/.cache/huggingface/datasets/ai4bharat___indic_glue/bbca.hi/0.0.0/6dcbebd49d6b12965d433bffcd07e9a786211703/dataset_info.json
2026-01-11 15:55:03,435 - filelock - DEBUG - Attempting to release lock 139826045749664 on /dss/dsshome1/00/ge95xod2/.cache/huggingface/datasets/_dss_dsshome1_00_ge95xod2_.cache_huggingface_datasets_ai4bharat___indic_glue_bbca.hi_0.0.0_6dcbebd49d6b12965d433bffcd07e9a786211703.lock
2026-01-11 15:55:03,435 - filelock - DEBUG - Lock 139826045749664 released on /dss/dsshome1/00/ge95xod2/.cache/huggingface/datasets/_dss_dsshome1_00_ge95xod2_.cache_huggingface_datasets_ai4bharat___indic_glue_bbca.hi_0.0.0_6dcbebd49d6b12965d433bffcd07e9a786211703.lock
2026-01-11 15:55:03,436 - filelock - DEBUG - Attempting to acquire lock 139825275303056 on /dss/dsshome1/00/ge95xod2/.cache/huggingface/datasets/ai4bharat___indic_glue/bbca.hi/0.0.0/6dcbebd49d6b12965d433bffcd07e9a786211703_builder.lock
2026-01-11 15:55:03,436 - filelock - DEBUG - Lock 139825275303056 acquired on /dss/dsshome1/00/ge95xod2/.cache/huggingface/datasets/ai4bharat___indic_glue/bbca.hi/0.0.0/6dcbebd49d6b12965d433bffcd07e9a786211703_builder.lock
2026-01-11 15:55:03,436 - fsspec.local - DEBUG - open file: /dss/dsshome1/00/ge95xod2/.cache/huggingface/datasets/ai4bharat___indic_glue/bbca.hi/0.0.0/6dcbebd49d6b12965d433bffcd07e9a786211703/dataset_info.json
2026-01-11 15:55:03,437 - filelock - DEBUG - Attempting to release lock 139825275303056 on /dss/dsshome1/00/ge95xod2/.cache/huggingface/datasets/ai4bharat___indic_glue/bbca.hi/0.0.0/6dcbebd49d6b12965d433bffcd07e9a786211703_builder.lock
2026-01-11 15:55:03,437 - filelock - DEBUG - Lock 139825275303056 released on /dss/dsshome1/00/ge95xod2/.cache/huggingface/datasets/ai4bharat___indic_glue/bbca.hi/0.0.0/6dcbebd49d6b12965d433bffcd07e9a786211703_builder.lock
2026-01-11 15:55:03,469 - src.evaluation.indicglue_evaluator - INFO - Successfully loaded BBCArticlesClassification test split with 866 examples
2026-01-11 15:55:03,469 - src.evaluation.indicglue_evaluator - INFO -   Loaded test: 866 examples
2026-01-11 15:55:03,469 - src.evaluation.indicglue_evaluator - INFO - Fine-tuning BBCArticlesClassification without validation set
2026-01-11 15:55:03,469 - src.evaluation.indicglue_evaluator - INFO - Fine-tuning on BBCArticlesClassification...
2026-01-11 15:55:03,469 - src.evaluation.indicglue.fine_tuning_manager - INFO - Starting fine-tuning for BBCArticlesClassification
2026-01-11 15:55:03,469 - src.evaluation.indicglue.fine_tuning_manager - INFO - Train samples: 3467, No validation set
2026-01-11 15:55:03,469 - src.evaluation.indicglue_evaluator - INFO - Wrapping model for task 'BBCArticlesClassification' with 14 classes
2026-01-11 15:55:03,563 - src.evaluation.indicglue.fine_tuning_manager - INFO - Starting training loop for BBCArticlesClassification
2026-01-11 15:55:03,563 - src.evaluation.indicglue.fine_tuning_manager - INFO - Model parameters: 91,751,438 total, 91,751,438 trainable (100.0%)
2026-01-11 15:55:03,564 - src.evaluation.indicglue.fine_tuning_manager - INFO - ✓ End-to-end training mode (all parameters trainable)
2026-01-11 15:55:03,565 - src.evaluation.indicglue.fine_tuning_manager - INFO - Optimizer: AdamW with 76 params with decay, 74 without decay
2026-01-11 15:55:03,565 - src.evaluation.indicglue.fine_tuning_manager - INFO - Scheduler created: Cosine schedule with 325 warmup steps (total 2170 steps)
2026-01-11 15:55:03,565 - src.evaluation.indicglue.fine_tuning_manager - INFO - Training config: total_steps=2170, warmup_steps=325 (15.0%)
2026-01-11 15:55:43,560 - src.evaluation.indicglue.fine_tuning_manager - INFO - Epoch 1/10: train_loss=2.9703
2026-01-11 15:56:20,976 - src.evaluation.indicglue.fine_tuning_manager - INFO - Epoch 2/10: train_loss=2.9683
2026-01-11 15:56:58,354 - src.evaluation.indicglue.fine_tuning_manager - INFO - Epoch 3/10: train_loss=2.9732
2026-01-11 15:57:35,729 - src.evaluation.indicglue.fine_tuning_manager - INFO - Epoch 4/10: train_loss=2.9711
2026-01-11 15:58:13,104 - src.evaluation.indicglue.fine_tuning_manager - INFO - Epoch 5/10: train_loss=2.9633
2026-01-11 15:58:50,481 - src.evaluation.indicglue.fine_tuning_manager - INFO - Epoch 6/10: train_loss=2.9515
2026-01-11 15:59:27,848 - src.evaluation.indicglue.fine_tuning_manager - INFO - Epoch 7/10: train_loss=2.9389
2026-01-11 16:00:05,232 - src.evaluation.indicglue.fine_tuning_manager - INFO - Epoch 8/10: train_loss=2.9313
2026-01-11 16:00:42,934 - src.evaluation.indicglue.fine_tuning_manager - INFO - Epoch 9/10: train_loss=2.9082
2026-01-11 16:01:20,314 - src.evaluation.indicglue.fine_tuning_manager - INFO - Epoch 10/10: train_loss=2.8860
2026-01-11 16:01:20,315 - src.evaluation.indicglue.fine_tuning_manager - INFO - Using final model from epoch 10
2026-01-11 16:01:20,315 - src.evaluation.indicglue_evaluator - INFO - Evaluation mode switched to: fine-tuned (will use classification heads for all tasks)
2026-01-11 16:01:20,315 - src.evaluation.indicglue_evaluator - INFO - Evaluating fine-tuned model on test set...
2026-01-11 16:01:20,315 - src.evaluation.indicglue_evaluator - INFO - Evaluating on 866 examples
2026-01-11 16:01:20,316 - src.evaluation.indicglue_evaluator - INFO - [ROUTING] BBCArticlesClassification: Classification/NLI task → Using classification head
2026-01-11 16:01:20,316 - src.evaluation.evaluation_cache - DEBUG - Generated cache key: a6ab031cd180b48f4a833965ebca75643f59364b08624bf8cfa215132c523db9
2026-01-11 16:01:20,365 - src.evaluation.evaluation_cache - INFO - Cache hit: a6ab031cd180b48f4a833965ebca75643f59364b08624bf8cfa215132c523db9
2026-01-11 16:01:20,366 - src.evaluation.evaluation_cache - INFO -   Created: 2026-01-10T07:25:41.831055
2026-01-11 16:01:20,366 - src.evaluation.evaluation_cache - INFO -   Samples: 2
2026-01-11 16:01:20,366 - src.evaluation.indicglue_evaluator - INFO - Using cached predictions for BBCArticlesClassification
2026-01-11 16:01:20,366 - src.evaluation.indicglue_evaluator - DEBUG - Cleared wrapped model cache for BBCArticlesClassification
2026-01-11 16:01:22,922 - src.evaluation.indicglue_evaluator - DEBUG - Freed GPU and CPU cache
2026-01-11 16:01:22,924 - src.evaluation.indicglue_evaluator - INFO - BBCArticlesClassification Results:
2026-01-11 16:01:22,924 - src.evaluation.indicglue_evaluator - INFO -   num_examples: 866.0000
2026-01-11 16:01:22,925 - src.evaluation.indicglue_evaluator - INFO -   accuracy: 0.1824
2026-01-11 16:01:22,925 - src.evaluation.indicglue_evaluator - INFO -   f1_macro: 0.0612
2026-01-11 16:01:22,925 - src.evaluation.indicglue_evaluator - INFO -   f1_weighted: 0.2269
2026-01-11 16:01:22,925 - src.evaluation.indicglue_evaluator - INFO -   precision_macro: 0.0872
2026-01-11 16:01:22,925 - src.evaluation.indicglue_evaluator - INFO -   recall_macro: 0.0567
2026-01-11 16:01:22,925 - src.evaluation.indicglue_evaluator - INFO -   fine_tuned: 1.0000
2026-01-11 16:01:22,925 - src.evaluation.indicglue_evaluator - INFO -   fine_tuning_time_seconds: 376.8465
2026-01-11 16:01:22,925 - src.evaluation.indicglue_evaluator - INFO - 
Evaluating Wikipedia Section Title Prediction...
2026-01-11 16:01:22,925 - src.evaluation.indicglue_evaluator - INFO - Fine-tuning mode enabled for Wikipedia Section Title Prediction
2026-01-11 16:01:22,925 - src.evaluation.indicglue_evaluator - INFO - Using original HuggingFace splits for Wikipedia Section Title Prediction
2026-01-11 16:01:22,925 - src.evaluation.indicglue_evaluator - INFO - Attempting to load Wikipedia Section Title Prediction from ai4bharat/indic_glue with config 'wstp.hi' (split=train)
2026-01-11 16:01:24,499 - filelock - DEBUG - Attempting to acquire lock 139825125140128 on /dss/dsshome1/00/ge95xod2/.cache/huggingface/datasets/_dss_dsshome1_00_ge95xod2_.cache_huggingface_datasets_ai4bharat___indic_glue_wstp.hi_0.0.0_6dcbebd49d6b12965d433bffcd07e9a786211703.lock
2026-01-11 16:01:24,520 - filelock - DEBUG - Lock 139825125140128 acquired on /dss/dsshome1/00/ge95xod2/.cache/huggingface/datasets/_dss_dsshome1_00_ge95xod2_.cache_huggingface_datasets_ai4bharat___indic_glue_wstp.hi_0.0.0_6dcbebd49d6b12965d433bffcd07e9a786211703.lock
2026-01-11 16:01:24,525 - fsspec.local - DEBUG - open file: /dss/dsshome1/00/ge95xod2/.cache/huggingface/datasets/ai4bharat___indic_glue/wstp.hi/0.0.0/6dcbebd49d6b12965d433bffcd07e9a786211703/dataset_info.json
2026-01-11 16:01:24,525 - filelock - DEBUG - Attempting to release lock 139825125140128 on /dss/dsshome1/00/ge95xod2/.cache/huggingface/datasets/_dss_dsshome1_00_ge95xod2_.cache_huggingface_datasets_ai4bharat___indic_glue_wstp.hi_0.0.0_6dcbebd49d6b12965d433bffcd07e9a786211703.lock
2026-01-11 16:01:24,526 - filelock - DEBUG - Lock 139825125140128 released on /dss/dsshome1/00/ge95xod2/.cache/huggingface/datasets/_dss_dsshome1_00_ge95xod2_.cache_huggingface_datasets_ai4bharat___indic_glue_wstp.hi_0.0.0_6dcbebd49d6b12965d433bffcd07e9a786211703.lock
2026-01-11 16:01:24,527 - filelock - DEBUG - Attempting to acquire lock 139825099725168 on /dss/dsshome1/00/ge95xod2/.cache/huggingface/datasets/ai4bharat___indic_glue/wstp.hi/0.0.0/6dcbebd49d6b12965d433bffcd07e9a786211703_builder.lock
2026-01-11 16:01:24,529 - filelock - DEBUG - Lock 139825099725168 acquired on /dss/dsshome1/00/ge95xod2/.cache/huggingface/datasets/ai4bharat___indic_glue/wstp.hi/0.0.0/6dcbebd49d6b12965d433bffcd07e9a786211703_builder.lock
2026-01-11 16:01:24,529 - fsspec.local - DEBUG - open file: /dss/dsshome1/00/ge95xod2/.cache/huggingface/datasets/ai4bharat___indic_glue/wstp.hi/0.0.0/6dcbebd49d6b12965d433bffcd07e9a786211703/dataset_info.json
2026-01-11 16:01:24,530 - filelock - DEBUG - Attempting to release lock 139825099725168 on /dss/dsshome1/00/ge95xod2/.cache/huggingface/datasets/ai4bharat___indic_glue/wstp.hi/0.0.0/6dcbebd49d6b12965d433bffcd07e9a786211703_builder.lock
2026-01-11 16:01:24,530 - filelock - DEBUG - Lock 139825099725168 released on /dss/dsshome1/00/ge95xod2/.cache/huggingface/datasets/ai4bharat___indic_glue/wstp.hi/0.0.0/6dcbebd49d6b12965d433bffcd07e9a786211703_builder.lock
2026-01-11 16:01:24,870 - src.evaluation.indicglue_evaluator - INFO - Successfully loaded Wikipedia Section Title Prediction train split with 44069 examples
2026-01-11 16:01:24,871 - src.evaluation.indicglue_evaluator - INFO -   Loaded train: 44069 examples
2026-01-11 16:01:24,871 - src.evaluation.indicglue_evaluator - INFO - Attempting to load Wikipedia Section Title Prediction from ai4bharat/indic_glue with config 'wstp.hi' (split=validation)
2026-01-11 16:01:25,853 - filelock - DEBUG - Attempting to acquire lock 139826299045200 on /dss/dsshome1/00/ge95xod2/.cache/huggingface/datasets/_dss_dsshome1_00_ge95xod2_.cache_huggingface_datasets_ai4bharat___indic_glue_wstp.hi_0.0.0_6dcbebd49d6b12965d433bffcd07e9a786211703.lock
2026-01-11 16:01:25,870 - filelock - DEBUG - Lock 139826299045200 acquired on /dss/dsshome1/00/ge95xod2/.cache/huggingface/datasets/_dss_dsshome1_00_ge95xod2_.cache_huggingface_datasets_ai4bharat___indic_glue_wstp.hi_0.0.0_6dcbebd49d6b12965d433bffcd07e9a786211703.lock
2026-01-11 16:01:25,872 - fsspec.local - DEBUG - open file: /dss/dsshome1/00/ge95xod2/.cache/huggingface/datasets/ai4bharat___indic_glue/wstp.hi/0.0.0/6dcbebd49d6b12965d433bffcd07e9a786211703/dataset_info.json
2026-01-11 16:01:25,873 - filelock - DEBUG - Attempting to release lock 139826299045200 on /dss/dsshome1/00/ge95xod2/.cache/huggingface/datasets/_dss_dsshome1_00_ge95xod2_.cache_huggingface_datasets_ai4bharat___indic_glue_wstp.hi_0.0.0_6dcbebd49d6b12965d433bffcd07e9a786211703.lock
2026-01-11 16:01:25,873 - filelock - DEBUG - Lock 139826299045200 released on /dss/dsshome1/00/ge95xod2/.cache/huggingface/datasets/_dss_dsshome1_00_ge95xod2_.cache_huggingface_datasets_ai4bharat___indic_glue_wstp.hi_0.0.0_6dcbebd49d6b12965d433bffcd07e9a786211703.lock
2026-01-11 16:01:25,874 - filelock - DEBUG - Attempting to acquire lock 139825235571952 on /dss/dsshome1/00/ge95xod2/.cache/huggingface/datasets/ai4bharat___indic_glue/wstp.hi/0.0.0/6dcbebd49d6b12965d433bffcd07e9a786211703_builder.lock
2026-01-11 16:01:25,874 - filelock - DEBUG - Lock 139825235571952 acquired on /dss/dsshome1/00/ge95xod2/.cache/huggingface/datasets/ai4bharat___indic_glue/wstp.hi/0.0.0/6dcbebd49d6b12965d433bffcd07e9a786211703_builder.lock
2026-01-11 16:01:25,874 - fsspec.local - DEBUG - open file: /dss/dsshome1/00/ge95xod2/.cache/huggingface/datasets/ai4bharat___indic_glue/wstp.hi/0.0.0/6dcbebd49d6b12965d433bffcd07e9a786211703/dataset_info.json
2026-01-11 16:01:25,876 - filelock - DEBUG - Attempting to release lock 139825235571952 on /dss/dsshome1/00/ge95xod2/.cache/huggingface/datasets/ai4bharat___indic_glue/wstp.hi/0.0.0/6dcbebd49d6b12965d433bffcd07e9a786211703_builder.lock
2026-01-11 16:01:25,876 - filelock - DEBUG - Lock 139825235571952 released on /dss/dsshome1/00/ge95xod2/.cache/huggingface/datasets/ai4bharat___indic_glue/wstp.hi/0.0.0/6dcbebd49d6b12965d433bffcd07e9a786211703_builder.lock
2026-01-11 16:01:26,015 - src.evaluation.indicglue_evaluator - INFO - Successfully loaded Wikipedia Section Title Prediction validation split with 5509 examples
2026-01-11 16:01:26,015 - src.evaluation.indicglue_evaluator - INFO -   Loaded validation: 5509 examples
2026-01-11 16:01:26,015 - src.evaluation.indicglue_evaluator - INFO - Attempting to load Wikipedia Section Title Prediction from ai4bharat/indic_glue with config 'wstp.hi' (split=test)
2026-01-11 16:01:26,962 - filelock - DEBUG - Attempting to acquire lock 139825126596464 on /dss/dsshome1/00/ge95xod2/.cache/huggingface/datasets/_dss_dsshome1_00_ge95xod2_.cache_huggingface_datasets_ai4bharat___indic_glue_wstp.hi_0.0.0_6dcbebd49d6b12965d433bffcd07e9a786211703.lock
2026-01-11 16:01:26,962 - filelock - DEBUG - Lock 139825126596464 acquired on /dss/dsshome1/00/ge95xod2/.cache/huggingface/datasets/_dss_dsshome1_00_ge95xod2_.cache_huggingface_datasets_ai4bharat___indic_glue_wstp.hi_0.0.0_6dcbebd49d6b12965d433bffcd07e9a786211703.lock
2026-01-11 16:01:26,962 - fsspec.local - DEBUG - open file: /dss/dsshome1/00/ge95xod2/.cache/huggingface/datasets/ai4bharat___indic_glue/wstp.hi/0.0.0/6dcbebd49d6b12965d433bffcd07e9a786211703/dataset_info.json
2026-01-11 16:01:26,963 - filelock - DEBUG - Attempting to release lock 139825126596464 on /dss/dsshome1/00/ge95xod2/.cache/huggingface/datasets/_dss_dsshome1_00_ge95xod2_.cache_huggingface_datasets_ai4bharat___indic_glue_wstp.hi_0.0.0_6dcbebd49d6b12965d433bffcd07e9a786211703.lock
2026-01-11 16:01:26,963 - filelock - DEBUG - Lock 139825126596464 released on /dss/dsshome1/00/ge95xod2/.cache/huggingface/datasets/_dss_dsshome1_00_ge95xod2_.cache_huggingface_datasets_ai4bharat___indic_glue_wstp.hi_0.0.0_6dcbebd49d6b12965d433bffcd07e9a786211703.lock
2026-01-11 16:01:26,964 - filelock - DEBUG - Attempting to acquire lock 139825155730400 on /dss/dsshome1/00/ge95xod2/.cache/huggingface/datasets/ai4bharat___indic_glue/wstp.hi/0.0.0/6dcbebd49d6b12965d433bffcd07e9a786211703_builder.lock
2026-01-11 16:01:26,964 - filelock - DEBUG - Lock 139825155730400 acquired on /dss/dsshome1/00/ge95xod2/.cache/huggingface/datasets/ai4bharat___indic_glue/wstp.hi/0.0.0/6dcbebd49d6b12965d433bffcd07e9a786211703_builder.lock
2026-01-11 16:01:26,965 - fsspec.local - DEBUG - open file: /dss/dsshome1/00/ge95xod2/.cache/huggingface/datasets/ai4bharat___indic_glue/wstp.hi/0.0.0/6dcbebd49d6b12965d433bffcd07e9a786211703/dataset_info.json
2026-01-11 16:01:26,965 - filelock - DEBUG - Attempting to release lock 139825155730400 on /dss/dsshome1/00/ge95xod2/.cache/huggingface/datasets/ai4bharat___indic_glue/wstp.hi/0.0.0/6dcbebd49d6b12965d433bffcd07e9a786211703_builder.lock
2026-01-11 16:01:26,965 - filelock - DEBUG - Lock 139825155730400 released on /dss/dsshome1/00/ge95xod2/.cache/huggingface/datasets/ai4bharat___indic_glue/wstp.hi/0.0.0/6dcbebd49d6b12965d433bffcd07e9a786211703_builder.lock
2026-01-11 16:01:27,105 - src.evaluation.indicglue_evaluator - INFO - Successfully loaded Wikipedia Section Title Prediction test split with 5509 examples
2026-01-11 16:01:27,105 - src.evaluation.indicglue_evaluator - INFO -   Loaded test: 5509 examples
2026-01-11 16:01:27,105 - src.evaluation.indicglue_evaluator - INFO - Fine-tuning on Wikipedia Section Title Prediction...
2026-01-11 16:01:27,105 - src.evaluation.indicglue.fine_tuning_manager - INFO - Starting fine-tuning for Wikipedia Section Title Prediction
2026-01-11 16:01:27,105 - src.evaluation.indicglue.fine_tuning_manager - INFO - Train samples: 44069, Val samples: 5509
2026-01-11 16:01:27,106 - src.evaluation.indicglue_evaluator - INFO - Creating custom MultipleChoiceWrapper for 'Wikipedia Section Title Prediction' with 4 choices
2026-01-11 16:01:27,108 - src.evaluation.indicglue.fine_tuning_manager - INFO - Starting training loop for Wikipedia Section Title Prediction
2026-01-11 16:01:27,109 - src.evaluation.indicglue.fine_tuning_manager - INFO - Model parameters: 91,741,441 total, 91,741,441 trainable (100.0%)
2026-01-11 16:01:27,109 - src.evaluation.indicglue.fine_tuning_manager - INFO - ✓ End-to-end training mode (all parameters trainable)
2026-01-11 16:01:27,110 - src.evaluation.indicglue.fine_tuning_manager - INFO - Optimizer: AdamW with 76 params with decay, 74 without decay
2026-01-11 16:01:27,110 - src.evaluation.indicglue.fine_tuning_manager - INFO - Scheduler created: Cosine schedule with 4132 warmup steps (total 27550 steps)
2026-01-11 16:01:27,110 - src.evaluation.indicglue.fine_tuning_manager - INFO - Training config: total_steps=27550, warmup_steps=4132 (15.0%)
2026-01-11 16:23:07,379 - src.evaluation.indicglue.fine_tuning_manager - INFO - Epoch 1/10: train_loss=1.3981, val_acc=0.2592, val_loss=1.3828
2026-01-11 16:23:07,794 - src.evaluation.indicglue.fine_tuning_manager - INFO -   → New best validation accuracy: 0.2592 (improvement: 0.2592)
2026-01-11 16:44:47,400 - src.evaluation.indicglue.fine_tuning_manager - INFO - Epoch 2/10: train_loss=1.3985, val_acc=0.2592, val_loss=1.3828
2026-01-11 16:44:47,400 - src.evaluation.indicglue.fine_tuning_manager - INFO -   → No improvement (patience: 1/5)
2026-01-11 17:06:26,276 - src.evaluation.indicglue.fine_tuning_manager - INFO - Epoch 3/10: train_loss=1.3990, val_acc=0.2592, val_loss=1.3828
2026-01-11 17:06:26,277 - src.evaluation.indicglue.fine_tuning_manager - INFO -   → No improvement (patience: 2/5)
2026-01-11 17:28:05,468 - src.evaluation.indicglue.fine_tuning_manager - INFO - Epoch 4/10: train_loss=1.4001, val_acc=0.2592, val_loss=1.3828
2026-01-11 17:28:05,468 - src.evaluation.indicglue.fine_tuning_manager - INFO -   → No improvement (patience: 3/5)
2026-01-11 17:49:44,146 - src.evaluation.indicglue.fine_tuning_manager - INFO - Epoch 5/10: train_loss=1.3984, val_acc=0.2592, val_loss=1.3828
2026-01-11 17:49:44,146 - src.evaluation.indicglue.fine_tuning_manager - INFO -   → No improvement (patience: 4/5)
2026-01-11 18:11:23,264 - src.evaluation.indicglue.fine_tuning_manager - INFO - Epoch 6/10: train_loss=1.3985, val_acc=0.2592, val_loss=1.3828
2026-01-11 18:11:23,267 - src.evaluation.indicglue.fine_tuning_manager - INFO -   → No improvement (patience: 5/5)
2026-01-11 18:11:23,267 - src.evaluation.indicglue.fine_tuning_manager - INFO - Early stopping triggered at epoch 6
2026-01-11 18:11:23,405 - src.evaluation.indicglue.fine_tuning_manager - INFO - Restored best model from epoch 1 with val_acc=0.2592
2026-01-11 18:11:23,417 - src.evaluation.indicglue_evaluator - INFO - Evaluation mode switched to: fine-tuned (will use classification heads for all tasks)
2026-01-11 18:11:23,417 - src.evaluation.indicglue_evaluator - INFO - Evaluating fine-tuned model on test set...
2026-01-11 18:11:23,417 - src.evaluation.indicglue_evaluator - INFO - Evaluating on 5509 examples
2026-01-11 18:11:23,417 - src.evaluation.indicglue_evaluator - INFO - [ROUTING] Wikipedia Section Title Prediction: Fine-tuned MC task → Using classification head (matches official IndicBERT)
2026-01-11 18:11:23,418 - src.evaluation.evaluation_cache - DEBUG - Generated cache key: 5ae840fae5132fa5e87e4717a78c893f6407d884d1902da4d9a9c8533e2cabd7
2026-01-11 18:11:23,418 - src.evaluation.evaluation_cache - DEBUG - Cache miss: 5ae840fae5132fa5e87e4717a78c893f6407d884d1902da4d9a9c8533e2cabd7
2026-01-11 18:11:23,418 - src.evaluation.indicglue_evaluator - INFO - Evaluating Wikipedia Section Title Prediction with MultipleChoiceWrapper on 5509 examples
2026-01-11 18:12:43,800 - src.evaluation.evaluation_cache - INFO - Predictions cached: 5ae840fae5132fa5e87e4717a78c893f6407d884d1902da4d9a9c8533e2cabd7
2026-01-11 18:12:43,800 - src.evaluation.evaluation_cache - DEBUG -   Samples: 2
2026-01-11 18:12:43,801 - src.evaluation.indicglue_evaluator - DEBUG - Cleared wrapped model cache for Wikipedia Section Title Prediction
2026-01-11 18:12:45,426 - src.evaluation.indicglue_evaluator - DEBUG - Freed GPU and CPU cache
2026-01-11 18:12:45,438 - src.evaluation.indicglue_evaluator - INFO - Wikipedia Section Title Prediction Results:
2026-01-11 18:12:45,438 - src.evaluation.indicglue_evaluator - INFO -   num_examples: 5509.0000
2026-01-11 18:12:45,438 - src.evaluation.indicglue_evaluator - INFO -   accuracy: 0.2545
2026-01-11 18:12:45,438 - src.evaluation.indicglue_evaluator - INFO -   f1_macro: 0.1014
2026-01-11 18:12:45,438 - src.evaluation.indicglue_evaluator - INFO -   f1_weighted: 0.1033
2026-01-11 18:12:45,438 - src.evaluation.indicglue_evaluator - INFO -   precision_macro: 0.0636
2026-01-11 18:12:45,438 - src.evaluation.indicglue_evaluator - INFO -   recall_macro: 0.2500
2026-01-11 18:12:45,438 - src.evaluation.indicglue_evaluator - INFO -   fine_tuned: 1.0000
2026-01-11 18:12:45,438 - src.evaluation.indicglue_evaluator - INFO -   fine_tuning_time_seconds: 7796.3118
2026-01-11 18:12:45,438 - src.evaluation.indicglue_evaluator - INFO - 
Evaluating Cloze-style multiple-choice QA...
2026-01-11 18:12:45,438 - src.evaluation.indicglue_evaluator - INFO - Fine-tuning mode enabled for Cloze-style multiple-choice QA
2026-01-11 18:12:45,439 - src.evaluation.indicglue_evaluator - INFO - Creating custom splits for Cloze-style multiple-choice QA
2026-01-11 18:12:45,439 - src.evaluation.indicglue_evaluator - INFO -   Reason: Dataset only has test split (35,140 examples); custom splits required for fine-tuning
2026-01-11 18:12:45,439 - src.evaluation.indicglue_evaluator - INFO - Creating custom splits for Cloze-style multiple-choice QA...
2026-01-11 18:12:45,439 - src.evaluation.indicglue_evaluator - INFO - Using task-specific split ratios for Cloze-style multiple-choice QA
2026-01-11 18:12:45,439 - src.evaluation.indicglue_evaluator - INFO -   Train: 80.0%, Val: 10.0%, Test: 10.0%, Seed: 42
2026-01-11 18:12:45,439 - src.evaluation.indicglue_evaluator - INFO - Loading complete dataset for Cloze-style multiple-choice QA (all available splits)...
2026-01-11 18:12:45,439 - src.evaluation.indicglue_evaluator - INFO - Attempting to load Cloze-style multiple-choice QA from ai4bharat/indic_glue with config 'csqa.hi' (split=train)
2026-01-11 18:12:47,118 - filelock - DEBUG - Attempting to acquire lock 139825173447488 on /dss/dsshome1/00/ge95xod2/.cache/huggingface/datasets/_dss_dsshome1_00_ge95xod2_.cache_huggingface_datasets_ai4bharat___indic_glue_csqa.hi_0.0.0_6dcbebd49d6b12965d433bffcd07e9a786211703.lock
2026-01-11 18:12:47,140 - filelock - DEBUG - Lock 139825173447488 acquired on /dss/dsshome1/00/ge95xod2/.cache/huggingface/datasets/_dss_dsshome1_00_ge95xod2_.cache_huggingface_datasets_ai4bharat___indic_glue_csqa.hi_0.0.0_6dcbebd49d6b12965d433bffcd07e9a786211703.lock
2026-01-11 18:12:47,142 - fsspec.local - DEBUG - open file: /dss/dsshome1/00/ge95xod2/.cache/huggingface/datasets/ai4bharat___indic_glue/csqa.hi/0.0.0/6dcbebd49d6b12965d433bffcd07e9a786211703/dataset_info.json
2026-01-11 18:12:47,143 - filelock - DEBUG - Attempting to release lock 139825173447488 on /dss/dsshome1/00/ge95xod2/.cache/huggingface/datasets/_dss_dsshome1_00_ge95xod2_.cache_huggingface_datasets_ai4bharat___indic_glue_csqa.hi_0.0.0_6dcbebd49d6b12965d433bffcd07e9a786211703.lock
2026-01-11 18:12:47,143 - filelock - DEBUG - Lock 139825173447488 released on /dss/dsshome1/00/ge95xod2/.cache/huggingface/datasets/_dss_dsshome1_00_ge95xod2_.cache_huggingface_datasets_ai4bharat___indic_glue_csqa.hi_0.0.0_6dcbebd49d6b12965d433bffcd07e9a786211703.lock
2026-01-11 18:12:47,144 - filelock - DEBUG - Attempting to acquire lock 139825126644176 on /dss/dsshome1/00/ge95xod2/.cache/huggingface/datasets/ai4bharat___indic_glue/csqa.hi/0.0.0/6dcbebd49d6b12965d433bffcd07e9a786211703_builder.lock
2026-01-11 18:12:47,146 - filelock - DEBUG - Lock 139825126644176 acquired on /dss/dsshome1/00/ge95xod2/.cache/huggingface/datasets/ai4bharat___indic_glue/csqa.hi/0.0.0/6dcbebd49d6b12965d433bffcd07e9a786211703_builder.lock
2026-01-11 18:12:47,146 - fsspec.local - DEBUG - open file: /dss/dsshome1/00/ge95xod2/.cache/huggingface/datasets/ai4bharat___indic_glue/csqa.hi/0.0.0/6dcbebd49d6b12965d433bffcd07e9a786211703/dataset_info.json
2026-01-11 18:12:47,146 - filelock - DEBUG - Attempting to release lock 139825126644176 on /dss/dsshome1/00/ge95xod2/.cache/huggingface/datasets/ai4bharat___indic_glue/csqa.hi/0.0.0/6dcbebd49d6b12965d433bffcd07e9a786211703_builder.lock
2026-01-11 18:12:47,146 - filelock - DEBUG - Lock 139825126644176 released on /dss/dsshome1/00/ge95xod2/.cache/huggingface/datasets/ai4bharat___indic_glue/csqa.hi/0.0.0/6dcbebd49d6b12965d433bffcd07e9a786211703_builder.lock
2026-01-11 18:12:47,146 - src.evaluation.indicglue_evaluator - DEBUG - Failed to load Cloze-style multiple-choice QA train split from HuggingFace: Unknown split "train". Should be one of ['test'].
2026-01-11 18:12:47,146 - src.evaluation.indicglue_evaluator - INFO - Attempting to load Cloze-style multiple-choice QA from ai4bharat/indic_glue with config 'csqa.hi' (split=validation)
2026-01-11 18:12:48,107 - filelock - DEBUG - Attempting to acquire lock 139825099726752 on /dss/dsshome1/00/ge95xod2/.cache/huggingface/datasets/_dss_dsshome1_00_ge95xod2_.cache_huggingface_datasets_ai4bharat___indic_glue_csqa.hi_0.0.0_6dcbebd49d6b12965d433bffcd07e9a786211703.lock
2026-01-11 18:12:48,107 - filelock - DEBUG - Lock 139825099726752 acquired on /dss/dsshome1/00/ge95xod2/.cache/huggingface/datasets/_dss_dsshome1_00_ge95xod2_.cache_huggingface_datasets_ai4bharat___indic_glue_csqa.hi_0.0.0_6dcbebd49d6b12965d433bffcd07e9a786211703.lock
2026-01-11 18:12:48,108 - fsspec.local - DEBUG - open file: /dss/dsshome1/00/ge95xod2/.cache/huggingface/datasets/ai4bharat___indic_glue/csqa.hi/0.0.0/6dcbebd49d6b12965d433bffcd07e9a786211703/dataset_info.json
2026-01-11 18:12:48,108 - filelock - DEBUG - Attempting to release lock 139825099726752 on /dss/dsshome1/00/ge95xod2/.cache/huggingface/datasets/_dss_dsshome1_00_ge95xod2_.cache_huggingface_datasets_ai4bharat___indic_glue_csqa.hi_0.0.0_6dcbebd49d6b12965d433bffcd07e9a786211703.lock
2026-01-11 18:12:48,109 - filelock - DEBUG - Lock 139825099726752 released on /dss/dsshome1/00/ge95xod2/.cache/huggingface/datasets/_dss_dsshome1_00_ge95xod2_.cache_huggingface_datasets_ai4bharat___indic_glue_csqa.hi_0.0.0_6dcbebd49d6b12965d433bffcd07e9a786211703.lock
2026-01-11 18:12:48,109 - filelock - DEBUG - Attempting to acquire lock 139825181010144 on /dss/dsshome1/00/ge95xod2/.cache/huggingface/datasets/ai4bharat___indic_glue/csqa.hi/0.0.0/6dcbebd49d6b12965d433bffcd07e9a786211703_builder.lock
2026-01-11 18:12:48,110 - filelock - DEBUG - Lock 139825181010144 acquired on /dss/dsshome1/00/ge95xod2/.cache/huggingface/datasets/ai4bharat___indic_glue/csqa.hi/0.0.0/6dcbebd49d6b12965d433bffcd07e9a786211703_builder.lock
2026-01-11 18:12:48,110 - fsspec.local - DEBUG - open file: /dss/dsshome1/00/ge95xod2/.cache/huggingface/datasets/ai4bharat___indic_glue/csqa.hi/0.0.0/6dcbebd49d6b12965d433bffcd07e9a786211703/dataset_info.json
2026-01-11 18:12:48,111 - filelock - DEBUG - Attempting to release lock 139825181010144 on /dss/dsshome1/00/ge95xod2/.cache/huggingface/datasets/ai4bharat___indic_glue/csqa.hi/0.0.0/6dcbebd49d6b12965d433bffcd07e9a786211703_builder.lock
2026-01-11 18:12:48,111 - filelock - DEBUG - Lock 139825181010144 released on /dss/dsshome1/00/ge95xod2/.cache/huggingface/datasets/ai4bharat___indic_glue/csqa.hi/0.0.0/6dcbebd49d6b12965d433bffcd07e9a786211703_builder.lock
2026-01-11 18:12:48,111 - src.evaluation.indicglue_evaluator - DEBUG - Failed to load Cloze-style multiple-choice QA validation split from HuggingFace: Unknown split "validation". Should be one of ['test'].
2026-01-11 18:12:48,111 - src.evaluation.indicglue_evaluator - INFO - Attempting to load Cloze-style multiple-choice QA from ai4bharat/indic_glue with config 'csqa.hi' (split=test)
2026-01-11 18:12:49,060 - filelock - DEBUG - Attempting to acquire lock 139825181009952 on /dss/dsshome1/00/ge95xod2/.cache/huggingface/datasets/_dss_dsshome1_00_ge95xod2_.cache_huggingface_datasets_ai4bharat___indic_glue_csqa.hi_0.0.0_6dcbebd49d6b12965d433bffcd07e9a786211703.lock
2026-01-11 18:12:49,061 - filelock - DEBUG - Lock 139825181009952 acquired on /dss/dsshome1/00/ge95xod2/.cache/huggingface/datasets/_dss_dsshome1_00_ge95xod2_.cache_huggingface_datasets_ai4bharat___indic_glue_csqa.hi_0.0.0_6dcbebd49d6b12965d433bffcd07e9a786211703.lock
2026-01-11 18:12:49,061 - fsspec.local - DEBUG - open file: /dss/dsshome1/00/ge95xod2/.cache/huggingface/datasets/ai4bharat___indic_glue/csqa.hi/0.0.0/6dcbebd49d6b12965d433bffcd07e9a786211703/dataset_info.json
2026-01-11 18:12:49,061 - filelock - DEBUG - Attempting to release lock 139825181009952 on /dss/dsshome1/00/ge95xod2/.cache/huggingface/datasets/_dss_dsshome1_00_ge95xod2_.cache_huggingface_datasets_ai4bharat___indic_glue_csqa.hi_0.0.0_6dcbebd49d6b12965d433bffcd07e9a786211703.lock
2026-01-11 18:12:49,061 - filelock - DEBUG - Lock 139825181009952 released on /dss/dsshome1/00/ge95xod2/.cache/huggingface/datasets/_dss_dsshome1_00_ge95xod2_.cache_huggingface_datasets_ai4bharat___indic_glue_csqa.hi_0.0.0_6dcbebd49d6b12965d433bffcd07e9a786211703.lock
2026-01-11 18:12:49,062 - filelock - DEBUG - Attempting to acquire lock 139825155728816 on /dss/dsshome1/00/ge95xod2/.cache/huggingface/datasets/ai4bharat___indic_glue/csqa.hi/0.0.0/6dcbebd49d6b12965d433bffcd07e9a786211703_builder.lock
2026-01-11 18:12:49,062 - filelock - DEBUG - Lock 139825155728816 acquired on /dss/dsshome1/00/ge95xod2/.cache/huggingface/datasets/ai4bharat___indic_glue/csqa.hi/0.0.0/6dcbebd49d6b12965d433bffcd07e9a786211703_builder.lock
2026-01-11 18:12:49,063 - fsspec.local - DEBUG - open file: /dss/dsshome1/00/ge95xod2/.cache/huggingface/datasets/ai4bharat___indic_glue/csqa.hi/0.0.0/6dcbebd49d6b12965d433bffcd07e9a786211703/dataset_info.json
2026-01-11 18:12:49,063 - filelock - DEBUG - Attempting to release lock 139825155728816 on /dss/dsshome1/00/ge95xod2/.cache/huggingface/datasets/ai4bharat___indic_glue/csqa.hi/0.0.0/6dcbebd49d6b12965d433bffcd07e9a786211703_builder.lock
2026-01-11 18:12:49,063 - filelock - DEBUG - Lock 139825155728816 released on /dss/dsshome1/00/ge95xod2/.cache/huggingface/datasets/ai4bharat___indic_glue/csqa.hi/0.0.0/6dcbebd49d6b12965d433bffcd07e9a786211703_builder.lock
2026-01-11 18:12:49,405 - src.evaluation.indicglue_evaluator - INFO - Successfully loaded Cloze-style multiple-choice QA test split with 35140 examples
2026-01-11 18:12:49,405 - src.evaluation.indicglue_evaluator - INFO -   Loaded test: 35140 examples
2026-01-11 18:12:49,405 - src.evaluation.indicglue_evaluator - INFO -   Combined dataset: 35140 total examples from [test(35140)]
2026-01-11 18:12:49,701 - src.evaluation.indicglue_evaluator - INFO - Custom splits created for Cloze-style multiple-choice QA:
2026-01-11 18:12:49,701 - src.evaluation.indicglue_evaluator - INFO -   Train:      28112 examples (80.0%)
2026-01-11 18:12:49,701 - src.evaluation.indicglue_evaluator - INFO -   Validation:  3514 examples (10.0%)
2026-01-11 18:12:49,701 - src.evaluation.indicglue_evaluator - INFO -   Test:        3514 examples (10.0%)
2026-01-11 18:12:49,701 - src.evaluation.indicglue_evaluator - INFO -   Total:      35140 examples
2026-01-11 18:12:49,701 - src.evaluation.indicglue_evaluator - INFO - Fine-tuning on Cloze-style multiple-choice QA...
2026-01-11 18:12:49,701 - src.evaluation.indicglue.fine_tuning_manager - INFO - Starting fine-tuning for Cloze-style multiple-choice QA
2026-01-11 18:12:49,701 - src.evaluation.indicglue.fine_tuning_manager - INFO - Train samples: 28112, Val samples: 3514
2026-01-11 18:12:49,701 - src.evaluation.indicglue_evaluator - INFO - Creating custom MultipleChoiceWrapper for 'Cloze-style multiple-choice QA' with 4 choices
2026-01-11 18:12:49,704 - src.evaluation.indicglue.fine_tuning_manager - INFO - Starting training loop for Cloze-style multiple-choice QA
2026-01-11 18:12:49,705 - src.evaluation.indicglue.fine_tuning_manager - INFO - Model parameters: 91,741,441 total, 91,741,441 trainable (100.0%)
2026-01-11 18:12:49,705 - src.evaluation.indicglue.fine_tuning_manager - INFO - ✓ End-to-end training mode (all parameters trainable)
2026-01-11 18:12:49,706 - src.evaluation.indicglue.fine_tuning_manager - INFO - Optimizer: AdamW with 76 params with decay, 74 without decay
2026-01-11 18:12:49,706 - src.evaluation.indicglue.fine_tuning_manager - INFO - Scheduler created: Cosine schedule with 2635 warmup steps (total 17570 steps)
2026-01-11 18:12:49,706 - src.evaluation.indicglue.fine_tuning_manager - INFO - Training config: total_steps=17570, warmup_steps=2635 (15.0%)
2026-01-11 18:25:50,806 - src.evaluation.indicglue.fine_tuning_manager - INFO - Epoch 1/10: train_loss=1.4084, val_acc=0.2555, val_loss=1.3828
2026-01-11 18:25:50,871 - src.evaluation.indicglue.fine_tuning_manager - INFO -   → New best validation accuracy: 0.2555 (improvement: 0.2555)
2026-01-11 18:38:51,681 - src.evaluation.indicglue.fine_tuning_manager - INFO - Epoch 2/10: train_loss=1.4077, val_acc=0.2555, val_loss=1.3828
2026-01-11 18:38:51,681 - src.evaluation.indicglue.fine_tuning_manager - INFO -   → No improvement (patience: 1/5)
2026-01-11 18:51:51,807 - src.evaluation.indicglue.fine_tuning_manager - INFO - Epoch 3/10: train_loss=1.4066, val_acc=0.2555, val_loss=1.3828
2026-01-11 18:51:51,808 - src.evaluation.indicglue.fine_tuning_manager - INFO -   → No improvement (patience: 2/5)
2026-01-11 19:04:52,197 - src.evaluation.indicglue.fine_tuning_manager - INFO - Epoch 4/10: train_loss=1.4063, val_acc=0.2555, val_loss=1.3828
2026-01-11 19:04:52,197 - src.evaluation.indicglue.fine_tuning_manager - INFO -   → No improvement (patience: 3/5)
2026-01-11 19:17:52,998 - src.evaluation.indicglue.fine_tuning_manager - INFO - Epoch 5/10: train_loss=1.4074, val_acc=0.2555, val_loss=1.3828
2026-01-11 19:17:52,999 - src.evaluation.indicglue.fine_tuning_manager - INFO -   → No improvement (patience: 4/5)
2026-01-25 12:00:38,475 - root - INFO - Experiment: gpt_10M_bpe_8k
2026-01-25 12:00:38,487 - root - INFO - Stage: eval
2026-01-25 12:00:38,487 - root - INFO - Results directory: results/gpt_10M_bpe_8k
2026-01-25 12:00:38,487 - root - INFO - Configuration: configs/ablations/vocab_sizes/gpt_bpe_10M_8k.yaml
2026-01-25 12:00:38,487 - root - INFO - 
🎲 Setting up reproducibility...
2026-01-25 12:00:38,488 - root - INFO -    Seed: 42
2026-01-25 12:00:38,488 - root - INFO -    Deterministic: True
2026-01-25 12:00:38,488 - src.utils.seed_manager - INFO - Setting all seeds to 42
2026-01-25 12:00:38,488 - src.utils.seed_manager - DEBUG - ✓ Python random seed set
2026-01-25 12:00:38,493 - src.utils.seed_manager - DEBUG - ✓ NumPy seed set
2026-01-25 12:00:38,501 - src.utils.seed_manager - DEBUG - ✓ PyTorch CPU seed set
2026-01-25 12:00:39,624 - src.utils.seed_manager - DEBUG - ✓ PyTorch CUDA seeds set
2026-01-25 12:00:39,625 - src.utils.seed_manager - INFO - Enabling deterministic mode for PyTorch
2026-01-25 12:00:39,625 - src.utils.seed_manager - DEBUG - ✓ PyTorch deterministic algorithms enabled
2026-01-25 12:00:39,625 - src.utils.seed_manager - DEBUG - ✓ CuDNN deterministic mode enabled
2026-01-25 12:00:39,625 - src.utils.seed_manager - WARNING - CuDNN benchmark disabled - may reduce training speed
2026-01-25 12:00:39,625 - src.utils.seed_manager - DEBUG - ✓ Set PYTHONHASHSEED=42
2026-01-25 12:00:39,625 - src.utils.seed_manager - DEBUG - ✓ Set CUBLAS_WORKSPACE_CONFIG=:4096:8
2026-01-25 12:00:39,625 - root - INFO - 
💻 Device configuration:
2026-01-25 12:00:39,625 - root - INFO -    Device: cuda
2026-01-25 12:00:39,744 - root - INFO -    GPU: NVIDIA H100
2026-01-25 12:00:39,744 - root - INFO -    CUDA Version: 12.8
2026-01-25 12:00:39,752 - root - INFO - Metadata saved to results/gpt_10M_bpe_8k/metadata.json
2026-01-25 12:00:39,752 - root - INFO - Config saved to results/gpt_10M_bpe_8k/config.yaml
2026-01-25 12:00:39,752 - root - INFO - 
Loading trained model and tokenizer...
2026-01-25 12:00:43,753 - root - INFO - Starting evaluation stage...
2026-01-25 12:00:43,755 - root - INFO - 
📋 Initializing evaluation manager...
2026-01-25 12:00:43,755 - root - INFO -    Added evaluation config to evaluator
2026-01-25 12:00:43,755 - src.evaluation.indicglue_evaluator - INFO - IndicGLUE evaluator initialized on device: cuda:0
2026-01-25 12:00:43,755 - src.evaluation.indicglue_evaluator - INFO - Max sequence length: 512 tokens (IndicBERT paper uses 128)
2026-01-25 12:00:43,755 - src.evaluation.indicglue_evaluator - INFO - Tokenizer pad_token: <pad> (id: 0)
2026-01-25 12:00:43,755 - src.evaluation.indicglue_evaluator - INFO - Model type detected: Language Model
2026-01-25 12:00:43,755 - src.evaluation.indicglue_evaluator - INFO - Initialized TaskRegistry with 8 tasks
2026-01-25 12:00:43,756 - src.evaluation.metrics_utils - DEBUG - MetricsAggregator initialized: bootstrap_samples=1000, confidence_level=0.95
2026-01-25 12:00:43,756 - src.evaluation.indicglue_evaluator - INFO - Label validation mode: STRICT (invalid labels will raise errors)
2026-01-25 12:00:43,757 - src.evaluation.evaluation_cache - INFO - Evaluation cache initialized at: .eval_cache
2026-01-25 12:00:43,757 - src.evaluation.evaluation_cache - INFO - Cache expiration: 30 days
2026-01-25 12:00:43,757 - src.evaluation.indicglue_evaluator - INFO - Evaluation mode initialized: zero-shot (will switch to fine-tuned after training)
2026-01-25 12:00:43,757 - src.evaluation.indicglue_evaluator - INFO - Initialized TaskDataExtractor
2026-01-25 12:00:43,757 - src.evaluation.indicglue_evaluator - INFO - Initialized DataLoaderFactory
2026-01-25 12:00:43,758 - src.evaluation.indicglue_evaluator - INFO - Initialized evaluation strategies (Classification, MC, Perplexity)
2026-01-25 12:00:43,758 - src.evaluation.indicglue_evaluator - INFO - Using internal _get_model_for_task for fine-tuning
2026-01-25 12:00:43,758 - src.evaluation.indicglue.fine_tuning_manager - INFO - FineTuningManager initialized: freeze_base=False, use_auto_models=False, lr=0.0001, epochs=10, batch_size=16, grad_accum=4, warmup_ratio=0.15, scheduler_type=cosine, weight_decay=0.05, dropout=0.15, max_grad_norm=0.5, label_smoothing=0.05, patience=3, min_delta=0.001
2026-01-25 12:00:43,758 - src.evaluation.indicglue_evaluator - INFO - Initialized FineTuningManager (refactored with config, dataloader_factory, model_provider)
2026-01-25 12:00:43,758 - src.evaluation.indicglue_evaluator - INFO - Initialized ResultVisualizer
2026-01-25 12:00:43,758 - src.evaluation.multiblimp_evaluator - INFO - Final model type for MultiBLiMP: HindiGPTModel
2026-01-25 12:00:43,759 - src.evaluation.multiblimp_evaluator - INFO - Model module: src.models.gpt_model
2026-01-25 12:00:43,759 - src.evaluation.multiblimp_evaluator - INFO - Model has 60 public attributes
2026-01-25 12:00:43,778 - src.evaluation.multiblimp_evaluator - DEBUG - Model attributes: ['MODEL_SIZES', 'T_destination', 'add_module', 'apply', 'bfloat16', 'buffers', 'call_super_init', 'children', 'compile', 'config', 'cpu', 'cuda', 'double', 'dump_patches', 'eval', 'extra_repr', 'float', 'forward', 'generate', 'get_buffer', 'get_extra_state', 'get_parameter', 'get_submodule', 'half', 'ipu', 'load_state_dict', 'model', 'modules', 'mtia', 'named_buffers', 'named_children', 'named_modules', 'named_parameters', 'num_parameters', 'parameters', 'register_backward_hook', 'register_buffer', 'register_forward_hook', 'register_forward_pre_hook', 'register_full_backward_hook', 'register_full_backward_pre_hook', 'register_load_state_dict_post_hook', 'register_load_state_dict_pre_hook', 'register_module', 'register_parameter', 'register_state_dict_post_hook', 'register_state_dict_pre_hook', 'requires_grad_', 'set_extra_state', 'set_submodule', 'share_memory', 'smart_apply', 'state_dict', 'to', 'to_empty', 'train', 'training', 'type', 'xpu', 'zero_grad']
2026-01-25 12:00:43,779 - src.evaluation.multiblimp_evaluator - INFO - MultiBLiMP evaluator initialized on device: cuda:0
2026-01-25 12:00:43,779 - src.evaluation.multiblimp_evaluator - INFO - Attempting to load MultiBLiMP dataset from HuggingFace (jumelet/multiblimp)...
2026-01-25 12:00:46,027 - filelock - DEBUG - Attempting to acquire lock 140127633312400 on /dss/dsshome1/00/ge95xod2/.cache/huggingface/datasets/_dss_dsshome1_00_ge95xod2_.cache_huggingface_datasets_jumelet___multiblimp_hin_0.0.0_de923efa8d2483d6b13364ee68e65308e990a991.lock
2026-01-25 12:00:46,031 - filelock - DEBUG - Lock 140127633312400 acquired on /dss/dsshome1/00/ge95xod2/.cache/huggingface/datasets/_dss_dsshome1_00_ge95xod2_.cache_huggingface_datasets_jumelet___multiblimp_hin_0.0.0_de923efa8d2483d6b13364ee68e65308e990a991.lock
2026-01-25 12:00:46,033 - fsspec.local - DEBUG - open file: /dss/dsshome1/00/ge95xod2/.cache/huggingface/datasets/jumelet___multiblimp/hin/0.0.0/de923efa8d2483d6b13364ee68e65308e990a991/dataset_info.json
2026-01-25 12:00:46,036 - filelock - DEBUG - Attempting to release lock 140127633312400 on /dss/dsshome1/00/ge95xod2/.cache/huggingface/datasets/_dss_dsshome1_00_ge95xod2_.cache_huggingface_datasets_jumelet___multiblimp_hin_0.0.0_de923efa8d2483d6b13364ee68e65308e990a991.lock
2026-01-25 12:00:46,036 - filelock - DEBUG - Lock 140127633312400 released on /dss/dsshome1/00/ge95xod2/.cache/huggingface/datasets/_dss_dsshome1_00_ge95xod2_.cache_huggingface_datasets_jumelet___multiblimp_hin_0.0.0_de923efa8d2483d6b13364ee68e65308e990a991.lock
2026-01-25 12:00:46,129 - filelock - DEBUG - Attempting to acquire lock 140127632724368 on /dss/dsshome1/00/ge95xod2/.cache/huggingface/datasets/jumelet___multiblimp/hin/0.0.0/de923efa8d2483d6b13364ee68e65308e990a991_builder.lock
2026-01-25 12:00:46,133 - filelock - DEBUG - Lock 140127632724368 acquired on /dss/dsshome1/00/ge95xod2/.cache/huggingface/datasets/jumelet___multiblimp/hin/0.0.0/de923efa8d2483d6b13364ee68e65308e990a991_builder.lock
2026-01-25 12:00:46,134 - fsspec.local - DEBUG - open file: /dss/dsshome1/00/ge95xod2/.cache/huggingface/datasets/jumelet___multiblimp/hin/0.0.0/de923efa8d2483d6b13364ee68e65308e990a991/dataset_info.json
2026-01-25 12:00:46,135 - filelock - DEBUG - Attempting to release lock 140127632724368 on /dss/dsshome1/00/ge95xod2/.cache/huggingface/datasets/jumelet___multiblimp/hin/0.0.0/de923efa8d2483d6b13364ee68e65308e990a991_builder.lock
2026-01-25 12:00:46,136 - filelock - DEBUG - Lock 140127632724368 released on /dss/dsshome1/00/ge95xod2/.cache/huggingface/datasets/jumelet___multiblimp/hin/0.0.0/de923efa8d2483d6b13364ee68e65308e990a991_builder.lock
2026-01-25 12:00:46,335 - src.evaluation.multiblimp_evaluator - INFO - Successfully loaded external dataset with 1447 examples
2026-01-25 12:00:46,677 - src.evaluation.multiblimp_evaluator - INFO - Converted to 1447 minimal pairs across 5 phenomena
2026-01-25 12:00:46,678 - src.evaluation.multiblimp_evaluator - DEBUG -   SP-#: 100 pairs
2026-01-25 12:00:46,678 - src.evaluation.multiblimp_evaluator - DEBUG -   SP-G: 109 pairs
2026-01-25 12:00:46,678 - src.evaluation.multiblimp_evaluator - DEBUG -   SV-#: 407 pairs
2026-01-25 12:00:46,678 - src.evaluation.multiblimp_evaluator - DEBUG -   SV-G: 419 pairs
2026-01-25 12:00:46,678 - src.evaluation.multiblimp_evaluator - DEBUG -   SV-P: 412 pairs
2026-01-25 12:00:46,678 - src.evaluation.multiblimp_evaluator - INFO - MultiBLiMP test coverage: 1447 minimal pairs across 5 phenomena
2026-01-25 12:00:46,678 - src.evaluation.multiblimp_evaluator - INFO - Per-phenomenon test coverage:
2026-01-25 12:00:46,678 - src.evaluation.multiblimp_evaluator - INFO -   SP-#: 100 pairs
2026-01-25 12:00:46,679 - src.evaluation.multiblimp_evaluator - INFO -   SP-G: 109 pairs
2026-01-25 12:00:46,679 - src.evaluation.multiblimp_evaluator - INFO -   SV-#: 407 pairs
2026-01-25 12:00:46,679 - src.evaluation.multiblimp_evaluator - INFO -   SV-G: 419 pairs
2026-01-25 12:00:46,679 - src.evaluation.multiblimp_evaluator - INFO -   SV-P: 412 pairs
2026-01-25 12:00:46,679 - src.evaluation.multiblimp_evaluator - INFO - Validating model output structure...
2026-01-25 12:00:47,692 - src.evaluation.multiblimp_evaluator - INFO - ✓ Model validation passed!
2026-01-25 12:00:47,692 - src.evaluation.multiblimp_evaluator - INFO -   Output shape: torch.Size([1, 5, 8192])
2026-01-25 12:00:47,692 - src.evaluation.multiblimp_evaluator - INFO -   Vocabulary size: 8192
2026-01-25 12:00:47,693 - root - INFO - 
🔍 Running comprehensive evaluation...
2026-01-25 12:00:47,693 - root - INFO -    This may take several minutes...
2026-01-25 12:00:47,693 - root - INFO -    Enabled benchmarks: indicglue, multiblimp
2026-01-25 12:00:47,693 - src.evaluation.indicglue_evaluator - INFO - Starting IndicGLUE evaluation on all tasks...
2026-01-25 12:00:47,693 - src.evaluation.indicglue_evaluator - INFO - 
Evaluating BBCArticlesClassification...
2026-01-25 12:00:47,693 - src.evaluation.indicglue_evaluator - INFO - Fine-tuning mode enabled for BBCArticlesClassification
2026-01-25 12:00:47,693 - src.evaluation.indicglue_evaluator - INFO - Using original HuggingFace splits for BBCArticlesClassification
2026-01-25 12:00:47,694 - src.evaluation.indicglue_evaluator - INFO - Attempting to load BBCArticlesClassification from ai4bharat/indic_glue with config 'bbca.hi' (split=train)
2026-01-25 12:00:49,358 - filelock - DEBUG - Attempting to acquire lock 140136463333120 on /dss/dsshome1/00/ge95xod2/.cache/huggingface/datasets/_dss_dsshome1_00_ge95xod2_.cache_huggingface_datasets_ai4bharat___indic_glue_bbca.hi_0.0.0_6dcbebd49d6b12965d433bffcd07e9a786211703.lock
2026-01-25 12:00:49,362 - filelock - DEBUG - Lock 140136463333120 acquired on /dss/dsshome1/00/ge95xod2/.cache/huggingface/datasets/_dss_dsshome1_00_ge95xod2_.cache_huggingface_datasets_ai4bharat___indic_glue_bbca.hi_0.0.0_6dcbebd49d6b12965d433bffcd07e9a786211703.lock
2026-01-25 12:00:49,364 - fsspec.local - DEBUG - open file: /dss/dsshome1/00/ge95xod2/.cache/huggingface/datasets/ai4bharat___indic_glue/bbca.hi/0.0.0/6dcbebd49d6b12965d433bffcd07e9a786211703/dataset_info.json
2026-01-25 12:00:49,365 - filelock - DEBUG - Attempting to release lock 140136463333120 on /dss/dsshome1/00/ge95xod2/.cache/huggingface/datasets/_dss_dsshome1_00_ge95xod2_.cache_huggingface_datasets_ai4bharat___indic_glue_bbca.hi_0.0.0_6dcbebd49d6b12965d433bffcd07e9a786211703.lock
2026-01-25 12:00:49,365 - filelock - DEBUG - Lock 140136463333120 released on /dss/dsshome1/00/ge95xod2/.cache/huggingface/datasets/_dss_dsshome1_00_ge95xod2_.cache_huggingface_datasets_ai4bharat___indic_glue_bbca.hi_0.0.0_6dcbebd49d6b12965d433bffcd07e9a786211703.lock
2026-01-25 12:00:49,369 - filelock - DEBUG - Attempting to acquire lock 140127802903664 on /dss/dsshome1/00/ge95xod2/.cache/huggingface/datasets/ai4bharat___indic_glue/bbca.hi/0.0.0/6dcbebd49d6b12965d433bffcd07e9a786211703_builder.lock
2026-01-25 12:00:49,372 - filelock - DEBUG - Lock 140127802903664 acquired on /dss/dsshome1/00/ge95xod2/.cache/huggingface/datasets/ai4bharat___indic_glue/bbca.hi/0.0.0/6dcbebd49d6b12965d433bffcd07e9a786211703_builder.lock
2026-01-25 12:00:49,373 - fsspec.local - DEBUG - open file: /dss/dsshome1/00/ge95xod2/.cache/huggingface/datasets/ai4bharat___indic_glue/bbca.hi/0.0.0/6dcbebd49d6b12965d433bffcd07e9a786211703/dataset_info.json
2026-01-25 12:00:49,373 - filelock - DEBUG - Attempting to release lock 140127802903664 on /dss/dsshome1/00/ge95xod2/.cache/huggingface/datasets/ai4bharat___indic_glue/bbca.hi/0.0.0/6dcbebd49d6b12965d433bffcd07e9a786211703_builder.lock
2026-01-25 12:00:49,373 - filelock - DEBUG - Lock 140127802903664 released on /dss/dsshome1/00/ge95xod2/.cache/huggingface/datasets/ai4bharat___indic_glue/bbca.hi/0.0.0/6dcbebd49d6b12965d433bffcd07e9a786211703_builder.lock
2026-01-25 12:00:49,434 - src.evaluation.indicglue_evaluator - INFO - Successfully loaded BBCArticlesClassification train split with 3467 examples
2026-01-25 12:00:49,434 - src.evaluation.indicglue_evaluator - INFO -   Loaded train: 3467 examples
2026-01-25 12:00:49,434 - src.evaluation.indicglue_evaluator - INFO - Attempting to load BBCArticlesClassification from ai4bharat/indic_glue with config 'bbca.hi' (split=validation)
2026-01-25 12:00:50,698 - filelock - DEBUG - Attempting to acquire lock 140127802709520 on /dss/dsshome1/00/ge95xod2/.cache/huggingface/datasets/_dss_dsshome1_00_ge95xod2_.cache_huggingface_datasets_ai4bharat___indic_glue_bbca.hi_0.0.0_6dcbebd49d6b12965d433bffcd07e9a786211703.lock
2026-01-25 12:00:50,699 - filelock - DEBUG - Lock 140127802709520 acquired on /dss/dsshome1/00/ge95xod2/.cache/huggingface/datasets/_dss_dsshome1_00_ge95xod2_.cache_huggingface_datasets_ai4bharat___indic_glue_bbca.hi_0.0.0_6dcbebd49d6b12965d433bffcd07e9a786211703.lock
2026-01-25 12:00:50,699 - fsspec.local - DEBUG - open file: /dss/dsshome1/00/ge95xod2/.cache/huggingface/datasets/ai4bharat___indic_glue/bbca.hi/0.0.0/6dcbebd49d6b12965d433bffcd07e9a786211703/dataset_info.json
2026-01-25 12:00:50,700 - filelock - DEBUG - Attempting to release lock 140127802709520 on /dss/dsshome1/00/ge95xod2/.cache/huggingface/datasets/_dss_dsshome1_00_ge95xod2_.cache_huggingface_datasets_ai4bharat___indic_glue_bbca.hi_0.0.0_6dcbebd49d6b12965d433bffcd07e9a786211703.lock
2026-01-25 12:00:50,700 - filelock - DEBUG - Lock 140127802709520 released on /dss/dsshome1/00/ge95xod2/.cache/huggingface/datasets/_dss_dsshome1_00_ge95xod2_.cache_huggingface_datasets_ai4bharat___indic_glue_bbca.hi_0.0.0_6dcbebd49d6b12965d433bffcd07e9a786211703.lock
2026-01-25 12:00:50,702 - filelock - DEBUG - Attempting to acquire lock 140136463701568 on /dss/dsshome1/00/ge95xod2/.cache/huggingface/datasets/ai4bharat___indic_glue/bbca.hi/0.0.0/6dcbebd49d6b12965d433bffcd07e9a786211703_builder.lock
2026-01-25 12:00:50,702 - filelock - DEBUG - Lock 140136463701568 acquired on /dss/dsshome1/00/ge95xod2/.cache/huggingface/datasets/ai4bharat___indic_glue/bbca.hi/0.0.0/6dcbebd49d6b12965d433bffcd07e9a786211703_builder.lock
2026-01-25 12:00:50,703 - fsspec.local - DEBUG - open file: /dss/dsshome1/00/ge95xod2/.cache/huggingface/datasets/ai4bharat___indic_glue/bbca.hi/0.0.0/6dcbebd49d6b12965d433bffcd07e9a786211703/dataset_info.json
2026-01-25 12:00:50,703 - filelock - DEBUG - Attempting to release lock 140136463701568 on /dss/dsshome1/00/ge95xod2/.cache/huggingface/datasets/ai4bharat___indic_glue/bbca.hi/0.0.0/6dcbebd49d6b12965d433bffcd07e9a786211703_builder.lock
2026-01-25 12:00:50,703 - filelock - DEBUG - Lock 140136463701568 released on /dss/dsshome1/00/ge95xod2/.cache/huggingface/datasets/ai4bharat___indic_glue/bbca.hi/0.0.0/6dcbebd49d6b12965d433bffcd07e9a786211703_builder.lock
2026-01-25 12:00:50,704 - src.evaluation.indicglue_evaluator - DEBUG - Failed to load BBCArticlesClassification validation split from HuggingFace: Unknown split "validation". Should be one of ['train', 'test'].
2026-01-25 12:00:50,704 - src.evaluation.indicglue_evaluator - INFO - Attempting to load BBCArticlesClassification from ai4bharat/indic_glue with config 'bbca.hi' (split=test)
2026-01-25 12:00:51,658 - filelock - DEBUG - Attempting to acquire lock 140136463635216 on /dss/dsshome1/00/ge95xod2/.cache/huggingface/datasets/_dss_dsshome1_00_ge95xod2_.cache_huggingface_datasets_ai4bharat___indic_glue_bbca.hi_0.0.0_6dcbebd49d6b12965d433bffcd07e9a786211703.lock
2026-01-25 12:00:51,659 - filelock - DEBUG - Lock 140136463635216 acquired on /dss/dsshome1/00/ge95xod2/.cache/huggingface/datasets/_dss_dsshome1_00_ge95xod2_.cache_huggingface_datasets_ai4bharat___indic_glue_bbca.hi_0.0.0_6dcbebd49d6b12965d433bffcd07e9a786211703.lock
2026-01-25 12:00:51,659 - fsspec.local - DEBUG - open file: /dss/dsshome1/00/ge95xod2/.cache/huggingface/datasets/ai4bharat___indic_glue/bbca.hi/0.0.0/6dcbebd49d6b12965d433bffcd07e9a786211703/dataset_info.json
2026-01-25 12:00:51,660 - filelock - DEBUG - Attempting to release lock 140136463635216 on /dss/dsshome1/00/ge95xod2/.cache/huggingface/datasets/_dss_dsshome1_00_ge95xod2_.cache_huggingface_datasets_ai4bharat___indic_glue_bbca.hi_0.0.0_6dcbebd49d6b12965d433bffcd07e9a786211703.lock
2026-01-25 12:00:51,660 - filelock - DEBUG - Lock 140136463635216 released on /dss/dsshome1/00/ge95xod2/.cache/huggingface/datasets/_dss_dsshome1_00_ge95xod2_.cache_huggingface_datasets_ai4bharat___indic_glue_bbca.hi_0.0.0_6dcbebd49d6b12965d433bffcd07e9a786211703.lock
2026-01-25 12:00:51,662 - filelock - DEBUG - Attempting to acquire lock 140127802648128 on /dss/dsshome1/00/ge95xod2/.cache/huggingface/datasets/ai4bharat___indic_glue/bbca.hi/0.0.0/6dcbebd49d6b12965d433bffcd07e9a786211703_builder.lock
2026-01-25 12:00:51,662 - filelock - DEBUG - Lock 140127802648128 acquired on /dss/dsshome1/00/ge95xod2/.cache/huggingface/datasets/ai4bharat___indic_glue/bbca.hi/0.0.0/6dcbebd49d6b12965d433bffcd07e9a786211703_builder.lock
2026-01-25 12:00:51,663 - fsspec.local - DEBUG - open file: /dss/dsshome1/00/ge95xod2/.cache/huggingface/datasets/ai4bharat___indic_glue/bbca.hi/0.0.0/6dcbebd49d6b12965d433bffcd07e9a786211703/dataset_info.json
2026-01-25 12:00:51,663 - filelock - DEBUG - Attempting to release lock 140127802648128 on /dss/dsshome1/00/ge95xod2/.cache/huggingface/datasets/ai4bharat___indic_glue/bbca.hi/0.0.0/6dcbebd49d6b12965d433bffcd07e9a786211703_builder.lock
2026-01-25 12:00:51,664 - filelock - DEBUG - Lock 140127802648128 released on /dss/dsshome1/00/ge95xod2/.cache/huggingface/datasets/ai4bharat___indic_glue/bbca.hi/0.0.0/6dcbebd49d6b12965d433bffcd07e9a786211703_builder.lock
2026-01-25 12:00:51,691 - src.evaluation.indicglue_evaluator - INFO - Successfully loaded BBCArticlesClassification test split with 866 examples
2026-01-25 12:00:51,691 - src.evaluation.indicglue_evaluator - INFO -   Loaded test: 866 examples
2026-01-25 12:00:51,691 - src.evaluation.indicglue_evaluator - INFO - Fine-tuning BBCArticlesClassification without validation set
2026-01-25 12:00:51,691 - src.evaluation.indicglue_evaluator - INFO - Fine-tuning on BBCArticlesClassification...
2026-01-25 12:00:51,691 - src.evaluation.indicglue.fine_tuning_manager - INFO - Starting fine-tuning for BBCArticlesClassification
2026-01-25 12:00:51,691 - src.evaluation.indicglue.fine_tuning_manager - INFO - Train samples: 3467, No validation set
2026-01-25 12:00:51,692 - src.evaluation.indicglue_evaluator - INFO - Wrapping model for task 'BBCArticlesClassification' with 14 classes
2026-01-25 12:00:51,695 - src.evaluation.indicglue.fine_tuning_manager - INFO - Starting training loop for BBCArticlesClassification
2026-01-25 12:00:51,696 - src.evaluation.indicglue.fine_tuning_manager - INFO - Model parameters: 91,751,438 total, 91,751,438 trainable (100.0%)
2026-01-25 12:00:51,697 - src.evaluation.indicglue.fine_tuning_manager - INFO - ✓ End-to-end training mode (all parameters trainable)
2026-01-25 12:00:51,698 - src.evaluation.indicglue.fine_tuning_manager - INFO - Optimizer: AdamW with 76 params with decay, 74 without decay
2026-01-25 12:00:51,699 - src.evaluation.indicglue.fine_tuning_manager - INFO - Scheduler created: Cosine schedule with 325 warmup steps (total 2170 steps)
2026-01-25 12:00:51,699 - src.evaluation.indicglue.fine_tuning_manager - INFO - Training config: total_steps=2170, warmup_steps=325 (15.0%)
2026-01-25 12:01:37,246 - src.evaluation.indicglue.fine_tuning_manager - INFO - Epoch 1/10: train_loss=2.7619
2026-01-25 12:02:21,125 - src.evaluation.indicglue.fine_tuning_manager - INFO - Epoch 2/10: train_loss=2.5355
2026-01-25 12:03:04,917 - src.evaluation.indicglue.fine_tuning_manager - INFO - Epoch 3/10: train_loss=2.0541
2026-01-25 12:03:48,695 - src.evaluation.indicglue.fine_tuning_manager - INFO - Epoch 4/10: train_loss=1.7634
2026-01-25 12:04:32,478 - src.evaluation.indicglue.fine_tuning_manager - INFO - Epoch 5/10: train_loss=1.5792
2026-01-25 12:05:16,303 - src.evaluation.indicglue.fine_tuning_manager - INFO - Epoch 6/10: train_loss=1.3706
2026-01-25 12:06:00,155 - src.evaluation.indicglue.fine_tuning_manager - INFO - Epoch 7/10: train_loss=1.1803
2026-01-25 12:06:43,938 - src.evaluation.indicglue.fine_tuning_manager - INFO - Epoch 8/10: train_loss=1.0625
2026-01-25 12:07:27,761 - src.evaluation.indicglue.fine_tuning_manager - INFO - Epoch 9/10: train_loss=0.9856
2026-01-25 12:08:11,605 - src.evaluation.indicglue.fine_tuning_manager - INFO - Epoch 10/10: train_loss=0.9239
2026-01-25 12:08:11,606 - src.evaluation.indicglue.fine_tuning_manager - INFO - Using final model from epoch 10
2026-01-25 12:08:12,225 - src.evaluation.indicglue.fine_tuning_manager - DEBUG - CUDA memory cleanup completed successfully
2026-01-25 12:08:12,225 - src.evaluation.indicglue.fine_tuning_manager - DEBUG - Cleaned up optimizer, scheduler, and GPU memory after fine-tuning
2026-01-25 12:08:12,226 - src.evaluation.indicglue_evaluator - INFO - Evaluation mode switched to: fine-tuned (will use classification heads for all tasks)
2026-01-25 12:08:12,227 - src.evaluation.indicglue_evaluator - INFO - Evaluating fine-tuned model on test set...
2026-01-25 12:08:12,227 - src.evaluation.indicglue_evaluator - INFO - Evaluating on 866 examples
2026-01-25 12:08:12,227 - src.evaluation.indicglue_evaluator - INFO - [ROUTING] BBCArticlesClassification: Classification/NLI task → Using classification head
2026-01-25 12:08:12,227 - src.evaluation.evaluation_cache - DEBUG - Generated cache key: a6ab031cd180b48f4a833965ebca75643f59364b08624bf8cfa215132c523db9
2026-01-25 12:08:12,234 - src.evaluation.evaluation_cache - INFO - Cache hit: a6ab031cd180b48f4a833965ebca75643f59364b08624bf8cfa215132c523db9
2026-01-25 12:08:12,234 - src.evaluation.evaluation_cache - INFO -   Created: 2026-01-10T07:25:41.831055
2026-01-25 12:08:12,234 - src.evaluation.evaluation_cache - INFO -   Samples: 2
2026-01-25 12:08:12,234 - src.evaluation.indicglue_evaluator - INFO - Using cached predictions for BBCArticlesClassification
2026-01-25 12:08:12,234 - src.evaluation.indicglue_evaluator - DEBUG - Cleared wrapped model cache for BBCArticlesClassification
2026-01-25 12:08:12,658 - src.evaluation.indicglue_evaluator - DEBUG - CUDA memory cleanup completed successfully
2026-01-25 12:08:12,660 - src.evaluation.indicglue_evaluator - INFO - BBCArticlesClassification Results:
2026-01-25 12:08:12,660 - src.evaluation.indicglue_evaluator - INFO -   num_examples: 866.0000
2026-01-25 12:08:12,660 - src.evaluation.indicglue_evaluator - INFO -   accuracy: 0.1824
2026-01-25 12:08:12,660 - src.evaluation.indicglue_evaluator - INFO -   f1_macro: 0.0612
2026-01-25 12:08:12,660 - src.evaluation.indicglue_evaluator - INFO -   f1_weighted: 0.2269
2026-01-25 12:08:12,660 - src.evaluation.indicglue_evaluator - INFO -   precision_macro: 0.0872
2026-01-25 12:08:12,660 - src.evaluation.indicglue_evaluator - INFO -   recall_macro: 0.0567
2026-01-25 12:08:12,660 - src.evaluation.indicglue_evaluator - INFO -   fine_tuned: 1.0000
2026-01-25 12:08:12,660 - src.evaluation.indicglue_evaluator - INFO -   fine_tuning_time_seconds: 440.5352
2026-01-25 12:08:13,081 - src.evaluation.indicglue_evaluator - DEBUG - CUDA memory cleanup completed successfully
2026-01-25 12:08:13,082 - src.evaluation.indicglue_evaluator - INFO - 
Evaluating Wikipedia Section Title Prediction...
2026-01-25 12:08:13,082 - src.evaluation.indicglue_evaluator - INFO - Fine-tuning mode enabled for Wikipedia Section Title Prediction
2026-01-25 12:08:13,082 - src.evaluation.indicglue_evaluator - INFO - Using original HuggingFace splits for Wikipedia Section Title Prediction
2026-01-25 12:08:13,083 - src.evaluation.indicglue_evaluator - INFO - Attempting to load Wikipedia Section Title Prediction from ai4bharat/indic_glue with config 'wstp.hi' (split=train)
2026-01-25 12:08:14,647 - filelock - DEBUG - Attempting to acquire lock 140127802902896 on /dss/dsshome1/00/ge95xod2/.cache/huggingface/datasets/_dss_dsshome1_00_ge95xod2_.cache_huggingface_datasets_ai4bharat___indic_glue_wstp.hi_0.0.0_6dcbebd49d6b12965d433bffcd07e9a786211703.lock
2026-01-25 12:08:14,651 - filelock - DEBUG - Lock 140127802902896 acquired on /dss/dsshome1/00/ge95xod2/.cache/huggingface/datasets/_dss_dsshome1_00_ge95xod2_.cache_huggingface_datasets_ai4bharat___indic_glue_wstp.hi_0.0.0_6dcbebd49d6b12965d433bffcd07e9a786211703.lock
2026-01-25 12:08:14,653 - fsspec.local - DEBUG - open file: /dss/dsshome1/00/ge95xod2/.cache/huggingface/datasets/ai4bharat___indic_glue/wstp.hi/0.0.0/6dcbebd49d6b12965d433bffcd07e9a786211703/dataset_info.json
2026-01-25 12:08:14,654 - filelock - DEBUG - Attempting to release lock 140127802902896 on /dss/dsshome1/00/ge95xod2/.cache/huggingface/datasets/_dss_dsshome1_00_ge95xod2_.cache_huggingface_datasets_ai4bharat___indic_glue_wstp.hi_0.0.0_6dcbebd49d6b12965d433bffcd07e9a786211703.lock
2026-01-25 12:08:14,654 - filelock - DEBUG - Lock 140127802902896 released on /dss/dsshome1/00/ge95xod2/.cache/huggingface/datasets/_dss_dsshome1_00_ge95xod2_.cache_huggingface_datasets_ai4bharat___indic_glue_wstp.hi_0.0.0_6dcbebd49d6b12965d433bffcd07e9a786211703.lock
2026-01-25 12:08:14,656 - filelock - DEBUG - Attempting to acquire lock 140136463220800 on /dss/dsshome1/00/ge95xod2/.cache/huggingface/datasets/ai4bharat___indic_glue/wstp.hi/0.0.0/6dcbebd49d6b12965d433bffcd07e9a786211703_builder.lock
2026-01-25 12:08:14,660 - filelock - DEBUG - Lock 140136463220800 acquired on /dss/dsshome1/00/ge95xod2/.cache/huggingface/datasets/ai4bharat___indic_glue/wstp.hi/0.0.0/6dcbebd49d6b12965d433bffcd07e9a786211703_builder.lock
2026-01-25 12:08:14,660 - fsspec.local - DEBUG - open file: /dss/dsshome1/00/ge95xod2/.cache/huggingface/datasets/ai4bharat___indic_glue/wstp.hi/0.0.0/6dcbebd49d6b12965d433bffcd07e9a786211703/dataset_info.json
2026-01-25 12:08:14,661 - filelock - DEBUG - Attempting to release lock 140136463220800 on /dss/dsshome1/00/ge95xod2/.cache/huggingface/datasets/ai4bharat___indic_glue/wstp.hi/0.0.0/6dcbebd49d6b12965d433bffcd07e9a786211703_builder.lock
2026-01-25 12:08:14,661 - filelock - DEBUG - Lock 140136463220800 released on /dss/dsshome1/00/ge95xod2/.cache/huggingface/datasets/ai4bharat___indic_glue/wstp.hi/0.0.0/6dcbebd49d6b12965d433bffcd07e9a786211703_builder.lock
2026-01-25 12:08:15,068 - src.evaluation.indicglue_evaluator - INFO - Successfully loaded Wikipedia Section Title Prediction train split with 44069 examples
2026-01-25 12:08:15,069 - src.evaluation.indicglue_evaluator - INFO -   Loaded train: 44069 examples
2026-01-25 12:08:15,069 - src.evaluation.indicglue_evaluator - INFO - Attempting to load Wikipedia Section Title Prediction from ai4bharat/indic_glue with config 'wstp.hi' (split=validation)
2026-01-25 12:08:16,029 - filelock - DEBUG - Attempting to acquire lock 140136463223152 on /dss/dsshome1/00/ge95xod2/.cache/huggingface/datasets/_dss_dsshome1_00_ge95xod2_.cache_huggingface_datasets_ai4bharat___indic_glue_wstp.hi_0.0.0_6dcbebd49d6b12965d433bffcd07e9a786211703.lock
2026-01-25 12:08:16,030 - filelock - DEBUG - Lock 140136463223152 acquired on /dss/dsshome1/00/ge95xod2/.cache/huggingface/datasets/_dss_dsshome1_00_ge95xod2_.cache_huggingface_datasets_ai4bharat___indic_glue_wstp.hi_0.0.0_6dcbebd49d6b12965d433bffcd07e9a786211703.lock
2026-01-25 12:08:16,030 - fsspec.local - DEBUG - open file: /dss/dsshome1/00/ge95xod2/.cache/huggingface/datasets/ai4bharat___indic_glue/wstp.hi/0.0.0/6dcbebd49d6b12965d433bffcd07e9a786211703/dataset_info.json
2026-01-25 12:08:16,031 - filelock - DEBUG - Attempting to release lock 140136463223152 on /dss/dsshome1/00/ge95xod2/.cache/huggingface/datasets/_dss_dsshome1_00_ge95xod2_.cache_huggingface_datasets_ai4bharat___indic_glue_wstp.hi_0.0.0_6dcbebd49d6b12965d433bffcd07e9a786211703.lock
2026-01-25 12:08:16,032 - filelock - DEBUG - Lock 140136463223152 released on /dss/dsshome1/00/ge95xod2/.cache/huggingface/datasets/_dss_dsshome1_00_ge95xod2_.cache_huggingface_datasets_ai4bharat___indic_glue_wstp.hi_0.0.0_6dcbebd49d6b12965d433bffcd07e9a786211703.lock
2026-01-25 12:08:16,034 - filelock - DEBUG - Attempting to acquire lock 140127802598736 on /dss/dsshome1/00/ge95xod2/.cache/huggingface/datasets/ai4bharat___indic_glue/wstp.hi/0.0.0/6dcbebd49d6b12965d433bffcd07e9a786211703_builder.lock
2026-01-25 12:08:16,034 - filelock - DEBUG - Lock 140127802598736 acquired on /dss/dsshome1/00/ge95xod2/.cache/huggingface/datasets/ai4bharat___indic_glue/wstp.hi/0.0.0/6dcbebd49d6b12965d433bffcd07e9a786211703_builder.lock
2026-01-25 12:08:16,034 - fsspec.local - DEBUG - open file: /dss/dsshome1/00/ge95xod2/.cache/huggingface/datasets/ai4bharat___indic_glue/wstp.hi/0.0.0/6dcbebd49d6b12965d433bffcd07e9a786211703/dataset_info.json
2026-01-25 12:08:16,035 - filelock - DEBUG - Attempting to release lock 140127802598736 on /dss/dsshome1/00/ge95xod2/.cache/huggingface/datasets/ai4bharat___indic_glue/wstp.hi/0.0.0/6dcbebd49d6b12965d433bffcd07e9a786211703_builder.lock
2026-01-25 12:08:16,035 - filelock - DEBUG - Lock 140127802598736 released on /dss/dsshome1/00/ge95xod2/.cache/huggingface/datasets/ai4bharat___indic_glue/wstp.hi/0.0.0/6dcbebd49d6b12965d433bffcd07e9a786211703_builder.lock
2026-01-25 12:08:16,102 - src.evaluation.indicglue_evaluator - INFO - Successfully loaded Wikipedia Section Title Prediction validation split with 5509 examples
2026-01-25 12:08:16,102 - src.evaluation.indicglue_evaluator - INFO -   Loaded validation: 5509 examples
2026-01-25 12:08:16,102 - src.evaluation.indicglue_evaluator - INFO - Attempting to load Wikipedia Section Title Prediction from ai4bharat/indic_glue with config 'wstp.hi' (split=test)
2026-01-25 12:08:17,047 - filelock - DEBUG - Attempting to acquire lock 140127614099072 on /dss/dsshome1/00/ge95xod2/.cache/huggingface/datasets/_dss_dsshome1_00_ge95xod2_.cache_huggingface_datasets_ai4bharat___indic_glue_wstp.hi_0.0.0_6dcbebd49d6b12965d433bffcd07e9a786211703.lock
2026-01-25 12:08:17,048 - filelock - DEBUG - Lock 140127614099072 acquired on /dss/dsshome1/00/ge95xod2/.cache/huggingface/datasets/_dss_dsshome1_00_ge95xod2_.cache_huggingface_datasets_ai4bharat___indic_glue_wstp.hi_0.0.0_6dcbebd49d6b12965d433bffcd07e9a786211703.lock
2026-01-25 12:08:17,049 - fsspec.local - DEBUG - open file: /dss/dsshome1/00/ge95xod2/.cache/huggingface/datasets/ai4bharat___indic_glue/wstp.hi/0.0.0/6dcbebd49d6b12965d433bffcd07e9a786211703/dataset_info.json
2026-01-25 12:08:17,049 - filelock - DEBUG - Attempting to release lock 140127614099072 on /dss/dsshome1/00/ge95xod2/.cache/huggingface/datasets/_dss_dsshome1_00_ge95xod2_.cache_huggingface_datasets_ai4bharat___indic_glue_wstp.hi_0.0.0_6dcbebd49d6b12965d433bffcd07e9a786211703.lock
2026-01-25 12:08:17,049 - filelock - DEBUG - Lock 140127614099072 released on /dss/dsshome1/00/ge95xod2/.cache/huggingface/datasets/_dss_dsshome1_00_ge95xod2_.cache_huggingface_datasets_ai4bharat___indic_glue_wstp.hi_0.0.0_6dcbebd49d6b12965d433bffcd07e9a786211703.lock
2026-01-25 12:08:17,051 - filelock - DEBUG - Attempting to acquire lock 140127614468256 on /dss/dsshome1/00/ge95xod2/.cache/huggingface/datasets/ai4bharat___indic_glue/wstp.hi/0.0.0/6dcbebd49d6b12965d433bffcd07e9a786211703_builder.lock
2026-01-25 12:08:17,052 - filelock - DEBUG - Lock 140127614468256 acquired on /dss/dsshome1/00/ge95xod2/.cache/huggingface/datasets/ai4bharat___indic_glue/wstp.hi/0.0.0/6dcbebd49d6b12965d433bffcd07e9a786211703_builder.lock
2026-01-25 12:08:17,052 - fsspec.local - DEBUG - open file: /dss/dsshome1/00/ge95xod2/.cache/huggingface/datasets/ai4bharat___indic_glue/wstp.hi/0.0.0/6dcbebd49d6b12965d433bffcd07e9a786211703/dataset_info.json
2026-01-25 12:08:17,053 - filelock - DEBUG - Attempting to release lock 140127614468256 on /dss/dsshome1/00/ge95xod2/.cache/huggingface/datasets/ai4bharat___indic_glue/wstp.hi/0.0.0/6dcbebd49d6b12965d433bffcd07e9a786211703_builder.lock
2026-01-25 12:08:17,054 - filelock - DEBUG - Lock 140127614468256 released on /dss/dsshome1/00/ge95xod2/.cache/huggingface/datasets/ai4bharat___indic_glue/wstp.hi/0.0.0/6dcbebd49d6b12965d433bffcd07e9a786211703_builder.lock
2026-01-25 12:08:17,120 - src.evaluation.indicglue_evaluator - INFO - Successfully loaded Wikipedia Section Title Prediction test split with 5509 examples
2026-01-25 12:08:17,120 - src.evaluation.indicglue_evaluator - INFO -   Loaded test: 5509 examples
2026-01-25 12:08:17,120 - src.evaluation.indicglue_evaluator - INFO - Fine-tuning on Wikipedia Section Title Prediction...
2026-01-25 12:08:17,120 - src.evaluation.indicglue.fine_tuning_manager - INFO - Starting fine-tuning for Wikipedia Section Title Prediction
2026-01-25 12:08:17,120 - src.evaluation.indicglue.fine_tuning_manager - INFO - Train samples: 44069, Val samples: 5509
2026-01-25 12:08:17,120 - src.evaluation.indicglue_evaluator - INFO - Creating custom MultipleChoiceWrapper for 'Wikipedia Section Title Prediction' with 4 choices
2026-01-25 12:08:17,124 - src.evaluation.indicglue.fine_tuning_manager - INFO - Starting training loop for Wikipedia Section Title Prediction
2026-01-25 12:08:17,126 - src.evaluation.indicglue.fine_tuning_manager - INFO - Model parameters: 91,741,441 total, 91,741,441 trainable (100.0%)
2026-01-25 12:08:17,126 - src.evaluation.indicglue.fine_tuning_manager - INFO - ✓ End-to-end training mode (all parameters trainable)
2026-01-25 12:08:17,127 - src.evaluation.indicglue.fine_tuning_manager - INFO - Optimizer: AdamW with 76 params with decay, 74 without decay
2026-01-25 12:08:17,128 - src.evaluation.indicglue.fine_tuning_manager - INFO - Scheduler created: Cosine schedule with 4132 warmup steps (total 27550 steps)
2026-01-25 12:08:17,128 - src.evaluation.indicglue.fine_tuning_manager - INFO - Training config: total_steps=27550, warmup_steps=4132 (15.0%)
2026-01-25 12:33:39,731 - src.evaluation.indicglue.fine_tuning_manager - INFO - Epoch 1/10: train_loss=1.3978, val_acc=0.2592, val_loss=1.3863
2026-01-25 12:33:39,935 - src.evaluation.indicglue.fine_tuning_manager - INFO -   → New best validation accuracy: 0.2592 (improvement: 0.2592)
2026-01-25 12:58:52,712 - src.evaluation.indicglue.fine_tuning_manager - INFO - Epoch 2/10: train_loss=1.3985, val_acc=0.2592, val_loss=1.3863
2026-01-25 12:58:52,713 - src.evaluation.indicglue.fine_tuning_manager - INFO -   → No improvement (patience: 1/3)
2026-01-25 13:24:06,032 - src.evaluation.indicglue.fine_tuning_manager - INFO - Epoch 3/10: train_loss=1.3977, val_acc=0.2592, val_loss=1.3863
2026-01-25 13:24:06,033 - src.evaluation.indicglue.fine_tuning_manager - INFO -   → No improvement (patience: 2/3)
2026-01-25 13:49:19,762 - src.evaluation.indicglue.fine_tuning_manager - INFO - Epoch 4/10: train_loss=1.3985, val_acc=0.2592, val_loss=1.3863
2026-01-25 13:49:19,762 - src.evaluation.indicglue.fine_tuning_manager - INFO -   → No improvement (patience: 3/3)
2026-01-25 13:49:19,762 - src.evaluation.indicglue.fine_tuning_manager - INFO - Early stopping triggered at epoch 4
2026-01-25 13:49:19,927 - src.evaluation.indicglue.fine_tuning_manager - INFO - Restored best model from epoch 1 with val_acc=0.2592
2026-01-25 13:49:20,558 - src.evaluation.indicglue.fine_tuning_manager - DEBUG - CUDA memory cleanup completed successfully
2026-01-25 13:49:20,558 - src.evaluation.indicglue.fine_tuning_manager - DEBUG - Cleaned up optimizer, scheduler, and GPU memory after fine-tuning
2026-01-25 13:49:20,558 - src.evaluation.indicglue_evaluator - INFO - Evaluation mode switched to: fine-tuned (will use classification heads for all tasks)
2026-01-25 13:49:20,559 - src.evaluation.indicglue_evaluator - INFO - Evaluating fine-tuned model on test set...
2026-01-25 13:49:20,559 - src.evaluation.indicglue_evaluator - INFO - Evaluating on 5509 examples
2026-01-25 13:49:20,559 - src.evaluation.indicglue_evaluator - INFO - [ROUTING] Wikipedia Section Title Prediction: Fine-tuned MC task → Using classification head (matches official IndicBERT)
2026-01-25 13:49:20,571 - src.evaluation.evaluation_cache - DEBUG - Generated cache key: 5ae840fae5132fa5e87e4717a78c893f6407d884d1902da4d9a9c8533e2cabd7
2026-01-25 13:49:20,614 - src.evaluation.evaluation_cache - INFO - Cache hit: 5ae840fae5132fa5e87e4717a78c893f6407d884d1902da4d9a9c8533e2cabd7
2026-01-25 13:49:20,614 - src.evaluation.evaluation_cache - INFO -   Created: 2026-01-11T18:12:43.773412
2026-01-25 13:49:20,614 - src.evaluation.evaluation_cache - INFO -   Samples: 2
2026-01-25 13:49:20,614 - src.evaluation.indicglue_evaluator - INFO - Using cached predictions for Wikipedia Section Title Prediction
2026-01-25 13:49:20,614 - src.evaluation.indicglue_evaluator - DEBUG - Cleared wrapped model cache for Wikipedia Section Title Prediction
2026-01-25 13:49:21,048 - src.evaluation.indicglue_evaluator - DEBUG - CUDA memory cleanup completed successfully
2026-01-25 13:49:21,061 - src.evaluation.indicglue_evaluator - INFO - Wikipedia Section Title Prediction Results:
2026-01-25 13:49:21,062 - src.evaluation.indicglue_evaluator - INFO -   num_examples: 5509.0000
2026-01-25 13:49:21,062 - src.evaluation.indicglue_evaluator - INFO -   accuracy: 0.2545
2026-01-25 13:49:21,062 - src.evaluation.indicglue_evaluator - INFO -   f1_macro: 0.1014
2026-01-25 13:49:21,062 - src.evaluation.indicglue_evaluator - INFO -   f1_weighted: 0.1033
2026-01-25 13:49:21,062 - src.evaluation.indicglue_evaluator - INFO -   precision_macro: 0.0636
2026-01-25 13:49:21,062 - src.evaluation.indicglue_evaluator - INFO -   recall_macro: 0.2500
2026-01-25 13:49:21,062 - src.evaluation.indicglue_evaluator - INFO -   fine_tuned: 1.0000
2026-01-25 13:49:21,062 - src.evaluation.indicglue_evaluator - INFO -   fine_tuning_time_seconds: 6063.4383
2026-01-25 13:49:21,489 - src.evaluation.indicglue_evaluator - DEBUG - CUDA memory cleanup completed successfully
2026-01-25 13:49:21,489 - src.evaluation.indicglue_evaluator - INFO - 
Evaluating Cloze-style multiple-choice QA...
2026-01-25 13:49:21,489 - src.evaluation.indicglue_evaluator - INFO - Fine-tuning mode enabled for Cloze-style multiple-choice QA
2026-01-25 13:49:21,489 - src.evaluation.indicglue_evaluator - INFO - Creating custom splits for Cloze-style multiple-choice QA
2026-01-25 13:49:21,489 - src.evaluation.indicglue_evaluator - INFO -   Reason: Dataset only has test split (35,140 examples); custom splits required for fine-tuning
2026-01-25 13:49:21,489 - src.evaluation.indicglue_evaluator - INFO - Creating custom splits for Cloze-style multiple-choice QA...
2026-01-25 13:49:21,490 - src.evaluation.indicglue_evaluator - INFO - Using task-specific split ratios for Cloze-style multiple-choice QA
2026-01-25 13:49:21,490 - src.evaluation.indicglue_evaluator - INFO -   Train: 80.0%, Val: 10.0%, Test: 10.0%, Seed: 42
2026-01-25 13:49:21,491 - src.evaluation.indicglue_evaluator - INFO - Loading complete dataset for Cloze-style multiple-choice QA (all available splits)...
2026-01-25 13:49:21,491 - src.evaluation.indicglue_evaluator - INFO - Attempting to load Cloze-style multiple-choice QA from ai4bharat/indic_glue with config 'csqa.hi' (split=train)
2026-01-25 13:49:22,975 - filelock - DEBUG - Attempting to acquire lock 140127614236992 on /dss/dsshome1/00/ge95xod2/.cache/huggingface/datasets/_dss_dsshome1_00_ge95xod2_.cache_huggingface_datasets_ai4bharat___indic_glue_csqa.hi_0.0.0_6dcbebd49d6b12965d433bffcd07e9a786211703.lock
2026-01-25 13:49:22,979 - filelock - DEBUG - Lock 140127614236992 acquired on /dss/dsshome1/00/ge95xod2/.cache/huggingface/datasets/_dss_dsshome1_00_ge95xod2_.cache_huggingface_datasets_ai4bharat___indic_glue_csqa.hi_0.0.0_6dcbebd49d6b12965d433bffcd07e9a786211703.lock
2026-01-25 13:49:22,981 - fsspec.local - DEBUG - open file: /dss/dsshome1/00/ge95xod2/.cache/huggingface/datasets/ai4bharat___indic_glue/csqa.hi/0.0.0/6dcbebd49d6b12965d433bffcd07e9a786211703/dataset_info.json
2026-01-25 13:49:22,982 - filelock - DEBUG - Attempting to release lock 140127614236992 on /dss/dsshome1/00/ge95xod2/.cache/huggingface/datasets/_dss_dsshome1_00_ge95xod2_.cache_huggingface_datasets_ai4bharat___indic_glue_csqa.hi_0.0.0_6dcbebd49d6b12965d433bffcd07e9a786211703.lock
2026-01-25 13:49:22,995 - filelock - DEBUG - Lock 140127614236992 released on /dss/dsshome1/00/ge95xod2/.cache/huggingface/datasets/_dss_dsshome1_00_ge95xod2_.cache_huggingface_datasets_ai4bharat___indic_glue_csqa.hi_0.0.0_6dcbebd49d6b12965d433bffcd07e9a786211703.lock
2026-01-25 13:49:22,997 - filelock - DEBUG - Attempting to acquire lock 140127803021248 on /dss/dsshome1/00/ge95xod2/.cache/huggingface/datasets/ai4bharat___indic_glue/csqa.hi/0.0.0/6dcbebd49d6b12965d433bffcd07e9a786211703_builder.lock
2026-01-25 13:49:23,001 - filelock - DEBUG - Lock 140127803021248 acquired on /dss/dsshome1/00/ge95xod2/.cache/huggingface/datasets/ai4bharat___indic_glue/csqa.hi/0.0.0/6dcbebd49d6b12965d433bffcd07e9a786211703_builder.lock
2026-01-25 13:49:23,001 - fsspec.local - DEBUG - open file: /dss/dsshome1/00/ge95xod2/.cache/huggingface/datasets/ai4bharat___indic_glue/csqa.hi/0.0.0/6dcbebd49d6b12965d433bffcd07e9a786211703/dataset_info.json
2026-01-25 13:49:23,002 - filelock - DEBUG - Attempting to release lock 140127803021248 on /dss/dsshome1/00/ge95xod2/.cache/huggingface/datasets/ai4bharat___indic_glue/csqa.hi/0.0.0/6dcbebd49d6b12965d433bffcd07e9a786211703_builder.lock
2026-01-25 13:49:23,002 - filelock - DEBUG - Lock 140127803021248 released on /dss/dsshome1/00/ge95xod2/.cache/huggingface/datasets/ai4bharat___indic_glue/csqa.hi/0.0.0/6dcbebd49d6b12965d433bffcd07e9a786211703_builder.lock
2026-01-25 13:49:23,002 - src.evaluation.indicglue_evaluator - DEBUG - Failed to load Cloze-style multiple-choice QA train split from HuggingFace: Unknown split "train". Should be one of ['test'].
2026-01-25 13:49:23,002 - src.evaluation.indicglue_evaluator - INFO - Attempting to load Cloze-style multiple-choice QA from ai4bharat/indic_glue with config 'csqa.hi' (split=validation)
2026-01-25 13:49:23,948 - filelock - DEBUG - Attempting to acquire lock 140127635013536 on /dss/dsshome1/00/ge95xod2/.cache/huggingface/datasets/_dss_dsshome1_00_ge95xod2_.cache_huggingface_datasets_ai4bharat___indic_glue_csqa.hi_0.0.0_6dcbebd49d6b12965d433bffcd07e9a786211703.lock
2026-01-25 13:49:23,948 - filelock - DEBUG - Lock 140127635013536 acquired on /dss/dsshome1/00/ge95xod2/.cache/huggingface/datasets/_dss_dsshome1_00_ge95xod2_.cache_huggingface_datasets_ai4bharat___indic_glue_csqa.hi_0.0.0_6dcbebd49d6b12965d433bffcd07e9a786211703.lock
2026-01-25 13:49:23,949 - fsspec.local - DEBUG - open file: /dss/dsshome1/00/ge95xod2/.cache/huggingface/datasets/ai4bharat___indic_glue/csqa.hi/0.0.0/6dcbebd49d6b12965d433bffcd07e9a786211703/dataset_info.json
2026-01-25 13:49:23,950 - filelock - DEBUG - Attempting to release lock 140127635013536 on /dss/dsshome1/00/ge95xod2/.cache/huggingface/datasets/_dss_dsshome1_00_ge95xod2_.cache_huggingface_datasets_ai4bharat___indic_glue_csqa.hi_0.0.0_6dcbebd49d6b12965d433bffcd07e9a786211703.lock
2026-01-25 13:49:23,950 - filelock - DEBUG - Lock 140127635013536 released on /dss/dsshome1/00/ge95xod2/.cache/huggingface/datasets/_dss_dsshome1_00_ge95xod2_.cache_huggingface_datasets_ai4bharat___indic_glue_csqa.hi_0.0.0_6dcbebd49d6b12965d433bffcd07e9a786211703.lock
2026-01-25 13:49:23,951 - filelock - DEBUG - Attempting to acquire lock 140127615418624 on /dss/dsshome1/00/ge95xod2/.cache/huggingface/datasets/ai4bharat___indic_glue/csqa.hi/0.0.0/6dcbebd49d6b12965d433bffcd07e9a786211703_builder.lock
2026-01-25 13:49:23,952 - filelock - DEBUG - Lock 140127615418624 acquired on /dss/dsshome1/00/ge95xod2/.cache/huggingface/datasets/ai4bharat___indic_glue/csqa.hi/0.0.0/6dcbebd49d6b12965d433bffcd07e9a786211703_builder.lock
2026-01-25 13:49:23,952 - fsspec.local - DEBUG - open file: /dss/dsshome1/00/ge95xod2/.cache/huggingface/datasets/ai4bharat___indic_glue/csqa.hi/0.0.0/6dcbebd49d6b12965d433bffcd07e9a786211703/dataset_info.json
2026-01-25 13:49:23,953 - filelock - DEBUG - Attempting to release lock 140127615418624 on /dss/dsshome1/00/ge95xod2/.cache/huggingface/datasets/ai4bharat___indic_glue/csqa.hi/0.0.0/6dcbebd49d6b12965d433bffcd07e9a786211703_builder.lock
2026-01-25 13:49:23,954 - filelock - DEBUG - Lock 140127615418624 released on /dss/dsshome1/00/ge95xod2/.cache/huggingface/datasets/ai4bharat___indic_glue/csqa.hi/0.0.0/6dcbebd49d6b12965d433bffcd07e9a786211703_builder.lock
2026-01-25 13:49:23,954 - src.evaluation.indicglue_evaluator - DEBUG - Failed to load Cloze-style multiple-choice QA validation split from HuggingFace: Unknown split "validation". Should be one of ['test'].
2026-01-25 13:49:23,954 - src.evaluation.indicglue_evaluator - INFO - Attempting to load Cloze-style multiple-choice QA from ai4bharat/indic_glue with config 'csqa.hi' (split=test)
2026-01-25 13:49:24,899 - filelock - DEBUG - Attempting to acquire lock 140127615418720 on /dss/dsshome1/00/ge95xod2/.cache/huggingface/datasets/_dss_dsshome1_00_ge95xod2_.cache_huggingface_datasets_ai4bharat___indic_glue_csqa.hi_0.0.0_6dcbebd49d6b12965d433bffcd07e9a786211703.lock
2026-01-25 13:49:24,899 - filelock - DEBUG - Lock 140127615418720 acquired on /dss/dsshome1/00/ge95xod2/.cache/huggingface/datasets/_dss_dsshome1_00_ge95xod2_.cache_huggingface_datasets_ai4bharat___indic_glue_csqa.hi_0.0.0_6dcbebd49d6b12965d433bffcd07e9a786211703.lock
2026-01-25 13:49:24,900 - fsspec.local - DEBUG - open file: /dss/dsshome1/00/ge95xod2/.cache/huggingface/datasets/ai4bharat___indic_glue/csqa.hi/0.0.0/6dcbebd49d6b12965d433bffcd07e9a786211703/dataset_info.json
2026-01-25 13:49:24,901 - filelock - DEBUG - Attempting to release lock 140127615418720 on /dss/dsshome1/00/ge95xod2/.cache/huggingface/datasets/_dss_dsshome1_00_ge95xod2_.cache_huggingface_datasets_ai4bharat___indic_glue_csqa.hi_0.0.0_6dcbebd49d6b12965d433bffcd07e9a786211703.lock
2026-01-25 13:49:24,901 - filelock - DEBUG - Lock 140127615418720 released on /dss/dsshome1/00/ge95xod2/.cache/huggingface/datasets/_dss_dsshome1_00_ge95xod2_.cache_huggingface_datasets_ai4bharat___indic_glue_csqa.hi_0.0.0_6dcbebd49d6b12965d433bffcd07e9a786211703.lock
2026-01-25 13:49:24,902 - filelock - DEBUG - Attempting to acquire lock 140127633189616 on /dss/dsshome1/00/ge95xod2/.cache/huggingface/datasets/ai4bharat___indic_glue/csqa.hi/0.0.0/6dcbebd49d6b12965d433bffcd07e9a786211703_builder.lock
2026-01-25 13:49:24,903 - filelock - DEBUG - Lock 140127633189616 acquired on /dss/dsshome1/00/ge95xod2/.cache/huggingface/datasets/ai4bharat___indic_glue/csqa.hi/0.0.0/6dcbebd49d6b12965d433bffcd07e9a786211703_builder.lock
2026-01-25 13:49:24,903 - fsspec.local - DEBUG - open file: /dss/dsshome1/00/ge95xod2/.cache/huggingface/datasets/ai4bharat___indic_glue/csqa.hi/0.0.0/6dcbebd49d6b12965d433bffcd07e9a786211703/dataset_info.json
2026-01-25 13:49:24,904 - filelock - DEBUG - Attempting to release lock 140127633189616 on /dss/dsshome1/00/ge95xod2/.cache/huggingface/datasets/ai4bharat___indic_glue/csqa.hi/0.0.0/6dcbebd49d6b12965d433bffcd07e9a786211703_builder.lock
2026-01-25 13:49:24,904 - filelock - DEBUG - Lock 140127633189616 released on /dss/dsshome1/00/ge95xod2/.cache/huggingface/datasets/ai4bharat___indic_glue/csqa.hi/0.0.0/6dcbebd49d6b12965d433bffcd07e9a786211703_builder.lock
2026-01-25 13:49:25,164 - src.evaluation.indicglue_evaluator - INFO - Successfully loaded Cloze-style multiple-choice QA test split with 35140 examples
2026-01-25 13:49:25,164 - src.evaluation.indicglue_evaluator - INFO -   Loaded test: 35140 examples
2026-01-25 13:49:25,164 - src.evaluation.indicglue_evaluator - INFO -   Combined dataset: 35140 total examples from [test(35140)]
2026-01-25 13:49:25,528 - src.evaluation.indicglue_evaluator - INFO - Custom splits created for Cloze-style multiple-choice QA:
2026-01-25 13:49:25,528 - src.evaluation.indicglue_evaluator - INFO -   Train:      28112 examples (80.0%)
2026-01-25 13:49:25,528 - src.evaluation.indicglue_evaluator - INFO -   Validation:  3514 examples (10.0%)
2026-01-25 13:49:25,528 - src.evaluation.indicglue_evaluator - INFO -   Test:        3514 examples (10.0%)
2026-01-25 13:49:25,528 - src.evaluation.indicglue_evaluator - INFO -   Total:      35140 examples
2026-01-25 13:49:25,529 - src.evaluation.indicglue_evaluator - INFO - Fine-tuning on Cloze-style multiple-choice QA...
2026-01-25 13:49:25,530 - src.evaluation.indicglue.fine_tuning_manager - INFO - Starting fine-tuning for Cloze-style multiple-choice QA
2026-01-25 13:49:25,530 - src.evaluation.indicglue.fine_tuning_manager - INFO - Train samples: 28112, Val samples: 3514
2026-01-25 13:49:25,530 - src.evaluation.indicglue_evaluator - INFO - Creating custom MultipleChoiceWrapper for 'Cloze-style multiple-choice QA' with 4 choices
2026-01-25 13:49:25,534 - src.evaluation.indicglue.fine_tuning_manager - INFO - Starting training loop for Cloze-style multiple-choice QA
2026-01-25 13:49:25,535 - src.evaluation.indicglue.fine_tuning_manager - INFO - Model parameters: 91,741,441 total, 91,741,441 trainable (100.0%)
2026-01-25 13:49:25,535 - src.evaluation.indicglue.fine_tuning_manager - INFO - ✓ End-to-end training mode (all parameters trainable)
2026-01-25 13:49:25,537 - src.evaluation.indicglue.fine_tuning_manager - INFO - Optimizer: AdamW with 76 params with decay, 74 without decay
2026-01-25 13:49:25,537 - src.evaluation.indicglue.fine_tuning_manager - INFO - Scheduler created: Cosine schedule with 2635 warmup steps (total 17570 steps)
2026-01-25 13:49:25,537 - src.evaluation.indicglue.fine_tuning_manager - INFO - Training config: total_steps=17570, warmup_steps=2635 (15.0%)
2026-01-25 14:04:38,330 - src.evaluation.indicglue.fine_tuning_manager - INFO - Epoch 1/10: train_loss=1.4071, val_acc=0.2555, val_loss=1.3863
2026-01-25 14:04:38,487 - src.evaluation.indicglue.fine_tuning_manager - INFO -   → New best validation accuracy: 0.2555 (improvement: 0.2555)
2026-01-25 14:19:50,058 - src.evaluation.indicglue.fine_tuning_manager - INFO - Epoch 2/10: train_loss=1.4061, val_acc=0.2555, val_loss=1.3863
2026-01-25 14:19:50,059 - src.evaluation.indicglue.fine_tuning_manager - INFO -   → No improvement (patience: 1/3)
2026-01-25 14:35:01,394 - src.evaluation.indicglue.fine_tuning_manager - INFO - Epoch 3/10: train_loss=1.4021, val_acc=0.2555, val_loss=1.3863
2026-01-25 14:35:01,394 - src.evaluation.indicglue.fine_tuning_manager - INFO -   → No improvement (patience: 2/3)
2026-01-25 14:50:12,562 - src.evaluation.indicglue.fine_tuning_manager - INFO - Epoch 4/10: train_loss=1.3984, val_acc=0.2555, val_loss=1.3863
2026-01-25 14:50:12,562 - src.evaluation.indicglue.fine_tuning_manager - INFO -   → No improvement (patience: 3/3)
2026-01-25 14:50:12,563 - src.evaluation.indicglue.fine_tuning_manager - INFO - Early stopping triggered at epoch 4
2026-01-25 14:50:12,727 - src.evaluation.indicglue.fine_tuning_manager - INFO - Restored best model from epoch 1 with val_acc=0.2555
2026-01-25 14:50:13,340 - src.evaluation.indicglue.fine_tuning_manager - DEBUG - CUDA memory cleanup completed successfully
2026-01-25 14:50:13,341 - src.evaluation.indicglue.fine_tuning_manager - DEBUG - Cleaned up optimizer, scheduler, and GPU memory after fine-tuning
2026-01-25 14:50:13,341 - src.evaluation.indicglue_evaluator - INFO - Evaluation mode switched to: fine-tuned (will use classification heads for all tasks)
2026-01-25 14:50:13,341 - src.evaluation.indicglue_evaluator - INFO - Evaluating fine-tuned model on test set...
2026-01-25 14:50:13,341 - src.evaluation.indicglue_evaluator - INFO - Evaluating on 3514 examples
2026-01-25 14:50:13,342 - src.evaluation.indicglue_evaluator - INFO - [ROUTING] Cloze-style multiple-choice QA: Fine-tuned MC task → Using classification head (matches official IndicBERT)
2026-01-25 14:50:13,342 - src.evaluation.evaluation_cache - DEBUG - Generated cache key: 0725664d4c63bc758d71411abfeb4acd19c9aacbce2add106e2bb6b9b349e71f
2026-01-25 14:50:13,348 - src.evaluation.evaluation_cache - INFO - Cache hit: 0725664d4c63bc758d71411abfeb4acd19c9aacbce2add106e2bb6b9b349e71f
2026-01-25 14:50:13,348 - src.evaluation.evaluation_cache - INFO -   Created: 2026-01-11T20:26:43.164896
2026-01-25 14:50:13,348 - src.evaluation.evaluation_cache - INFO -   Samples: 2
2026-01-25 14:50:13,349 - src.evaluation.indicglue_evaluator - INFO - Using cached predictions for Cloze-style multiple-choice QA
2026-01-25 14:50:13,349 - src.evaluation.indicglue_evaluator - DEBUG - Cleared wrapped model cache for Cloze-style multiple-choice QA
2026-01-25 14:50:13,794 - src.evaluation.indicglue_evaluator - DEBUG - CUDA memory cleanup completed successfully
2026-01-25 14:50:13,798 - src.evaluation.indicglue_evaluator - INFO - Cloze-style multiple-choice QA Results:
2026-01-25 14:50:13,798 - src.evaluation.indicglue_evaluator - INFO -   num_examples: 3514.0000
2026-01-25 14:50:13,798 - src.evaluation.indicglue_evaluator - INFO -   accuracy: 0.2365
2026-01-25 14:50:13,798 - src.evaluation.indicglue_evaluator - INFO -   f1_macro: 0.0956
2026-01-25 14:50:13,798 - src.evaluation.indicglue_evaluator - INFO -   f1_weighted: 0.0905
2026-01-25 14:50:13,798 - src.evaluation.indicglue_evaluator - INFO -   precision_macro: 0.0591
2026-01-25 14:50:13,799 - src.evaluation.indicglue_evaluator - INFO -   recall_macro: 0.2500
2026-01-25 14:50:13,799 - src.evaluation.indicglue_evaluator - INFO -   fine_tuned: 1.0000
2026-01-25 14:50:13,799 - src.evaluation.indicglue_evaluator - INFO -   fine_tuning_time_seconds: 3647.8119
2026-01-25 14:50:14,227 - src.evaluation.indicglue_evaluator - DEBUG - CUDA memory cleanup completed successfully
2026-01-25 14:50:14,228 - src.evaluation.indicglue_evaluator - INFO - 
Evaluating WinogradNLI...
2026-01-25 14:50:14,228 - src.evaluation.indicglue_evaluator - WARNING - Skipping WinogradNLI: WNLI contains only entailment class for train and validation sets while the test set contains None
2026-01-25 14:50:14,228 - src.evaluation.indicglue_evaluator - DEBUG - Cleared wrapped model cache for WinogradNLI
2026-01-25 14:50:14,658 - src.evaluation.indicglue_evaluator - DEBUG - CUDA memory cleanup completed successfully
2026-01-25 14:50:14,658 - src.evaluation.indicglue_evaluator - INFO - WinogradNLI Results:
2026-01-25 14:50:15,088 - src.evaluation.indicglue_evaluator - DEBUG - CUDA memory cleanup completed successfully
2026-01-25 14:50:15,088 - src.evaluation.indicglue_evaluator - INFO - 
Evaluating Choice of Plausible Alternatives...
2026-01-25 14:50:15,088 - src.evaluation.indicglue_evaluator - INFO - Fine-tuning mode enabled for Choice of Plausible Alternatives
2026-01-25 14:50:15,088 - src.evaluation.indicglue_evaluator - INFO - Using original HuggingFace splits for Choice of Plausible Alternatives
2026-01-25 14:50:15,088 - src.evaluation.indicglue_evaluator - INFO - Attempting to load Choice of Plausible Alternatives from ai4bharat/indic_glue with config 'copa.hi' (split=train)
2026-01-25 14:50:16,809 - filelock - DEBUG - Attempting to acquire lock 140127603338112 on /dss/dsshome1/00/ge95xod2/.cache/huggingface/datasets/_dss_dsshome1_00_ge95xod2_.cache_huggingface_datasets_ai4bharat___indic_glue_copa.hi_0.0.0_6dcbebd49d6b12965d433bffcd07e9a786211703.lock
2026-01-25 14:50:16,814 - filelock - DEBUG - Lock 140127603338112 acquired on /dss/dsshome1/00/ge95xod2/.cache/huggingface/datasets/_dss_dsshome1_00_ge95xod2_.cache_huggingface_datasets_ai4bharat___indic_glue_copa.hi_0.0.0_6dcbebd49d6b12965d433bffcd07e9a786211703.lock
2026-01-25 14:50:16,816 - fsspec.local - DEBUG - open file: /dss/dsshome1/00/ge95xod2/.cache/huggingface/datasets/ai4bharat___indic_glue/copa.hi/0.0.0/6dcbebd49d6b12965d433bffcd07e9a786211703/dataset_info.json
2026-01-25 14:50:16,816 - filelock - DEBUG - Attempting to release lock 140127603338112 on /dss/dsshome1/00/ge95xod2/.cache/huggingface/datasets/_dss_dsshome1_00_ge95xod2_.cache_huggingface_datasets_ai4bharat___indic_glue_copa.hi_0.0.0_6dcbebd49d6b12965d433bffcd07e9a786211703.lock
2026-01-25 14:50:16,817 - filelock - DEBUG - Lock 140127603338112 released on /dss/dsshome1/00/ge95xod2/.cache/huggingface/datasets/_dss_dsshome1_00_ge95xod2_.cache_huggingface_datasets_ai4bharat___indic_glue_copa.hi_0.0.0_6dcbebd49d6b12965d433bffcd07e9a786211703.lock
2026-01-25 14:50:16,819 - filelock - DEBUG - Attempting to acquire lock 140127802991904 on /dss/dsshome1/00/ge95xod2/.cache/huggingface/datasets/ai4bharat___indic_glue/copa.hi/0.0.0/6dcbebd49d6b12965d433bffcd07e9a786211703_builder.lock
2026-01-25 14:50:16,822 - filelock - DEBUG - Lock 140127802991904 acquired on /dss/dsshome1/00/ge95xod2/.cache/huggingface/datasets/ai4bharat___indic_glue/copa.hi/0.0.0/6dcbebd49d6b12965d433bffcd07e9a786211703_builder.lock
2026-01-25 14:50:16,823 - fsspec.local - DEBUG - open file: /dss/dsshome1/00/ge95xod2/.cache/huggingface/datasets/ai4bharat___indic_glue/copa.hi/0.0.0/6dcbebd49d6b12965d433bffcd07e9a786211703/dataset_info.json
2026-01-25 14:50:16,823 - filelock - DEBUG - Attempting to release lock 140127802991904 on /dss/dsshome1/00/ge95xod2/.cache/huggingface/datasets/ai4bharat___indic_glue/copa.hi/0.0.0/6dcbebd49d6b12965d433bffcd07e9a786211703_builder.lock
2026-01-25 14:50:16,824 - filelock - DEBUG - Lock 140127802991904 released on /dss/dsshome1/00/ge95xod2/.cache/huggingface/datasets/ai4bharat___indic_glue/copa.hi/0.0.0/6dcbebd49d6b12965d433bffcd07e9a786211703_builder.lock
2026-01-25 14:50:16,847 - src.evaluation.indicglue_evaluator - INFO - Successfully loaded Choice of Plausible Alternatives train split with 362 examples
2026-01-25 14:50:16,847 - src.evaluation.indicglue_evaluator - INFO -   Loaded train: 362 examples
2026-01-25 14:50:16,848 - src.evaluation.indicglue_evaluator - INFO - Choice of Plausible Alternatives: Remapping split 'validation' → 'test' (working around corrupted dataset)
2026-01-25 14:50:16,848 - src.evaluation.indicglue_evaluator - INFO - Attempting to load Choice of Plausible Alternatives from ai4bharat/indic_glue with config 'copa.hi' (split=test)
2026-01-25 14:50:17,833 - filelock - DEBUG - Attempting to acquire lock 140127802991904 on /dss/dsshome1/00/ge95xod2/.cache/huggingface/datasets/_dss_dsshome1_00_ge95xod2_.cache_huggingface_datasets_ai4bharat___indic_glue_copa.hi_0.0.0_6dcbebd49d6b12965d433bffcd07e9a786211703.lock
2026-01-25 14:50:17,834 - filelock - DEBUG - Lock 140127802991904 acquired on /dss/dsshome1/00/ge95xod2/.cache/huggingface/datasets/_dss_dsshome1_00_ge95xod2_.cache_huggingface_datasets_ai4bharat___indic_glue_copa.hi_0.0.0_6dcbebd49d6b12965d433bffcd07e9a786211703.lock
2026-01-25 14:50:17,834 - fsspec.local - DEBUG - open file: /dss/dsshome1/00/ge95xod2/.cache/huggingface/datasets/ai4bharat___indic_glue/copa.hi/0.0.0/6dcbebd49d6b12965d433bffcd07e9a786211703/dataset_info.json
2026-01-25 14:50:17,835 - filelock - DEBUG - Attempting to release lock 140127802991904 on /dss/dsshome1/00/ge95xod2/.cache/huggingface/datasets/_dss_dsshome1_00_ge95xod2_.cache_huggingface_datasets_ai4bharat___indic_glue_copa.hi_0.0.0_6dcbebd49d6b12965d433bffcd07e9a786211703.lock
2026-01-25 14:50:17,835 - filelock - DEBUG - Lock 140127802991904 released on /dss/dsshome1/00/ge95xod2/.cache/huggingface/datasets/_dss_dsshome1_00_ge95xod2_.cache_huggingface_datasets_ai4bharat___indic_glue_copa.hi_0.0.0_6dcbebd49d6b12965d433bffcd07e9a786211703.lock
2026-01-25 14:50:17,837 - filelock - DEBUG - Attempting to acquire lock 140127613139456 on /dss/dsshome1/00/ge95xod2/.cache/huggingface/datasets/ai4bharat___indic_glue/copa.hi/0.0.0/6dcbebd49d6b12965d433bffcd07e9a786211703_builder.lock
2026-01-25 14:50:17,837 - filelock - DEBUG - Lock 140127613139456 acquired on /dss/dsshome1/00/ge95xod2/.cache/huggingface/datasets/ai4bharat___indic_glue/copa.hi/0.0.0/6dcbebd49d6b12965d433bffcd07e9a786211703_builder.lock
2026-01-25 14:50:17,838 - fsspec.local - DEBUG - open file: /dss/dsshome1/00/ge95xod2/.cache/huggingface/datasets/ai4bharat___indic_glue/copa.hi/0.0.0/6dcbebd49d6b12965d433bffcd07e9a786211703/dataset_info.json
2026-01-25 14:50:17,838 - filelock - DEBUG - Attempting to release lock 140127613139456 on /dss/dsshome1/00/ge95xod2/.cache/huggingface/datasets/ai4bharat___indic_glue/copa.hi/0.0.0/6dcbebd49d6b12965d433bffcd07e9a786211703_builder.lock
2026-01-25 14:50:17,839 - filelock - DEBUG - Lock 140127613139456 released on /dss/dsshome1/00/ge95xod2/.cache/huggingface/datasets/ai4bharat___indic_glue/copa.hi/0.0.0/6dcbebd49d6b12965d433bffcd07e9a786211703_builder.lock
2026-01-25 14:50:17,844 - src.evaluation.indicglue_evaluator - INFO - Successfully loaded Choice of Plausible Alternatives test split with 449 examples
2026-01-25 14:50:17,844 - src.evaluation.indicglue_evaluator - INFO -   Loaded validation: 449 examples
2026-01-25 14:50:17,845 - src.evaluation.indicglue_evaluator - INFO - Choice of Plausible Alternatives: Remapping split 'test' → 'validation' (working around corrupted dataset)
2026-01-25 14:50:17,846 - src.evaluation.indicglue_evaluator - INFO - Attempting to load Choice of Plausible Alternatives from ai4bharat/indic_glue with config 'copa.hi' (split=validation)
2026-01-25 14:50:19,457 - filelock - DEBUG - Attempting to acquire lock 140127802973728 on /dss/dsshome1/00/ge95xod2/.cache/huggingface/datasets/_dss_dsshome1_00_ge95xod2_.cache_huggingface_datasets_ai4bharat___indic_glue_copa.hi_0.0.0_6dcbebd49d6b12965d433bffcd07e9a786211703.lock
2026-01-25 14:50:19,458 - filelock - DEBUG - Lock 140127802973728 acquired on /dss/dsshome1/00/ge95xod2/.cache/huggingface/datasets/_dss_dsshome1_00_ge95xod2_.cache_huggingface_datasets_ai4bharat___indic_glue_copa.hi_0.0.0_6dcbebd49d6b12965d433bffcd07e9a786211703.lock
2026-01-25 14:50:19,459 - fsspec.local - DEBUG - open file: /dss/dsshome1/00/ge95xod2/.cache/huggingface/datasets/ai4bharat___indic_glue/copa.hi/0.0.0/6dcbebd49d6b12965d433bffcd07e9a786211703/dataset_info.json
2026-01-25 14:50:19,459 - filelock - DEBUG - Attempting to release lock 140127802973728 on /dss/dsshome1/00/ge95xod2/.cache/huggingface/datasets/_dss_dsshome1_00_ge95xod2_.cache_huggingface_datasets_ai4bharat___indic_glue_copa.hi_0.0.0_6dcbebd49d6b12965d433bffcd07e9a786211703.lock
2026-01-25 14:50:19,459 - filelock - DEBUG - Lock 140127802973728 released on /dss/dsshome1/00/ge95xod2/.cache/huggingface/datasets/_dss_dsshome1_00_ge95xod2_.cache_huggingface_datasets_ai4bharat___indic_glue_copa.hi_0.0.0_6dcbebd49d6b12965d433bffcd07e9a786211703.lock
2026-01-25 14:50:19,461 - filelock - DEBUG - Attempting to acquire lock 140127802860448 on /dss/dsshome1/00/ge95xod2/.cache/huggingface/datasets/ai4bharat___indic_glue/copa.hi/0.0.0/6dcbebd49d6b12965d433bffcd07e9a786211703_builder.lock
2026-01-25 14:50:19,462 - filelock - DEBUG - Lock 140127802860448 acquired on /dss/dsshome1/00/ge95xod2/.cache/huggingface/datasets/ai4bharat___indic_glue/copa.hi/0.0.0/6dcbebd49d6b12965d433bffcd07e9a786211703_builder.lock
2026-01-25 14:50:19,462 - fsspec.local - DEBUG - open file: /dss/dsshome1/00/ge95xod2/.cache/huggingface/datasets/ai4bharat___indic_glue/copa.hi/0.0.0/6dcbebd49d6b12965d433bffcd07e9a786211703/dataset_info.json
2026-01-25 14:50:19,463 - filelock - DEBUG - Attempting to release lock 140127802860448 on /dss/dsshome1/00/ge95xod2/.cache/huggingface/datasets/ai4bharat___indic_glue/copa.hi/0.0.0/6dcbebd49d6b12965d433bffcd07e9a786211703_builder.lock
2026-01-25 14:50:19,463 - filelock - DEBUG - Lock 140127802860448 released on /dss/dsshome1/00/ge95xod2/.cache/huggingface/datasets/ai4bharat___indic_glue/copa.hi/0.0.0/6dcbebd49d6b12965d433bffcd07e9a786211703_builder.lock
2026-01-25 14:50:19,468 - src.evaluation.indicglue_evaluator - INFO - Successfully loaded Choice of Plausible Alternatives validation split with 88 examples
2026-01-25 14:50:19,468 - src.evaluation.indicglue_evaluator - INFO -   Loaded test: 88 examples
2026-01-25 14:50:19,468 - src.evaluation.indicglue_evaluator - INFO - Fine-tuning on Choice of Plausible Alternatives...
2026-01-25 14:50:19,468 - src.evaluation.indicglue.fine_tuning_manager - INFO - Starting fine-tuning for Choice of Plausible Alternatives
2026-01-25 14:50:19,468 - src.evaluation.indicglue.fine_tuning_manager - INFO - Train samples: 362, Val samples: 449
2026-01-25 14:50:19,469 - src.evaluation.indicglue_evaluator - INFO - Creating custom MultipleChoiceWrapper for 'Choice of Plausible Alternatives' with 2 choices
2026-01-25 14:50:19,472 - src.evaluation.indicglue.fine_tuning_manager - INFO - Starting training loop for Choice of Plausible Alternatives
2026-01-25 14:50:19,474 - src.evaluation.indicglue.fine_tuning_manager - INFO - Model parameters: 91,741,441 total, 91,741,441 trainable (100.0%)
2026-01-25 14:50:19,474 - src.evaluation.indicglue.fine_tuning_manager - INFO - ✓ End-to-end training mode (all parameters trainable)
2026-01-25 14:50:19,475 - src.evaluation.indicglue.fine_tuning_manager - INFO - Optimizer: AdamW with 76 params with decay, 74 without decay
2026-01-25 14:50:19,476 - src.evaluation.indicglue.fine_tuning_manager - INFO - Scheduler created: Cosine schedule with 34 warmup steps (total 230 steps)
2026-01-25 14:50:19,476 - src.evaluation.indicglue.fine_tuning_manager - INFO - Training config: total_steps=230, warmup_steps=34 (15.0%)
2026-01-25 14:50:27,619 - src.evaluation.indicglue.fine_tuning_manager - INFO - Epoch 1/10: train_loss=0.6953, val_acc=1.0000, val_loss=0.6931
2026-01-25 14:50:27,693 - src.evaluation.indicglue.fine_tuning_manager - INFO -   → New best validation accuracy: 1.0000 (improvement: 1.0000)
2026-01-25 14:50:35,745 - src.evaluation.indicglue.fine_tuning_manager - INFO - Epoch 2/10: train_loss=0.6923, val_acc=1.0000, val_loss=0.6931
2026-01-25 14:50:35,745 - src.evaluation.indicglue.fine_tuning_manager - INFO -   → No improvement (patience: 1/3)
2026-01-25 14:50:43,797 - src.evaluation.indicglue.fine_tuning_manager - INFO - Epoch 3/10: train_loss=0.7007, val_acc=1.0000, val_loss=0.6931
2026-01-25 14:50:43,798 - src.evaluation.indicglue.fine_tuning_manager - INFO -   → No improvement (patience: 2/3)
2026-01-25 14:50:51,853 - src.evaluation.indicglue.fine_tuning_manager - INFO - Epoch 4/10: train_loss=0.6935, val_acc=1.0000, val_loss=0.6931
2026-01-25 14:50:51,853 - src.evaluation.indicglue.fine_tuning_manager - INFO -   → No improvement (patience: 3/3)
2026-01-25 14:50:51,853 - src.evaluation.indicglue.fine_tuning_manager - INFO - Early stopping triggered at epoch 4
2026-01-25 14:50:52,014 - src.evaluation.indicglue.fine_tuning_manager - INFO - Restored best model from epoch 1 with val_acc=1.0000
2026-01-25 14:50:52,544 - src.evaluation.indicglue.fine_tuning_manager - DEBUG - CUDA memory cleanup completed successfully
2026-01-25 14:50:52,544 - src.evaluation.indicglue.fine_tuning_manager - DEBUG - Cleaned up optimizer, scheduler, and GPU memory after fine-tuning
2026-01-25 14:50:52,544 - src.evaluation.indicglue_evaluator - INFO - Evaluation mode switched to: fine-tuned (will use classification heads for all tasks)
2026-01-25 14:50:52,545 - src.evaluation.indicglue_evaluator - INFO - Evaluating fine-tuned model on test set...
2026-01-25 14:50:52,545 - src.evaluation.indicglue_evaluator - INFO - Evaluating on 88 examples
2026-01-25 14:50:52,545 - src.evaluation.indicglue_evaluator - INFO - [ROUTING] Choice of Plausible Alternatives: Fine-tuned MC task → Using classification head (matches official IndicBERT)
2026-01-25 14:50:52,545 - src.evaluation.evaluation_cache - DEBUG - Generated cache key: 536c6c4aaf2cc84e5d2467d88186ca5445305abd0298e3c7f55f29ccdf9f741e
2026-01-25 14:50:52,548 - src.evaluation.evaluation_cache - INFO - Cache hit: 536c6c4aaf2cc84e5d2467d88186ca5445305abd0298e3c7f55f29ccdf9f741e
2026-01-25 14:50:52,548 - src.evaluation.evaluation_cache - INFO -   Created: 2026-01-11T20:27:43.231158
2026-01-25 14:50:52,548 - src.evaluation.evaluation_cache - INFO -   Samples: 2
2026-01-25 14:50:52,548 - src.evaluation.indicglue_evaluator - INFO - Using cached predictions for Choice of Plausible Alternatives
2026-01-25 14:50:52,549 - src.evaluation.indicglue_evaluator - DEBUG - Cleared wrapped model cache for Choice of Plausible Alternatives
2026-01-25 14:50:53,011 - src.evaluation.indicglue_evaluator - DEBUG - CUDA memory cleanup completed successfully
2026-01-25 14:50:53,012 - src.evaluation.indicglue_evaluator - INFO - Choice of Plausible Alternatives Results:
2026-01-25 14:50:53,012 - src.evaluation.indicglue_evaluator - INFO -   num_examples: 88.0000
2026-01-25 14:50:53,012 - src.evaluation.indicglue_evaluator - INFO -   accuracy: 0.5682
2026-01-25 14:50:53,012 - src.evaluation.indicglue_evaluator - INFO -   f1_macro: 0.3623
2026-01-25 14:50:53,012 - src.evaluation.indicglue_evaluator - INFO -   f1_weighted: 0.4117
2026-01-25 14:50:53,012 - src.evaluation.indicglue_evaluator - INFO -   precision_macro: 0.2841
2026-01-25 14:50:53,012 - src.evaluation.indicglue_evaluator - INFO -   recall_macro: 0.5000
2026-01-25 14:50:53,012 - src.evaluation.indicglue_evaluator - INFO -   fine_tuned: 1.0000
2026-01-25 14:50:53,013 - src.evaluation.indicglue_evaluator - INFO -   fine_tuning_time_seconds: 33.0763
2026-01-25 14:50:53,470 - src.evaluation.indicglue_evaluator - DEBUG - CUDA memory cleanup completed successfully
2026-01-25 14:50:53,471 - src.evaluation.indicglue_evaluator - INFO - 
Evaluating MovieReviewSentiment...
2026-01-25 14:50:53,471 - src.evaluation.indicglue_evaluator - INFO - Fine-tuning mode enabled for MovieReviewSentiment
2026-01-25 14:50:53,471 - src.evaluation.indicglue_evaluator - INFO - Using original HuggingFace splits for MovieReviewSentiment
2026-01-25 14:50:53,471 - src.evaluation.indicglue_evaluator - INFO - Attempting to load MovieReviewSentiment from ai4bharat/indic_glue with config 'iitp-mr.hi' (split=train)
2026-01-25 14:50:54,818 - filelock - DEBUG - Attempting to acquire lock 140127802248112 on /dss/dsshome1/00/ge95xod2/.cache/huggingface/datasets/_dss_dsshome1_00_ge95xod2_.cache_huggingface_datasets_ai4bharat___indic_glue_iitp-mr.hi_0.0.0_6dcbebd49d6b12965d433bffcd07e9a786211703.lock
2026-01-25 14:50:54,822 - filelock - DEBUG - Lock 140127802248112 acquired on /dss/dsshome1/00/ge95xod2/.cache/huggingface/datasets/_dss_dsshome1_00_ge95xod2_.cache_huggingface_datasets_ai4bharat___indic_glue_iitp-mr.hi_0.0.0_6dcbebd49d6b12965d433bffcd07e9a786211703.lock
2026-01-25 14:50:54,825 - fsspec.local - DEBUG - open file: /dss/dsshome1/00/ge95xod2/.cache/huggingface/datasets/ai4bharat___indic_glue/iitp-mr.hi/0.0.0/6dcbebd49d6b12965d433bffcd07e9a786211703/dataset_info.json
2026-01-25 14:50:54,826 - filelock - DEBUG - Attempting to release lock 140127802248112 on /dss/dsshome1/00/ge95xod2/.cache/huggingface/datasets/_dss_dsshome1_00_ge95xod2_.cache_huggingface_datasets_ai4bharat___indic_glue_iitp-mr.hi_0.0.0_6dcbebd49d6b12965d433bffcd07e9a786211703.lock
2026-01-25 14:50:54,826 - filelock - DEBUG - Lock 140127802248112 released on /dss/dsshome1/00/ge95xod2/.cache/huggingface/datasets/_dss_dsshome1_00_ge95xod2_.cache_huggingface_datasets_ai4bharat___indic_glue_iitp-mr.hi_0.0.0_6dcbebd49d6b12965d433bffcd07e9a786211703.lock
2026-01-25 14:50:54,828 - filelock - DEBUG - Attempting to acquire lock 140127614082016 on /dss/dsshome1/00/ge95xod2/.cache/huggingface/datasets/ai4bharat___indic_glue/iitp-mr.hi/0.0.0/6dcbebd49d6b12965d433bffcd07e9a786211703_builder.lock
2026-01-25 14:50:54,831 - filelock - DEBUG - Lock 140127614082016 acquired on /dss/dsshome1/00/ge95xod2/.cache/huggingface/datasets/ai4bharat___indic_glue/iitp-mr.hi/0.0.0/6dcbebd49d6b12965d433bffcd07e9a786211703_builder.lock
2026-01-25 14:50:54,831 - fsspec.local - DEBUG - open file: /dss/dsshome1/00/ge95xod2/.cache/huggingface/datasets/ai4bharat___indic_glue/iitp-mr.hi/0.0.0/6dcbebd49d6b12965d433bffcd07e9a786211703/dataset_info.json
2026-01-25 14:50:54,832 - filelock - DEBUG - Attempting to release lock 140127614082016 on /dss/dsshome1/00/ge95xod2/.cache/huggingface/datasets/ai4bharat___indic_glue/iitp-mr.hi/0.0.0/6dcbebd49d6b12965d433bffcd07e9a786211703_builder.lock
2026-01-25 14:50:54,832 - filelock - DEBUG - Lock 140127614082016 released on /dss/dsshome1/00/ge95xod2/.cache/huggingface/datasets/ai4bharat___indic_glue/iitp-mr.hi/0.0.0/6dcbebd49d6b12965d433bffcd07e9a786211703_builder.lock
2026-01-25 14:50:54,856 - src.evaluation.indicglue_evaluator - INFO - Successfully loaded MovieReviewSentiment train split with 2480 examples
2026-01-25 14:50:54,856 - src.evaluation.indicglue_evaluator - INFO -   Loaded train: 2480 examples
2026-01-25 14:50:54,856 - src.evaluation.indicglue_evaluator - INFO - Attempting to load MovieReviewSentiment from ai4bharat/indic_glue with config 'iitp-mr.hi' (split=validation)
2026-01-25 14:50:55,817 - filelock - DEBUG - Attempting to acquire lock 140127279979728 on /dss/dsshome1/00/ge95xod2/.cache/huggingface/datasets/_dss_dsshome1_00_ge95xod2_.cache_huggingface_datasets_ai4bharat___indic_glue_iitp-mr.hi_0.0.0_6dcbebd49d6b12965d433bffcd07e9a786211703.lock
2026-01-25 14:50:55,818 - filelock - DEBUG - Lock 140127279979728 acquired on /dss/dsshome1/00/ge95xod2/.cache/huggingface/datasets/_dss_dsshome1_00_ge95xod2_.cache_huggingface_datasets_ai4bharat___indic_glue_iitp-mr.hi_0.0.0_6dcbebd49d6b12965d433bffcd07e9a786211703.lock
2026-01-25 14:50:55,852 - fsspec.local - DEBUG - open file: /dss/dsshome1/00/ge95xod2/.cache/huggingface/datasets/ai4bharat___indic_glue/iitp-mr.hi/0.0.0/6dcbebd49d6b12965d433bffcd07e9a786211703/dataset_info.json
2026-01-25 14:50:55,853 - filelock - DEBUG - Attempting to release lock 140127279979728 on /dss/dsshome1/00/ge95xod2/.cache/huggingface/datasets/_dss_dsshome1_00_ge95xod2_.cache_huggingface_datasets_ai4bharat___indic_glue_iitp-mr.hi_0.0.0_6dcbebd49d6b12965d433bffcd07e9a786211703.lock
2026-01-25 14:50:55,853 - filelock - DEBUG - Lock 140127279979728 released on /dss/dsshome1/00/ge95xod2/.cache/huggingface/datasets/_dss_dsshome1_00_ge95xod2_.cache_huggingface_datasets_ai4bharat___indic_glue_iitp-mr.hi_0.0.0_6dcbebd49d6b12965d433bffcd07e9a786211703.lock
2026-01-25 14:50:55,855 - filelock - DEBUG - Attempting to acquire lock 140127612296304 on /dss/dsshome1/00/ge95xod2/.cache/huggingface/datasets/ai4bharat___indic_glue/iitp-mr.hi/0.0.0/6dcbebd49d6b12965d433bffcd07e9a786211703_builder.lock
2026-01-25 14:50:55,856 - filelock - DEBUG - Lock 140127612296304 acquired on /dss/dsshome1/00/ge95xod2/.cache/huggingface/datasets/ai4bharat___indic_glue/iitp-mr.hi/0.0.0/6dcbebd49d6b12965d433bffcd07e9a786211703_builder.lock
2026-01-25 14:50:55,856 - fsspec.local - DEBUG - open file: /dss/dsshome1/00/ge95xod2/.cache/huggingface/datasets/ai4bharat___indic_glue/iitp-mr.hi/0.0.0/6dcbebd49d6b12965d433bffcd07e9a786211703/dataset_info.json
2026-01-25 14:50:55,857 - filelock - DEBUG - Attempting to release lock 140127612296304 on /dss/dsshome1/00/ge95xod2/.cache/huggingface/datasets/ai4bharat___indic_glue/iitp-mr.hi/0.0.0/6dcbebd49d6b12965d433bffcd07e9a786211703_builder.lock
2026-01-25 14:50:55,857 - filelock - DEBUG - Lock 140127612296304 released on /dss/dsshome1/00/ge95xod2/.cache/huggingface/datasets/ai4bharat___indic_glue/iitp-mr.hi/0.0.0/6dcbebd49d6b12965d433bffcd07e9a786211703_builder.lock
2026-01-25 14:50:55,868 - src.evaluation.indicglue_evaluator - INFO - Successfully loaded MovieReviewSentiment validation split with 310 examples
2026-01-25 14:50:55,868 - src.evaluation.indicglue_evaluator - INFO -   Loaded validation: 310 examples
2026-01-25 14:50:55,868 - src.evaluation.indicglue_evaluator - INFO - Attempting to load MovieReviewSentiment from ai4bharat/indic_glue with config 'iitp-mr.hi' (split=test)
2026-01-25 14:50:56,818 - filelock - DEBUG - Attempting to acquire lock 140127280878112 on /dss/dsshome1/00/ge95xod2/.cache/huggingface/datasets/_dss_dsshome1_00_ge95xod2_.cache_huggingface_datasets_ai4bharat___indic_glue_iitp-mr.hi_0.0.0_6dcbebd49d6b12965d433bffcd07e9a786211703.lock
2026-01-25 14:50:56,818 - filelock - DEBUG - Lock 140127280878112 acquired on /dss/dsshome1/00/ge95xod2/.cache/huggingface/datasets/_dss_dsshome1_00_ge95xod2_.cache_huggingface_datasets_ai4bharat___indic_glue_iitp-mr.hi_0.0.0_6dcbebd49d6b12965d433bffcd07e9a786211703.lock
2026-01-25 14:50:56,819 - fsspec.local - DEBUG - open file: /dss/dsshome1/00/ge95xod2/.cache/huggingface/datasets/ai4bharat___indic_glue/iitp-mr.hi/0.0.0/6dcbebd49d6b12965d433bffcd07e9a786211703/dataset_info.json
2026-01-25 14:50:56,820 - filelock - DEBUG - Attempting to release lock 140127280878112 on /dss/dsshome1/00/ge95xod2/.cache/huggingface/datasets/_dss_dsshome1_00_ge95xod2_.cache_huggingface_datasets_ai4bharat___indic_glue_iitp-mr.hi_0.0.0_6dcbebd49d6b12965d433bffcd07e9a786211703.lock
2026-01-25 14:50:56,820 - filelock - DEBUG - Lock 140127280878112 released on /dss/dsshome1/00/ge95xod2/.cache/huggingface/datasets/_dss_dsshome1_00_ge95xod2_.cache_huggingface_datasets_ai4bharat___indic_glue_iitp-mr.hi_0.0.0_6dcbebd49d6b12965d433bffcd07e9a786211703.lock
2026-01-25 14:50:56,822 - filelock - DEBUG - Attempting to acquire lock 140127614504864 on /dss/dsshome1/00/ge95xod2/.cache/huggingface/datasets/ai4bharat___indic_glue/iitp-mr.hi/0.0.0/6dcbebd49d6b12965d433bffcd07e9a786211703_builder.lock
2026-01-25 14:50:56,822 - filelock - DEBUG - Lock 140127614504864 acquired on /dss/dsshome1/00/ge95xod2/.cache/huggingface/datasets/ai4bharat___indic_glue/iitp-mr.hi/0.0.0/6dcbebd49d6b12965d433bffcd07e9a786211703_builder.lock
2026-01-25 14:50:56,823 - fsspec.local - DEBUG - open file: /dss/dsshome1/00/ge95xod2/.cache/huggingface/datasets/ai4bharat___indic_glue/iitp-mr.hi/0.0.0/6dcbebd49d6b12965d433bffcd07e9a786211703/dataset_info.json
2026-01-25 14:50:56,824 - filelock - DEBUG - Attempting to release lock 140127614504864 on /dss/dsshome1/00/ge95xod2/.cache/huggingface/datasets/ai4bharat___indic_glue/iitp-mr.hi/0.0.0/6dcbebd49d6b12965d433bffcd07e9a786211703_builder.lock
2026-01-25 14:50:56,824 - filelock - DEBUG - Lock 140127614504864 released on /dss/dsshome1/00/ge95xod2/.cache/huggingface/datasets/ai4bharat___indic_glue/iitp-mr.hi/0.0.0/6dcbebd49d6b12965d433bffcd07e9a786211703_builder.lock
2026-01-25 14:50:56,831 - src.evaluation.indicglue_evaluator - INFO - Successfully loaded MovieReviewSentiment test split with 310 examples
2026-01-25 14:50:56,831 - src.evaluation.indicglue_evaluator - INFO -   Loaded test: 310 examples
2026-01-25 14:50:56,831 - src.evaluation.indicglue_evaluator - INFO - Fine-tuning on MovieReviewSentiment...
2026-01-25 14:50:56,831 - src.evaluation.indicglue.fine_tuning_manager - INFO - Starting fine-tuning for MovieReviewSentiment
2026-01-25 14:50:56,832 - src.evaluation.indicglue.fine_tuning_manager - INFO - Train samples: 2480, Val samples: 310
2026-01-25 14:50:56,832 - src.evaluation.indicglue_evaluator - INFO - Wrapping model for task 'MovieReviewSentiment' with 3 classes
2026-01-25 14:50:56,835 - src.evaluation.indicglue.fine_tuning_manager - INFO - Starting training loop for MovieReviewSentiment
2026-01-25 14:50:56,836 - src.evaluation.indicglue.fine_tuning_manager - INFO - Model parameters: 91,742,979 total, 91,742,979 trainable (100.0%)
2026-01-25 14:50:56,836 - src.evaluation.indicglue.fine_tuning_manager - INFO - ✓ End-to-end training mode (all parameters trainable)
2026-01-25 14:50:56,838 - src.evaluation.indicglue.fine_tuning_manager - INFO - Optimizer: AdamW with 76 params with decay, 74 without decay
2026-01-25 14:50:56,838 - src.evaluation.indicglue.fine_tuning_manager - INFO - Scheduler created: Cosine schedule with 232 warmup steps (total 1550 steps)
2026-01-25 14:50:56,838 - src.evaluation.indicglue.fine_tuning_manager - INFO - Training config: total_steps=1550, warmup_steps=232 (15.0%)
2026-01-25 14:51:28,583 - src.evaluation.indicglue.fine_tuning_manager - INFO - Epoch 1/10: train_loss=1.1514, val_acc=0.3806, val_loss=1.1475
2026-01-25 14:51:28,675 - src.evaluation.indicglue.fine_tuning_manager - INFO -   → New best validation accuracy: 0.3806 (improvement: 0.3806)
2026-01-25 14:52:00,185 - src.evaluation.indicglue.fine_tuning_manager - INFO - Epoch 2/10: train_loss=1.1471, val_acc=0.3710, val_loss=1.1272
2026-01-25 14:52:00,186 - src.evaluation.indicglue.fine_tuning_manager - INFO -   → No improvement (patience: 1/3)
2026-01-25 14:52:31,665 - src.evaluation.indicglue.fine_tuning_manager - INFO - Epoch 3/10: train_loss=1.1158, val_acc=0.4032, val_loss=1.1070
2026-01-25 14:52:32,141 - src.evaluation.indicglue.fine_tuning_manager - INFO -   → New best validation accuracy: 0.4032 (improvement: 0.0226)
2026-01-25 14:53:03,607 - src.evaluation.indicglue.fine_tuning_manager - INFO - Epoch 4/10: train_loss=1.0851, val_acc=0.4194, val_loss=1.0864
2026-01-25 14:53:03,957 - src.evaluation.indicglue.fine_tuning_manager - INFO -   → New best validation accuracy: 0.4194 (improvement: 0.0161)
2026-01-25 14:53:35,417 - src.evaluation.indicglue.fine_tuning_manager - INFO - Epoch 5/10: train_loss=1.0662, val_acc=0.4258, val_loss=1.0669
2026-01-25 14:53:35,828 - src.evaluation.indicglue.fine_tuning_manager - INFO -   → New best validation accuracy: 0.4258 (improvement: 0.0065)
2026-01-25 14:54:07,269 - src.evaluation.indicglue.fine_tuning_manager - INFO - Epoch 6/10: train_loss=1.0294, val_acc=0.4613, val_loss=1.0630
2026-01-25 14:54:07,609 - src.evaluation.indicglue.fine_tuning_manager - INFO -   → New best validation accuracy: 0.4613 (improvement: 0.0355)
2026-01-25 14:54:39,072 - src.evaluation.indicglue.fine_tuning_manager - INFO - Epoch 7/10: train_loss=0.9916, val_acc=0.4516, val_loss=1.0461
2026-01-25 14:54:39,073 - src.evaluation.indicglue.fine_tuning_manager - INFO -   → No improvement (patience: 1/3)
2026-01-25 14:55:10,545 - src.evaluation.indicglue.fine_tuning_manager - INFO - Epoch 8/10: train_loss=0.9377, val_acc=0.4806, val_loss=1.0241
2026-01-25 14:55:10,991 - src.evaluation.indicglue.fine_tuning_manager - INFO -   → New best validation accuracy: 0.4806 (improvement: 0.0194)
2026-01-25 14:55:42,430 - src.evaluation.indicglue.fine_tuning_manager - INFO - Epoch 9/10: train_loss=0.8925, val_acc=0.5194, val_loss=1.0161
2026-01-25 14:55:42,863 - src.evaluation.indicglue.fine_tuning_manager - INFO -   → New best validation accuracy: 0.5194 (improvement: 0.0387)
2026-01-25 14:56:14,314 - src.evaluation.indicglue.fine_tuning_manager - INFO - Epoch 10/10: train_loss=0.8652, val_acc=0.5613, val_loss=1.0082
2026-01-25 14:56:14,687 - src.evaluation.indicglue.fine_tuning_manager - INFO -   → New best validation accuracy: 0.5613 (improvement: 0.0419)
2026-01-25 14:56:14,710 - src.evaluation.indicglue.fine_tuning_manager - INFO - Restored best model from epoch 10 with val_acc=0.5613
2026-01-25 14:56:15,222 - src.evaluation.indicglue.fine_tuning_manager - DEBUG - CUDA memory cleanup completed successfully
2026-01-25 14:56:15,223 - src.evaluation.indicglue.fine_tuning_manager - DEBUG - Cleaned up optimizer, scheduler, and GPU memory after fine-tuning
2026-01-25 14:56:15,223 - src.evaluation.indicglue_evaluator - INFO - Evaluation mode switched to: fine-tuned (will use classification heads for all tasks)
2026-01-25 14:56:15,223 - src.evaluation.indicglue_evaluator - INFO - Evaluating fine-tuned model on test set...
2026-01-25 14:56:15,223 - src.evaluation.indicglue_evaluator - INFO - Evaluating on 310 examples
2026-01-25 14:56:15,223 - src.evaluation.indicglue_evaluator - INFO - [ROUTING] MovieReviewSentiment: Classification/NLI task → Using classification head
2026-01-25 14:56:15,223 - src.evaluation.evaluation_cache - DEBUG - Generated cache key: 83b590a210db041c68611048a602e707ff188eb9f99c6853eff3697f70d77d1e
2026-01-25 14:56:15,244 - src.evaluation.evaluation_cache - INFO - Cache hit: 83b590a210db041c68611048a602e707ff188eb9f99c6853eff3697f70d77d1e
2026-01-25 14:56:15,245 - src.evaluation.evaluation_cache - INFO -   Created: 2026-01-10T07:27:42.857080
2026-01-25 14:56:15,245 - src.evaluation.evaluation_cache - INFO -   Samples: 2
2026-01-25 14:56:15,245 - src.evaluation.indicglue_evaluator - INFO - Using cached predictions for MovieReviewSentiment
2026-01-25 14:56:15,245 - src.evaluation.indicglue_evaluator - DEBUG - Cleared wrapped model cache for MovieReviewSentiment
2026-01-25 14:56:15,673 - src.evaluation.indicglue_evaluator - DEBUG - CUDA memory cleanup completed successfully
2026-01-25 14:56:15,674 - src.evaluation.indicglue_evaluator - INFO - MovieReviewSentiment Results:
2026-01-25 14:56:15,674 - src.evaluation.indicglue_evaluator - INFO -   num_examples: 310.0000
2026-01-25 14:56:15,674 - src.evaluation.indicglue_evaluator - INFO -   accuracy: 0.3452
2026-01-25 14:56:15,674 - src.evaluation.indicglue_evaluator - INFO -   f1_macro: 0.2786
2026-01-25 14:56:15,674 - src.evaluation.indicglue_evaluator - INFO -   f1_weighted: 0.2874
2026-01-25 14:56:15,674 - src.evaluation.indicglue_evaluator - INFO -   precision_macro: 0.4007
2026-01-25 14:56:15,674 - src.evaluation.indicglue_evaluator - INFO -   recall_macro: 0.3426
2026-01-25 14:56:15,674 - src.evaluation.indicglue_evaluator - INFO -   fine_tuned: 1.0000
2026-01-25 14:56:15,674 - src.evaluation.indicglue_evaluator - INFO -   fine_tuning_time_seconds: 318.3916
2026-01-25 14:56:16,104 - src.evaluation.indicglue_evaluator - DEBUG - CUDA memory cleanup completed successfully
2026-01-25 14:56:16,104 - src.evaluation.indicglue_evaluator - INFO - 
Evaluating ProductReviewSentiment...
2026-01-25 14:56:16,104 - src.evaluation.indicglue_evaluator - INFO - Fine-tuning mode enabled for ProductReviewSentiment
2026-01-25 14:56:16,105 - src.evaluation.indicglue_evaluator - INFO - Using original HuggingFace splits for ProductReviewSentiment
2026-01-25 14:56:16,106 - src.evaluation.indicglue_evaluator - INFO - Attempting to load ProductReviewSentiment from ai4bharat/indic_glue with config 'iitp-pr.hi' (split=train)
2026-01-25 14:56:17,696 - filelock - DEBUG - Attempting to acquire lock 140127614099168 on /dss/dsshome1/00/ge95xod2/.cache/huggingface/datasets/_dss_dsshome1_00_ge95xod2_.cache_huggingface_datasets_ai4bharat___indic_glue_iitp-pr.hi_0.0.0_6dcbebd49d6b12965d433bffcd07e9a786211703.lock
2026-01-25 14:56:17,700 - filelock - DEBUG - Lock 140127614099168 acquired on /dss/dsshome1/00/ge95xod2/.cache/huggingface/datasets/_dss_dsshome1_00_ge95xod2_.cache_huggingface_datasets_ai4bharat___indic_glue_iitp-pr.hi_0.0.0_6dcbebd49d6b12965d433bffcd07e9a786211703.lock
2026-01-25 14:56:17,702 - fsspec.local - DEBUG - open file: /dss/dsshome1/00/ge95xod2/.cache/huggingface/datasets/ai4bharat___indic_glue/iitp-pr.hi/0.0.0/6dcbebd49d6b12965d433bffcd07e9a786211703/dataset_info.json
2026-01-25 14:56:17,703 - filelock - DEBUG - Attempting to release lock 140127614099168 on /dss/dsshome1/00/ge95xod2/.cache/huggingface/datasets/_dss_dsshome1_00_ge95xod2_.cache_huggingface_datasets_ai4bharat___indic_glue_iitp-pr.hi_0.0.0_6dcbebd49d6b12965d433bffcd07e9a786211703.lock
2026-01-25 14:56:17,703 - filelock - DEBUG - Lock 140127614099168 released on /dss/dsshome1/00/ge95xod2/.cache/huggingface/datasets/_dss_dsshome1_00_ge95xod2_.cache_huggingface_datasets_ai4bharat___indic_glue_iitp-pr.hi_0.0.0_6dcbebd49d6b12965d433bffcd07e9a786211703.lock
2026-01-25 14:56:17,705 - filelock - DEBUG - Attempting to acquire lock 140127635013056 on /dss/dsshome1/00/ge95xod2/.cache/huggingface/datasets/ai4bharat___indic_glue/iitp-pr.hi/0.0.0/6dcbebd49d6b12965d433bffcd07e9a786211703_builder.lock
2026-01-25 14:56:17,709 - filelock - DEBUG - Lock 140127635013056 acquired on /dss/dsshome1/00/ge95xod2/.cache/huggingface/datasets/ai4bharat___indic_glue/iitp-pr.hi/0.0.0/6dcbebd49d6b12965d433bffcd07e9a786211703_builder.lock
2026-01-25 14:56:17,709 - fsspec.local - DEBUG - open file: /dss/dsshome1/00/ge95xod2/.cache/huggingface/datasets/ai4bharat___indic_glue/iitp-pr.hi/0.0.0/6dcbebd49d6b12965d433bffcd07e9a786211703/dataset_info.json
2026-01-25 14:56:17,709 - filelock - DEBUG - Attempting to release lock 140127635013056 on /dss/dsshome1/00/ge95xod2/.cache/huggingface/datasets/ai4bharat___indic_glue/iitp-pr.hi/0.0.0/6dcbebd49d6b12965d433bffcd07e9a786211703_builder.lock
2026-01-25 14:56:17,710 - filelock - DEBUG - Lock 140127635013056 released on /dss/dsshome1/00/ge95xod2/.cache/huggingface/datasets/ai4bharat___indic_glue/iitp-pr.hi/0.0.0/6dcbebd49d6b12965d433bffcd07e9a786211703_builder.lock
2026-01-25 14:56:17,717 - src.evaluation.indicglue_evaluator - INFO - Successfully loaded ProductReviewSentiment train split with 4182 examples
2026-01-25 14:56:17,717 - src.evaluation.indicglue_evaluator - INFO -   Loaded train: 4182 examples
2026-01-25 14:56:17,717 - src.evaluation.indicglue_evaluator - INFO - Attempting to load ProductReviewSentiment from ai4bharat/indic_glue with config 'iitp-pr.hi' (split=validation)
2026-01-25 14:56:18,672 - filelock - DEBUG - Attempting to acquire lock 140127615547712 on /dss/dsshome1/00/ge95xod2/.cache/huggingface/datasets/_dss_dsshome1_00_ge95xod2_.cache_huggingface_datasets_ai4bharat___indic_glue_iitp-pr.hi_0.0.0_6dcbebd49d6b12965d433bffcd07e9a786211703.lock
2026-01-25 14:56:18,673 - filelock - DEBUG - Lock 140127615547712 acquired on /dss/dsshome1/00/ge95xod2/.cache/huggingface/datasets/_dss_dsshome1_00_ge95xod2_.cache_huggingface_datasets_ai4bharat___indic_glue_iitp-pr.hi_0.0.0_6dcbebd49d6b12965d433bffcd07e9a786211703.lock
2026-01-25 14:56:18,673 - fsspec.local - DEBUG - open file: /dss/dsshome1/00/ge95xod2/.cache/huggingface/datasets/ai4bharat___indic_glue/iitp-pr.hi/0.0.0/6dcbebd49d6b12965d433bffcd07e9a786211703/dataset_info.json
2026-01-25 14:56:18,674 - filelock - DEBUG - Attempting to release lock 140127615547712 on /dss/dsshome1/00/ge95xod2/.cache/huggingface/datasets/_dss_dsshome1_00_ge95xod2_.cache_huggingface_datasets_ai4bharat___indic_glue_iitp-pr.hi_0.0.0_6dcbebd49d6b12965d433bffcd07e9a786211703.lock
2026-01-25 14:56:18,675 - filelock - DEBUG - Lock 140127615547712 released on /dss/dsshome1/00/ge95xod2/.cache/huggingface/datasets/_dss_dsshome1_00_ge95xod2_.cache_huggingface_datasets_ai4bharat___indic_glue_iitp-pr.hi_0.0.0_6dcbebd49d6b12965d433bffcd07e9a786211703.lock
2026-01-25 14:56:18,677 - filelock - DEBUG - Attempting to acquire lock 140127803019952 on /dss/dsshome1/00/ge95xod2/.cache/huggingface/datasets/ai4bharat___indic_glue/iitp-pr.hi/0.0.0/6dcbebd49d6b12965d433bffcd07e9a786211703_builder.lock
2026-01-25 14:56:18,677 - filelock - DEBUG - Lock 140127803019952 acquired on /dss/dsshome1/00/ge95xod2/.cache/huggingface/datasets/ai4bharat___indic_glue/iitp-pr.hi/0.0.0/6dcbebd49d6b12965d433bffcd07e9a786211703_builder.lock
2026-01-25 14:56:18,678 - fsspec.local - DEBUG - open file: /dss/dsshome1/00/ge95xod2/.cache/huggingface/datasets/ai4bharat___indic_glue/iitp-pr.hi/0.0.0/6dcbebd49d6b12965d433bffcd07e9a786211703/dataset_info.json
2026-01-25 14:56:18,678 - filelock - DEBUG - Attempting to release lock 140127803019952 on /dss/dsshome1/00/ge95xod2/.cache/huggingface/datasets/ai4bharat___indic_glue/iitp-pr.hi/0.0.0/6dcbebd49d6b12965d433bffcd07e9a786211703_builder.lock
2026-01-25 14:56:18,678 - filelock - DEBUG - Lock 140127803019952 released on /dss/dsshome1/00/ge95xod2/.cache/huggingface/datasets/ai4bharat___indic_glue/iitp-pr.hi/0.0.0/6dcbebd49d6b12965d433bffcd07e9a786211703_builder.lock
2026-01-25 14:56:18,683 - src.evaluation.indicglue_evaluator - INFO - Successfully loaded ProductReviewSentiment validation split with 523 examples
2026-01-25 14:56:18,684 - src.evaluation.indicglue_evaluator - INFO -   Loaded validation: 523 examples
2026-01-25 14:56:18,684 - src.evaluation.indicglue_evaluator - INFO - Attempting to load ProductReviewSentiment from ai4bharat/indic_glue with config 'iitp-pr.hi' (split=test)
2026-01-25 14:56:19,627 - filelock - DEBUG - Attempting to acquire lock 140127634715696 on /dss/dsshome1/00/ge95xod2/.cache/huggingface/datasets/_dss_dsshome1_00_ge95xod2_.cache_huggingface_datasets_ai4bharat___indic_glue_iitp-pr.hi_0.0.0_6dcbebd49d6b12965d433bffcd07e9a786211703.lock
2026-01-25 14:56:19,628 - filelock - DEBUG - Lock 140127634715696 acquired on /dss/dsshome1/00/ge95xod2/.cache/huggingface/datasets/_dss_dsshome1_00_ge95xod2_.cache_huggingface_datasets_ai4bharat___indic_glue_iitp-pr.hi_0.0.0_6dcbebd49d6b12965d433bffcd07e9a786211703.lock
2026-01-25 14:56:19,628 - fsspec.local - DEBUG - open file: /dss/dsshome1/00/ge95xod2/.cache/huggingface/datasets/ai4bharat___indic_glue/iitp-pr.hi/0.0.0/6dcbebd49d6b12965d433bffcd07e9a786211703/dataset_info.json
2026-01-25 14:56:19,629 - filelock - DEBUG - Attempting to release lock 140127634715696 on /dss/dsshome1/00/ge95xod2/.cache/huggingface/datasets/_dss_dsshome1_00_ge95xod2_.cache_huggingface_datasets_ai4bharat___indic_glue_iitp-pr.hi_0.0.0_6dcbebd49d6b12965d433bffcd07e9a786211703.lock
2026-01-25 14:56:19,629 - filelock - DEBUG - Lock 140127634715696 released on /dss/dsshome1/00/ge95xod2/.cache/huggingface/datasets/_dss_dsshome1_00_ge95xod2_.cache_huggingface_datasets_ai4bharat___indic_glue_iitp-pr.hi_0.0.0_6dcbebd49d6b12965d433bffcd07e9a786211703.lock
2026-01-25 14:56:19,631 - filelock - DEBUG - Attempting to acquire lock 140127612606736 on /dss/dsshome1/00/ge95xod2/.cache/huggingface/datasets/ai4bharat___indic_glue/iitp-pr.hi/0.0.0/6dcbebd49d6b12965d433bffcd07e9a786211703_builder.lock
2026-01-25 14:56:19,632 - filelock - DEBUG - Lock 140127612606736 acquired on /dss/dsshome1/00/ge95xod2/.cache/huggingface/datasets/ai4bharat___indic_glue/iitp-pr.hi/0.0.0/6dcbebd49d6b12965d433bffcd07e9a786211703_builder.lock
2026-01-25 14:56:19,632 - fsspec.local - DEBUG - open file: /dss/dsshome1/00/ge95xod2/.cache/huggingface/datasets/ai4bharat___indic_glue/iitp-pr.hi/0.0.0/6dcbebd49d6b12965d433bffcd07e9a786211703/dataset_info.json
2026-01-25 14:56:19,632 - filelock - DEBUG - Attempting to release lock 140127612606736 on /dss/dsshome1/00/ge95xod2/.cache/huggingface/datasets/ai4bharat___indic_glue/iitp-pr.hi/0.0.0/6dcbebd49d6b12965d433bffcd07e9a786211703_builder.lock
2026-01-25 14:56:19,633 - filelock - DEBUG - Lock 140127612606736 released on /dss/dsshome1/00/ge95xod2/.cache/huggingface/datasets/ai4bharat___indic_glue/iitp-pr.hi/0.0.0/6dcbebd49d6b12965d433bffcd07e9a786211703_builder.lock
2026-01-25 14:56:19,638 - src.evaluation.indicglue_evaluator - INFO - Successfully loaded ProductReviewSentiment test split with 523 examples
2026-01-25 14:56:19,638 - src.evaluation.indicglue_evaluator - INFO -   Loaded test: 523 examples
2026-01-25 14:56:19,638 - src.evaluation.indicglue_evaluator - INFO - Fine-tuning on ProductReviewSentiment...
2026-01-25 14:56:19,639 - src.evaluation.indicglue.fine_tuning_manager - INFO - Starting fine-tuning for ProductReviewSentiment
2026-01-25 14:56:19,639 - src.evaluation.indicglue.fine_tuning_manager - INFO - Train samples: 4182, Val samples: 523
2026-01-25 14:56:19,639 - src.evaluation.indicglue_evaluator - INFO - Wrapping model for task 'ProductReviewSentiment' with 3 classes
2026-01-25 14:56:19,642 - src.evaluation.indicglue.fine_tuning_manager - INFO - Starting training loop for ProductReviewSentiment
2026-01-25 14:56:19,643 - src.evaluation.indicglue.fine_tuning_manager - INFO - Model parameters: 91,742,979 total, 91,742,979 trainable (100.0%)
2026-01-25 14:56:19,644 - src.evaluation.indicglue.fine_tuning_manager - INFO - ✓ End-to-end training mode (all parameters trainable)
2026-01-25 14:56:19,645 - src.evaluation.indicglue.fine_tuning_manager - INFO - Optimizer: AdamW with 76 params with decay, 74 without decay
2026-01-25 14:56:19,645 - src.evaluation.indicglue.fine_tuning_manager - INFO - Scheduler created: Cosine schedule with 393 warmup steps (total 2620 steps)
2026-01-25 14:56:19,646 - src.evaluation.indicglue.fine_tuning_manager - INFO - Training config: total_steps=2620, warmup_steps=393 (15.0%)
2026-01-25 14:57:10,425 - src.evaluation.indicglue.fine_tuning_manager - INFO - Epoch 1/10: train_loss=1.1748, val_acc=0.3289, val_loss=1.1629
2026-01-25 14:57:10,542 - src.evaluation.indicglue.fine_tuning_manager - INFO -   → New best validation accuracy: 0.3289 (improvement: 0.3289)
2026-01-25 14:58:01,350 - src.evaluation.indicglue.fine_tuning_manager - INFO - Epoch 2/10: train_loss=1.1131, val_acc=0.4436, val_loss=1.0482
2026-01-25 14:58:01,811 - src.evaluation.indicglue.fine_tuning_manager - INFO -   → New best validation accuracy: 0.4436 (improvement: 0.1147)
2026-01-25 14:58:52,631 - src.evaluation.indicglue.fine_tuning_manager - INFO - Epoch 3/10: train_loss=1.0260, val_acc=0.4837, val_loss=1.0053
2026-01-25 14:58:53,097 - src.evaluation.indicglue.fine_tuning_manager - INFO -   → New best validation accuracy: 0.4837 (improvement: 0.0402)
2026-01-25 14:59:43,927 - src.evaluation.indicglue.fine_tuning_manager - INFO - Epoch 4/10: train_loss=0.9779, val_acc=0.5296, val_loss=0.9624
2026-01-25 14:59:44,321 - src.evaluation.indicglue.fine_tuning_manager - INFO -   → New best validation accuracy: 0.5296 (improvement: 0.0459)
2026-01-25 15:00:35,160 - src.evaluation.indicglue.fine_tuning_manager - INFO - Epoch 5/10: train_loss=0.9361, val_acc=0.5660, val_loss=0.9202
2026-01-25 15:00:35,626 - src.evaluation.indicglue.fine_tuning_manager - INFO -   → New best validation accuracy: 0.5660 (improvement: 0.0363)
2026-01-25 15:01:26,405 - src.evaluation.indicglue.fine_tuning_manager - INFO - Epoch 6/10: train_loss=0.8929, val_acc=0.6061, val_loss=0.8774
2026-01-25 15:01:26,909 - src.evaluation.indicglue.fine_tuning_manager - INFO -   → New best validation accuracy: 0.6061 (improvement: 0.0402)
2026-01-25 15:02:17,668 - src.evaluation.indicglue.fine_tuning_manager - INFO - Epoch 7/10: train_loss=0.8503, val_acc=0.6233, val_loss=0.8487
2026-01-25 15:02:18,106 - src.evaluation.indicglue.fine_tuning_manager - INFO -   → New best validation accuracy: 0.6233 (improvement: 0.0172)
2026-01-25 15:03:08,861 - src.evaluation.indicglue.fine_tuning_manager - INFO - Epoch 8/10: train_loss=0.8096, val_acc=0.6539, val_loss=0.8206
2026-01-25 15:03:09,321 - src.evaluation.indicglue.fine_tuning_manager - INFO -   → New best validation accuracy: 0.6539 (improvement: 0.0306)
2026-01-25 15:04:00,094 - src.evaluation.indicglue.fine_tuning_manager - INFO - Epoch 9/10: train_loss=0.7735, val_acc=0.6826, val_loss=0.7973
2026-01-25 15:04:00,566 - src.evaluation.indicglue.fine_tuning_manager - INFO -   → New best validation accuracy: 0.6826 (improvement: 0.0287)
2026-01-25 15:04:51,320 - src.evaluation.indicglue.fine_tuning_manager - INFO - Epoch 10/10: train_loss=0.7440, val_acc=0.6826, val_loss=0.7879
2026-01-25 15:04:51,320 - src.evaluation.indicglue.fine_tuning_manager - INFO -   → No improvement (patience: 1/3)
2026-01-25 15:04:51,464 - src.evaluation.indicglue.fine_tuning_manager - INFO - Restored best model from epoch 9 with val_acc=0.6826
2026-01-25 15:04:52,093 - src.evaluation.indicglue.fine_tuning_manager - DEBUG - CUDA memory cleanup completed successfully
2026-01-25 15:04:52,094 - src.evaluation.indicglue.fine_tuning_manager - DEBUG - Cleaned up optimizer, scheduler, and GPU memory after fine-tuning
2026-01-25 15:04:52,094 - src.evaluation.indicglue_evaluator - INFO - Evaluation mode switched to: fine-tuned (will use classification heads for all tasks)
2026-01-25 15:04:52,094 - src.evaluation.indicglue_evaluator - INFO - Evaluating fine-tuned model on test set...
2026-01-25 15:04:52,094 - src.evaluation.indicglue_evaluator - INFO - Evaluating on 523 examples
2026-01-25 15:04:52,094 - src.evaluation.indicglue_evaluator - INFO - [ROUTING] ProductReviewSentiment: Classification/NLI task → Using classification head
2026-01-25 15:04:52,095 - src.evaluation.evaluation_cache - DEBUG - Generated cache key: 18e28169a89ebf8f9039075f4c4518d928e1e677c968929a48b042e082820dbf
2026-01-25 15:04:52,101 - src.evaluation.evaluation_cache - INFO - Cache hit: 18e28169a89ebf8f9039075f4c4518d928e1e677c968929a48b042e082820dbf
2026-01-25 15:04:52,101 - src.evaluation.evaluation_cache - INFO -   Created: 2026-01-10T07:29:56.002779
2026-01-25 15:04:52,101 - src.evaluation.evaluation_cache - INFO -   Samples: 2
2026-01-25 15:04:52,101 - src.evaluation.indicglue_evaluator - INFO - Using cached predictions for ProductReviewSentiment
2026-01-25 15:04:52,101 - src.evaluation.indicglue_evaluator - DEBUG - Cleared wrapped model cache for ProductReviewSentiment
2026-01-25 15:04:52,527 - src.evaluation.indicglue_evaluator - DEBUG - CUDA memory cleanup completed successfully
2026-01-25 15:04:52,527 - src.evaluation.indicglue_evaluator - INFO - ProductReviewSentiment Results:
2026-01-25 15:04:52,527 - src.evaluation.indicglue_evaluator - INFO -   num_examples: 523.0000
2026-01-25 15:04:52,527 - src.evaluation.indicglue_evaluator - INFO -   accuracy: 0.4646
2026-01-25 15:04:52,528 - src.evaluation.indicglue_evaluator - INFO -   f1_macro: 0.3550
2026-01-25 15:04:52,528 - src.evaluation.indicglue_evaluator - INFO -   f1_weighted: 0.4448
2026-01-25 15:04:52,528 - src.evaluation.indicglue_evaluator - INFO -   precision_macro: 0.3638
2026-01-25 15:04:52,528 - src.evaluation.indicglue_evaluator - INFO -   recall_macro: 0.3636
2026-01-25 15:04:52,528 - src.evaluation.indicglue_evaluator - INFO -   fine_tuned: 1.0000
2026-01-25 15:04:52,528 - src.evaluation.indicglue_evaluator - INFO -   fine_tuning_time_seconds: 512.4557
2026-01-25 15:04:52,938 - src.evaluation.indicglue_evaluator - DEBUG - CUDA memory cleanup completed successfully
2026-01-25 15:04:52,938 - src.evaluation.indicglue_evaluator - INFO - 
Evaluating DiscourseMode...
2026-01-25 15:04:52,938 - src.evaluation.indicglue_evaluator - INFO - Fine-tuning mode enabled for DiscourseMode
2026-01-25 15:04:52,938 - src.evaluation.indicglue_evaluator - INFO - Using original HuggingFace splits for DiscourseMode
2026-01-25 15:04:52,938 - src.evaluation.indicglue_evaluator - INFO - Attempting to load DiscourseMode from ai4bharat/indic_glue with config 'md.hi' (split=train)
2026-01-25 15:04:54,527 - filelock - DEBUG - Attempting to acquire lock 140127615502368 on /dss/dsshome1/00/ge95xod2/.cache/huggingface/datasets/_dss_dsshome1_00_ge95xod2_.cache_huggingface_datasets_ai4bharat___indic_glue_md.hi_0.0.0_6dcbebd49d6b12965d433bffcd07e9a786211703.lock
2026-01-25 15:04:54,556 - filelock - DEBUG - Lock 140127615502368 acquired on /dss/dsshome1/00/ge95xod2/.cache/huggingface/datasets/_dss_dsshome1_00_ge95xod2_.cache_huggingface_datasets_ai4bharat___indic_glue_md.hi_0.0.0_6dcbebd49d6b12965d433bffcd07e9a786211703.lock
2026-01-25 15:04:54,558 - fsspec.local - DEBUG - open file: /dss/dsshome1/00/ge95xod2/.cache/huggingface/datasets/ai4bharat___indic_glue/md.hi/0.0.0/6dcbebd49d6b12965d433bffcd07e9a786211703/dataset_info.json
2026-01-25 15:04:54,559 - filelock - DEBUG - Attempting to release lock 140127615502368 on /dss/dsshome1/00/ge95xod2/.cache/huggingface/datasets/_dss_dsshome1_00_ge95xod2_.cache_huggingface_datasets_ai4bharat___indic_glue_md.hi_0.0.0_6dcbebd49d6b12965d433bffcd07e9a786211703.lock
2026-01-25 15:04:54,559 - filelock - DEBUG - Lock 140127615502368 released on /dss/dsshome1/00/ge95xod2/.cache/huggingface/datasets/_dss_dsshome1_00_ge95xod2_.cache_huggingface_datasets_ai4bharat___indic_glue_md.hi_0.0.0_6dcbebd49d6b12965d433bffcd07e9a786211703.lock
2026-01-25 15:04:54,562 - filelock - DEBUG - Attempting to acquire lock 140127803021344 on /dss/dsshome1/00/ge95xod2/.cache/huggingface/datasets/ai4bharat___indic_glue/md.hi/0.0.0/6dcbebd49d6b12965d433bffcd07e9a786211703_builder.lock
2026-01-25 15:04:54,565 - filelock - DEBUG - Lock 140127803021344 acquired on /dss/dsshome1/00/ge95xod2/.cache/huggingface/datasets/ai4bharat___indic_glue/md.hi/0.0.0/6dcbebd49d6b12965d433bffcd07e9a786211703_builder.lock
2026-01-25 15:04:54,565 - fsspec.local - DEBUG - open file: /dss/dsshome1/00/ge95xod2/.cache/huggingface/datasets/ai4bharat___indic_glue/md.hi/0.0.0/6dcbebd49d6b12965d433bffcd07e9a786211703/dataset_info.json
2026-01-25 15:04:54,566 - filelock - DEBUG - Attempting to release lock 140127803021344 on /dss/dsshome1/00/ge95xod2/.cache/huggingface/datasets/ai4bharat___indic_glue/md.hi/0.0.0/6dcbebd49d6b12965d433bffcd07e9a786211703_builder.lock
2026-01-25 15:04:54,566 - filelock - DEBUG - Lock 140127803021344 released on /dss/dsshome1/00/ge95xod2/.cache/huggingface/datasets/ai4bharat___indic_glue/md.hi/0.0.0/6dcbebd49d6b12965d433bffcd07e9a786211703_builder.lock
2026-01-25 15:04:54,576 - src.evaluation.indicglue_evaluator - INFO - Successfully loaded DiscourseMode train split with 7974 examples
2026-01-25 15:04:54,576 - src.evaluation.indicglue_evaluator - INFO -   Loaded train: 7974 examples
2026-01-25 15:04:54,576 - src.evaluation.indicglue_evaluator - INFO - Attempting to load DiscourseMode from ai4bharat/indic_glue with config 'md.hi' (split=validation)
2026-01-25 15:04:55,531 - filelock - DEBUG - Attempting to acquire lock 140127279898096 on /dss/dsshome1/00/ge95xod2/.cache/huggingface/datasets/_dss_dsshome1_00_ge95xod2_.cache_huggingface_datasets_ai4bharat___indic_glue_md.hi_0.0.0_6dcbebd49d6b12965d433bffcd07e9a786211703.lock
2026-01-25 15:04:55,531 - filelock - DEBUG - Lock 140127279898096 acquired on /dss/dsshome1/00/ge95xod2/.cache/huggingface/datasets/_dss_dsshome1_00_ge95xod2_.cache_huggingface_datasets_ai4bharat___indic_glue_md.hi_0.0.0_6dcbebd49d6b12965d433bffcd07e9a786211703.lock
2026-01-25 15:04:55,532 - fsspec.local - DEBUG - open file: /dss/dsshome1/00/ge95xod2/.cache/huggingface/datasets/ai4bharat___indic_glue/md.hi/0.0.0/6dcbebd49d6b12965d433bffcd07e9a786211703/dataset_info.json
2026-01-25 15:04:55,533 - filelock - DEBUG - Attempting to release lock 140127279898096 on /dss/dsshome1/00/ge95xod2/.cache/huggingface/datasets/_dss_dsshome1_00_ge95xod2_.cache_huggingface_datasets_ai4bharat___indic_glue_md.hi_0.0.0_6dcbebd49d6b12965d433bffcd07e9a786211703.lock
2026-01-25 15:04:55,533 - filelock - DEBUG - Lock 140127279898096 released on /dss/dsshome1/00/ge95xod2/.cache/huggingface/datasets/_dss_dsshome1_00_ge95xod2_.cache_huggingface_datasets_ai4bharat___indic_glue_md.hi_0.0.0_6dcbebd49d6b12965d433bffcd07e9a786211703.lock
2026-01-25 15:04:55,535 - filelock - DEBUG - Attempting to acquire lock 140136463334944 on /dss/dsshome1/00/ge95xod2/.cache/huggingface/datasets/ai4bharat___indic_glue/md.hi/0.0.0/6dcbebd49d6b12965d433bffcd07e9a786211703_builder.lock
2026-01-25 15:04:55,551 - filelock - DEBUG - Lock 140136463334944 acquired on /dss/dsshome1/00/ge95xod2/.cache/huggingface/datasets/ai4bharat___indic_glue/md.hi/0.0.0/6dcbebd49d6b12965d433bffcd07e9a786211703_builder.lock
2026-01-25 15:04:55,551 - fsspec.local - DEBUG - open file: /dss/dsshome1/00/ge95xod2/.cache/huggingface/datasets/ai4bharat___indic_glue/md.hi/0.0.0/6dcbebd49d6b12965d433bffcd07e9a786211703/dataset_info.json
2026-01-25 15:04:55,552 - filelock - DEBUG - Attempting to release lock 140136463334944 on /dss/dsshome1/00/ge95xod2/.cache/huggingface/datasets/ai4bharat___indic_glue/md.hi/0.0.0/6dcbebd49d6b12965d433bffcd07e9a786211703_builder.lock
2026-01-25 15:04:55,552 - filelock - DEBUG - Lock 140136463334944 released on /dss/dsshome1/00/ge95xod2/.cache/huggingface/datasets/ai4bharat___indic_glue/md.hi/0.0.0/6dcbebd49d6b12965d433bffcd07e9a786211703_builder.lock
2026-01-25 15:04:55,558 - src.evaluation.indicglue_evaluator - INFO - Successfully loaded DiscourseMode validation split with 997 examples
2026-01-25 15:04:55,558 - src.evaluation.indicglue_evaluator - INFO -   Loaded validation: 997 examples
2026-01-25 15:04:55,558 - src.evaluation.indicglue_evaluator - INFO - Attempting to load DiscourseMode from ai4bharat/indic_glue with config 'md.hi' (split=test)
2026-01-25 15:04:56,578 - filelock - DEBUG - Attempting to acquire lock 140127613210144 on /dss/dsshome1/00/ge95xod2/.cache/huggingface/datasets/_dss_dsshome1_00_ge95xod2_.cache_huggingface_datasets_ai4bharat___indic_glue_md.hi_0.0.0_6dcbebd49d6b12965d433bffcd07e9a786211703.lock
2026-01-25 15:04:56,579 - filelock - DEBUG - Lock 140127613210144 acquired on /dss/dsshome1/00/ge95xod2/.cache/huggingface/datasets/_dss_dsshome1_00_ge95xod2_.cache_huggingface_datasets_ai4bharat___indic_glue_md.hi_0.0.0_6dcbebd49d6b12965d433bffcd07e9a786211703.lock
2026-01-25 15:04:56,579 - fsspec.local - DEBUG - open file: /dss/dsshome1/00/ge95xod2/.cache/huggingface/datasets/ai4bharat___indic_glue/md.hi/0.0.0/6dcbebd49d6b12965d433bffcd07e9a786211703/dataset_info.json
2026-01-25 15:04:56,580 - filelock - DEBUG - Attempting to release lock 140127613210144 on /dss/dsshome1/00/ge95xod2/.cache/huggingface/datasets/_dss_dsshome1_00_ge95xod2_.cache_huggingface_datasets_ai4bharat___indic_glue_md.hi_0.0.0_6dcbebd49d6b12965d433bffcd07e9a786211703.lock
2026-01-25 15:04:56,580 - filelock - DEBUG - Lock 140127613210144 released on /dss/dsshome1/00/ge95xod2/.cache/huggingface/datasets/_dss_dsshome1_00_ge95xod2_.cache_huggingface_datasets_ai4bharat___indic_glue_md.hi_0.0.0_6dcbebd49d6b12965d433bffcd07e9a786211703.lock
2026-01-25 15:04:56,582 - filelock - DEBUG - Attempting to acquire lock 140127802876688 on /dss/dsshome1/00/ge95xod2/.cache/huggingface/datasets/ai4bharat___indic_glue/md.hi/0.0.0/6dcbebd49d6b12965d433bffcd07e9a786211703_builder.lock
2026-01-25 15:04:56,582 - filelock - DEBUG - Lock 140127802876688 acquired on /dss/dsshome1/00/ge95xod2/.cache/huggingface/datasets/ai4bharat___indic_glue/md.hi/0.0.0/6dcbebd49d6b12965d433bffcd07e9a786211703_builder.lock
2026-01-25 15:04:56,583 - fsspec.local - DEBUG - open file: /dss/dsshome1/00/ge95xod2/.cache/huggingface/datasets/ai4bharat___indic_glue/md.hi/0.0.0/6dcbebd49d6b12965d433bffcd07e9a786211703/dataset_info.json
2026-01-25 15:04:56,583 - filelock - DEBUG - Attempting to release lock 140127802876688 on /dss/dsshome1/00/ge95xod2/.cache/huggingface/datasets/ai4bharat___indic_glue/md.hi/0.0.0/6dcbebd49d6b12965d433bffcd07e9a786211703_builder.lock
2026-01-25 15:04:56,583 - filelock - DEBUG - Lock 140127802876688 released on /dss/dsshome1/00/ge95xod2/.cache/huggingface/datasets/ai4bharat___indic_glue/md.hi/0.0.0/6dcbebd49d6b12965d433bffcd07e9a786211703_builder.lock
2026-01-25 15:04:56,589 - src.evaluation.indicglue_evaluator - INFO - Successfully loaded DiscourseMode test split with 997 examples
2026-01-25 15:04:56,589 - src.evaluation.indicglue_evaluator - INFO -   Loaded test: 997 examples
2026-01-25 15:04:56,590 - src.evaluation.indicglue_evaluator - INFO - Fine-tuning on DiscourseMode...
2026-01-25 15:04:56,590 - src.evaluation.indicglue.fine_tuning_manager - INFO - Starting fine-tuning for DiscourseMode
2026-01-25 15:04:56,590 - src.evaluation.indicglue.fine_tuning_manager - INFO - Train samples: 7974, Val samples: 997
2026-01-25 15:04:56,590 - src.evaluation.indicglue_evaluator - INFO - Wrapping model for task 'DiscourseMode' with 6 classes
2026-01-25 15:04:56,594 - src.evaluation.indicglue.fine_tuning_manager - INFO - Starting training loop for DiscourseMode
2026-01-25 15:04:56,595 - src.evaluation.indicglue.fine_tuning_manager - INFO - Model parameters: 91,745,286 total, 91,745,286 trainable (100.0%)
2026-01-25 15:04:56,595 - src.evaluation.indicglue.fine_tuning_manager - INFO - ✓ End-to-end training mode (all parameters trainable)
2026-01-25 15:04:56,597 - src.evaluation.indicglue.fine_tuning_manager - INFO - Optimizer: AdamW with 76 params with decay, 74 without decay
2026-01-25 15:04:56,597 - src.evaluation.indicglue.fine_tuning_manager - INFO - Scheduler created: Cosine schedule with 748 warmup steps (total 4990 steps)
2026-01-25 15:04:56,597 - src.evaluation.indicglue.fine_tuning_manager - INFO - Training config: total_steps=4990, warmup_steps=748 (15.0%)
2026-01-25 15:06:33,402 - src.evaluation.indicglue.fine_tuning_manager - INFO - Epoch 1/10: train_loss=1.7540, val_acc=0.2528, val_loss=1.7294
2026-01-25 15:06:33,511 - src.evaluation.indicglue.fine_tuning_manager - INFO -   → New best validation accuracy: 0.2528 (improvement: 0.2528)
2026-01-25 15:08:10,311 - src.evaluation.indicglue.fine_tuning_manager - INFO - Epoch 2/10: train_loss=1.6165, val_acc=0.3741, val_loss=1.4678
2026-01-25 15:08:10,761 - src.evaluation.indicglue.fine_tuning_manager - INFO -   → New best validation accuracy: 0.3741 (improvement: 0.1214)
2026-01-25 15:09:47,628 - src.evaluation.indicglue.fine_tuning_manager - INFO - Epoch 3/10: train_loss=1.3696, val_acc=0.5075, val_loss=1.2339
2026-01-25 15:09:48,076 - src.evaluation.indicglue.fine_tuning_manager - INFO -   → New best validation accuracy: 0.5075 (improvement: 0.1334)
2026-01-25 15:11:24,915 - src.evaluation.indicglue.fine_tuning_manager - INFO - Epoch 4/10: train_loss=1.2042, val_acc=0.6078, val_loss=1.0841
2026-01-25 15:11:25,419 - src.evaluation.indicglue.fine_tuning_manager - INFO -   → New best validation accuracy: 0.6078 (improvement: 0.1003)
2026-01-25 15:13:02,257 - src.evaluation.indicglue.fine_tuning_manager - INFO - Epoch 5/10: train_loss=1.0879, val_acc=0.6580, val_loss=0.9960
2026-01-25 15:13:02,693 - src.evaluation.indicglue.fine_tuning_manager - INFO -   → New best validation accuracy: 0.6580 (improvement: 0.0502)
2026-01-25 15:14:39,606 - src.evaluation.indicglue.fine_tuning_manager - INFO - Epoch 6/10: train_loss=1.0169, val_acc=0.6770, val_loss=0.9478
2026-01-25 15:14:40,101 - src.evaluation.indicglue.fine_tuning_manager - INFO -   → New best validation accuracy: 0.6770 (improvement: 0.0191)
2026-01-25 15:16:17,006 - src.evaluation.indicglue.fine_tuning_manager - INFO - Epoch 7/10: train_loss=0.9633, val_acc=0.6941, val_loss=0.9120
2026-01-25 15:16:17,475 - src.evaluation.indicglue.fine_tuning_manager - INFO -   → New best validation accuracy: 0.6941 (improvement: 0.0171)
2026-01-25 15:17:54,301 - src.evaluation.indicglue.fine_tuning_manager - INFO - Epoch 8/10: train_loss=0.9188, val_acc=0.7141, val_loss=0.8981
2026-01-25 15:17:54,802 - src.evaluation.indicglue.fine_tuning_manager - INFO -   → New best validation accuracy: 0.7141 (improvement: 0.0201)
2026-01-25 15:19:31,657 - src.evaluation.indicglue.fine_tuning_manager - INFO - Epoch 9/10: train_loss=0.8861, val_acc=0.7101, val_loss=0.8775
2026-01-25 15:19:31,657 - src.evaluation.indicglue.fine_tuning_manager - INFO -   → No improvement (patience: 1/3)
2026-01-25 15:21:08,746 - src.evaluation.indicglue.fine_tuning_manager - INFO - Epoch 10/10: train_loss=0.8612, val_acc=0.7212, val_loss=0.8643
2026-01-25 15:21:09,210 - src.evaluation.indicglue.fine_tuning_manager - INFO -   → New best validation accuracy: 0.7212 (improvement: 0.0070)
2026-01-25 15:21:09,241 - src.evaluation.indicglue.fine_tuning_manager - INFO - Restored best model from epoch 10 with val_acc=0.7212
2026-01-25 15:21:09,781 - src.evaluation.indicglue.fine_tuning_manager - DEBUG - CUDA memory cleanup completed successfully
2026-01-25 15:21:09,781 - src.evaluation.indicglue.fine_tuning_manager - DEBUG - Cleaned up optimizer, scheduler, and GPU memory after fine-tuning
2026-01-25 15:21:09,782 - src.evaluation.indicglue_evaluator - INFO - Evaluation mode switched to: fine-tuned (will use classification heads for all tasks)
2026-01-25 15:21:09,782 - src.evaluation.indicglue_evaluator - INFO - Evaluating fine-tuned model on test set...
2026-01-25 15:21:09,782 - src.evaluation.indicglue_evaluator - INFO - Evaluating on 997 examples
2026-01-25 15:21:09,782 - src.evaluation.indicglue_evaluator - INFO - [ROUTING] DiscourseMode: Classification/NLI task → Using classification head
2026-01-25 15:21:09,782 - src.evaluation.evaluation_cache - DEBUG - Generated cache key: f1ee6a53e040edb19bab0772c6ecad63d59a7c189ec8920554bf3096a30e1d7b
2026-01-25 15:21:09,784 - src.evaluation.evaluation_cache - DEBUG - Cache miss: f1ee6a53e040edb19bab0772c6ecad63d59a7c189ec8920554bf3096a30e1d7b
2026-01-25 15:21:09,784 - src.evaluation.indicglue_evaluator - INFO - Evaluating DiscourseMode on 997 examples
2026-01-25 15:21:15,216 - src.evaluation.indicglue_evaluator - DEBUG - DataLoader cleanup completed
2026-01-25 15:21:42,850 - src.evaluation.evaluation_cache - ERROR - Error saving predictions to cache: [Errno 2] No such file or directory: '.eval_cache/f1ee6a53e040edb19bab0772c6ecad63d59a7c189ec8920554bf3096a30e1d7b.pkl'
2026-01-25 15:21:42,853 - src.evaluation.indicglue_evaluator - DEBUG - Cleared wrapped model cache for DiscourseMode
2026-01-25 15:21:43,381 - src.evaluation.indicglue_evaluator - DEBUG - CUDA memory cleanup completed successfully
2026-01-25 15:21:43,382 - src.evaluation.indicglue_evaluator - INFO - DiscourseMode Results:
2026-01-25 15:21:43,382 - src.evaluation.indicglue_evaluator - INFO -   num_examples: 997.0000
2026-01-25 15:21:43,382 - src.evaluation.indicglue_evaluator - INFO -   accuracy: 0.7252
2026-01-25 15:21:43,383 - src.evaluation.indicglue_evaluator - INFO -   f1_macro: 0.4774
2026-01-25 15:21:43,383 - src.evaluation.indicglue_evaluator - INFO -   f1_weighted: 0.7166
2026-01-25 15:21:43,383 - src.evaluation.indicglue_evaluator - INFO -   precision_macro: 0.5279
2026-01-25 15:21:43,383 - src.evaluation.indicglue_evaluator - INFO -   recall_macro: 0.4558
2026-01-25 15:21:43,383 - src.evaluation.indicglue_evaluator - INFO -   fine_tuned: 1.0000
2026-01-25 15:21:43,383 - src.evaluation.indicglue_evaluator - INFO -   fine_tuning_time_seconds: 973.1915
2026-01-25 15:21:43,810 - src.evaluation.indicglue_evaluator - DEBUG - CUDA memory cleanup completed successfully
2026-01-25 15:21:43,810 - src.evaluation.indicglue_evaluator - INFO - 
============================================================
2026-01-25 15:21:43,810 - src.evaluation.indicglue_evaluator - INFO - IndicGLUE Evaluation Complete
2026-01-25 15:21:43,831 - src.evaluation.indicglue_evaluator - INFO - Overall Accuracy: 0.3967
2026-01-25 15:21:43,831 - src.evaluation.indicglue_evaluator - INFO - ============================================================
2026-01-25 15:21:43,831 - src.evaluation.multiblimp_evaluator - INFO - Starting MultiBLiMP evaluation on all phenomena...
2026-01-25 15:21:43,831 - src.evaluation.multiblimp_evaluator - INFO - 
Evaluating SV-#...
2026-01-25 15:21:51,117 - src.evaluation.multiblimp_evaluator - INFO - SV-# Results:
2026-01-25 15:21:51,117 - src.evaluation.multiblimp_evaluator - INFO -   Accuracy: 0.8649
2026-01-25 15:21:51,117 - src.evaluation.multiblimp_evaluator - INFO -   Correct: 352/407
2026-01-25 15:21:51,117 - src.evaluation.multiblimp_evaluator - INFO - 
Evaluating SV-G...
2026-01-25 15:21:58,563 - src.evaluation.multiblimp_evaluator - INFO - SV-G Results:
2026-01-25 15:21:58,563 - src.evaluation.multiblimp_evaluator - INFO -   Accuracy: 0.8258
2026-01-25 15:21:58,564 - src.evaluation.multiblimp_evaluator - INFO -   Correct: 346/419
2026-01-25 15:21:58,564 - src.evaluation.multiblimp_evaluator - INFO - 
Evaluating SV-P...
2026-01-25 15:22:05,875 - src.evaluation.multiblimp_evaluator - INFO - SV-P Results:
2026-01-25 15:22:05,875 - src.evaluation.multiblimp_evaluator - INFO -   Accuracy: 0.9709
2026-01-25 15:22:05,875 - src.evaluation.multiblimp_evaluator - INFO -   Correct: 400/412
2026-01-25 15:22:05,875 - src.evaluation.multiblimp_evaluator - INFO - 
Evaluating SP-#...
2026-01-25 15:22:07,646 - src.evaluation.multiblimp_evaluator - INFO - SP-# Results:
2026-01-25 15:22:07,646 - src.evaluation.multiblimp_evaluator - INFO -   Accuracy: 0.9500
2026-01-25 15:22:07,646 - src.evaluation.multiblimp_evaluator - INFO -   Correct: 95/100
2026-01-25 15:22:07,646 - src.evaluation.multiblimp_evaluator - INFO - 
Evaluating SP-G...
2026-01-25 15:22:09,588 - src.evaluation.multiblimp_evaluator - INFO - SP-G Results:
2026-01-25 15:22:09,588 - src.evaluation.multiblimp_evaluator - INFO -   Accuracy: 0.9450
2026-01-25 15:22:09,588 - src.evaluation.multiblimp_evaluator - INFO -   Correct: 103/109
2026-01-25 15:22:09,610 - src.evaluation.multiblimp_evaluator - INFO - 
============================================================
2026-01-25 15:22:09,611 - src.evaluation.multiblimp_evaluator - INFO - MultiBLiMP Evaluation Complete
2026-01-25 15:22:09,611 - src.evaluation.multiblimp_evaluator - INFO - Overall Accuracy: 0.9113
2026-01-25 15:22:09,611 - src.evaluation.multiblimp_evaluator - INFO - ============================================================
2026-01-25 15:22:09,809 - root - INFO - 
💾 Saving evaluation results...
2026-01-25 15:22:09,838 - root - INFO -    Results saved to: results/gpt_10M_bpe_8k/evaluation_results.json
2026-01-25 15:22:09,839 - root - INFO - 
📊 Evaluation Summary:
2026-01-25 15:22:09,839 - root - INFO -    indicglue: 0.3967 average (7 tasks)
2026-01-25 15:22:09,839 - root - INFO -    multiblimp: 0.9113 average (5 tasks)
2026-01-25 15:22:09,839 - root - INFO -    summary: No numeric scores available
2026-01-25 15:22:09,839 - root - INFO - 
✅ Evaluation completed successfully!
2026-01-25 15:22:09,843 - root - INFO - ✅ All stages completed successfully!
2026-01-25 15:22:09,843 - root - INFO - 📁 Results directory: results/gpt_10M_bpe_8k
2026-01-25 15:22:09,843 - root - INFO - 📊 View results:
2026-01-25 15:22:09,844 - root - INFO -    - Training summary: results/gpt_10M_bpe_8k/training_summary.json
2026-01-25 15:22:09,844 - root - INFO -    - Evaluation results: results/gpt_10M_bpe_8k/evaluation_results.json
2026-01-25 15:22:09,844 - root - INFO -    - Logs: results/gpt_10M_bpe_8k/experiment.log
