2026-01-28 14:48:31,459 - root - INFO - Experiment: gpt_10M_bpe_16k
2026-01-28 14:48:31,460 - root - INFO - Stage: all
2026-01-28 14:48:31,460 - root - INFO - Results directory: results/gpt_10M_bpe_16k
2026-01-28 14:48:31,460 - root - INFO - Configuration: configs/ablations/vocab_sizes/gpt_bpe_10M_16k.yaml
2026-01-28 14:48:31,460 - root - INFO - 
🎲 Setting up reproducibility...
2026-01-28 14:48:31,460 - root - INFO -    Seed: 42
2026-01-28 14:48:31,460 - root - INFO -    Deterministic: True
2026-01-28 14:48:31,460 - src.utils.seed_manager - INFO - Setting all seeds to 42
2026-01-28 14:48:31,460 - src.utils.seed_manager - DEBUG - ✓ Python random seed set
2026-01-28 14:48:31,460 - src.utils.seed_manager - DEBUG - ✓ NumPy seed set
2026-01-28 14:48:31,571 - src.utils.seed_manager - DEBUG - ✓ PyTorch CPU seed set
2026-01-28 14:48:32,504 - src.utils.seed_manager - DEBUG - ✓ PyTorch CUDA seeds set
2026-01-28 14:48:32,504 - src.utils.seed_manager - INFO - Enabling deterministic mode for PyTorch
2026-01-28 14:48:32,504 - src.utils.seed_manager - DEBUG - ✓ PyTorch deterministic algorithms enabled
2026-01-28 14:48:32,504 - src.utils.seed_manager - DEBUG - ✓ CuDNN deterministic mode enabled
2026-01-28 14:48:32,504 - src.utils.seed_manager - WARNING - CuDNN benchmark disabled - may reduce training speed
2026-01-28 14:48:32,504 - src.utils.seed_manager - DEBUG - ✓ Set PYTHONHASHSEED=42
2026-01-28 14:48:32,504 - src.utils.seed_manager - DEBUG - ✓ Set CUBLAS_WORKSPACE_CONFIG=:4096:8
2026-01-28 14:48:32,505 - root - INFO - 
💻 Device configuration:
2026-01-28 14:48:32,505 - root - INFO -    Device: cuda
2026-01-28 14:48:32,560 - root - INFO -    GPU: NVIDIA H100
2026-01-28 14:48:32,560 - root - INFO -    CUDA Version: 12.8
2026-01-28 14:48:32,568 - root - INFO - Metadata saved to results/gpt_10M_bpe_16k/metadata.json
2026-01-28 14:48:32,569 - root - INFO - Config saved to results/gpt_10M_bpe_16k/config.yaml
2026-01-28 14:48:32,569 - root - INFO - Starting data processing stage...
2026-01-28 14:48:32,622 - root - INFO - Found existing processed data. Loading splits...
2026-01-28 14:48:32,622 - root - INFO - (Use --force-reprocess to reprocess from scratch)
2026-01-28 14:48:33,209 - root - INFO - 
✅ Data processing completed successfully!
2026-01-28 14:48:33,704 - root - INFO - ✓ Memory cleanup after data processing completed
2026-01-28 14:48:33,705 - root - INFO - Starting model training stage...
2026-01-28 14:48:33,706 - root - INFO - 
🔤 Creating tokenizer...
2026-01-28 14:48:35,429 - root - INFO -    Tokenizer saved to: results/gpt_10M_bpe_16k/tokenizer
2026-01-28 14:48:35,429 - root - INFO -    Vocabulary size: 16,384
2026-01-28 14:48:35,429 - root - INFO - 
🏗️  Creating model...
2026-01-28 14:48:36,822 - root - INFO -    Total parameters: 98,032,128
2026-01-28 14:48:36,822 - root - INFO -    Trainable parameters: 98,032,128
2026-01-28 14:48:36,822 - root - INFO - 
👨‍🏫 Initializing trainer...
2026-01-28 14:48:36,822 - root - INFO -    Added experiment_tracking config to trainer
2026-01-28 14:48:36,823 - src.training.trainer - INFO - Model type: gpt (CLM)
2026-01-28 14:48:36,823 - src.training.data_loader - INFO - Creating CLM data collator for gpt (no masking)
2026-01-28 14:48:36,823 - src.training.trainer - INFO - Using CLM data collator (no masking, labels=input_ids)
2026-01-28 14:48:36,823 - src.utils.seed_manager - INFO - Setting all seeds to 42
2026-01-28 14:48:36,823 - src.utils.seed_manager - DEBUG - ✓ Python random seed set
2026-01-28 14:48:36,823 - src.utils.seed_manager - DEBUG - ✓ NumPy seed set
2026-01-28 14:48:36,826 - src.utils.seed_manager - DEBUG - ✓ PyTorch CPU seed set
2026-01-28 14:48:36,826 - src.utils.seed_manager - DEBUG - ✓ PyTorch CUDA seeds set
2026-01-28 14:48:36,826 - src.utils.seed_manager - INFO - Enabling deterministic mode for PyTorch
2026-01-28 14:48:36,826 - src.utils.seed_manager - DEBUG - ✓ PyTorch deterministic algorithms enabled
2026-01-28 14:48:36,827 - src.utils.seed_manager - DEBUG - ✓ CuDNN deterministic mode enabled
2026-01-28 14:48:36,827 - src.utils.seed_manager - WARNING - CuDNN benchmark disabled - may reduce training speed
2026-01-28 14:48:36,890 - src.training.trainer - INFO - Model moved to device: cuda with bf16 precision
2026-01-28 14:48:36,891 - src.training.trainer - INFO - Created ADAMW optimizer with lr=0.0003
2026-01-28 14:48:36,891 - src.training.trainer - INFO - Trainer initialized successfully
2026-01-28 14:48:36,891 - root - INFO - 
📊 Creating data loaders...
2026-01-28 14:48:36,941 - root - INFO -    Train batches: 3,540
2026-01-28 14:48:36,941 - root - INFO -    Val batches:   5,634
2026-01-28 14:48:36,941 - root - INFO - 
🚀 Starting training...
2026-01-28 14:48:36,942 - root - INFO -    Epochs: 10
2026-01-28 14:48:36,942 - root - INFO -    Batch size: 32
2026-01-28 14:48:36,942 - root - INFO -    Learning rate: 0.0005
2026-01-28 14:48:36,942 - src.training.trainer - INFO - Creating cosine_with_warmup scheduler with 1000 warmup steps
2026-01-28 14:48:36,942 - src.training.trainer - INFO - Initializing W&B...
2026-01-28 14:48:36,942 - src.training.trainer - INFO - W&B project: hindi-babylm
2026-01-28 14:48:36,942 - src.training.trainer - INFO - W&B entity: not set
2026-01-28 14:48:36,942 - src.training.trainer - INFO - W&B mode: online
2026-01-28 14:48:36,945 - asyncio - DEBUG - Using selector: EpollSelector
2026-01-28 14:48:36,948 - git.util - DEBUG - sys.platform='linux', git_executable='git'
2026-01-28 14:48:36,953 - git.cmd - DEBUG - Popen(['git', 'rev-parse', '--show-toplevel'], cwd=/dss/dsshome1/00/ge95xod2/Hindi-BabyLM-Data-Efficient-Language-Modeling-for-Hindi, stdin=None, shell=False, universal_newlines=False)
2026-01-28 14:48:38,821 - git.util - DEBUG - sys.platform='linux', git_executable='git'
2026-01-28 14:48:38,826 - git.cmd - DEBUG - Popen(['git', 'cat-file', '--batch-check'], cwd=/dss/dsshome1/00/ge95xod2/Hindi-BabyLM-Data-Efficient-Language-Modeling-for-Hindi, stdin=<valid stream>, shell=False, universal_newlines=False)
2026-01-28 14:48:41,674 - src.training.trainer - INFO - ✓ W&B initialized successfully
2026-01-28 14:48:41,675 - src.training.trainer - INFO - ✓ View your run at: https://wandb.ai/ayushtalreja1-technische-universit-t-m-nchen/hindi-babylm/runs/h4myi50t
2026-01-28 14:48:41,676 - src.training.trainer - INFO - Starting training for 10 epochs
2026-01-28 14:48:41,676 - src.training.trainer - INFO -   Total steps: 35400
2026-01-28 14:48:41,676 - src.training.trainer - INFO -   Steps per epoch: 3540
2026-01-28 14:48:41,677 - src.training.trainer - INFO -   Batch size: 32
2026-01-28 14:48:41,677 - src.training.trainer - INFO -   Gradient accumulation steps: 1
2026-01-28 14:48:41,677 - src.training.trainer - INFO -   Effective batch size: 32
2026-01-28 14:48:41,678 - src.training.trainer - INFO - 
============================================================
2026-01-28 14:48:41,678 - src.training.trainer - INFO - Epoch 1/10
2026-01-28 14:48:41,678 - src.training.trainer - INFO - ============================================================
2026-01-28 14:54:28,981 - src.training.trainer - INFO - Train Loss: 6.1086
2026-01-28 14:54:28,982 - src.training.trainer - INFO - Val Loss: 5.2555
2026-01-28 14:54:28,982 - src.training.trainer - INFO - Perplexity: 191.61
2026-01-28 14:54:28,982 - src.training.trainer - INFO - Learning Rate: 2.96e-04
2026-01-28 14:54:28,983 - src.training.trainer - INFO - Avg Gradient Norm: 1.9292
2026-01-28 14:54:28,983 - src.training.trainer - INFO - ✓ Validation loss improved from inf to 5.2555
2026-01-28 14:54:29,758 - src.training.trainer - INFO - Checkpoint saved: results/gpt_10M_bpe_16k/models/best.pt
2026-01-28 14:54:29,759 - src.training.trainer - INFO - 
============================================================
2026-01-28 14:54:29,760 - src.training.trainer - INFO - Epoch 2/10
2026-01-28 14:54:29,760 - src.training.trainer - INFO - ============================================================
2026-01-28 15:00:13,919 - src.training.trainer - INFO - Train Loss: 5.2136
2026-01-28 15:00:13,920 - src.training.trainer - INFO - Val Loss: 5.0006
2026-01-28 15:00:13,920 - src.training.trainer - INFO - Perplexity: 148.50
2026-01-28 15:00:13,920 - src.training.trainer - INFO - Learning Rate: 2.77e-04
2026-01-28 15:00:13,921 - src.training.trainer - INFO - Avg Gradient Norm: 1.6342
2026-01-28 15:00:13,921 - src.training.trainer - INFO - ✓ Validation loss improved from 5.2555 to 5.0006
2026-01-28 15:00:14,663 - src.training.trainer - INFO - Checkpoint saved: results/gpt_10M_bpe_16k/models/best.pt
2026-01-28 15:00:14,665 - src.training.trainer - INFO - 
============================================================
2026-01-28 15:00:14,665 - src.training.trainer - INFO - Epoch 3/10
2026-01-28 15:00:14,666 - src.training.trainer - INFO - ============================================================
2026-01-28 15:05:58,296 - src.training.trainer - INFO - Train Loss: 4.9159
2026-01-28 15:05:58,297 - src.training.trainer - INFO - Val Loss: 4.8880
2026-01-28 15:05:58,297 - src.training.trainer - INFO - Perplexity: 132.69
2026-01-28 15:05:58,298 - src.training.trainer - INFO - Learning Rate: 2.46e-04
2026-01-28 15:05:58,298 - src.training.trainer - INFO - Avg Gradient Norm: 1.6762
2026-01-28 15:05:58,299 - src.training.trainer - INFO - ✓ Validation loss improved from 5.0006 to 4.8880
2026-01-28 15:05:59,095 - src.training.trainer - INFO - Checkpoint saved: results/gpt_10M_bpe_16k/models/best.pt
2026-01-28 15:05:59,096 - src.training.trainer - INFO - 
============================================================
2026-01-28 15:05:59,097 - src.training.trainer - INFO - Epoch 4/10
2026-01-28 15:05:59,097 - src.training.trainer - INFO - ============================================================
2026-01-28 15:11:42,993 - src.training.trainer - INFO - Train Loss: 4.7391
2026-01-28 15:11:42,994 - src.training.trainer - INFO - Val Loss: 4.8124
2026-01-28 15:11:42,994 - src.training.trainer - INFO - Perplexity: 123.02
2026-01-28 15:11:42,994 - src.training.trainer - INFO - Learning Rate: 2.04e-04
2026-01-28 15:11:42,995 - src.training.trainer - INFO - Avg Gradient Norm: 1.7207
2026-01-28 15:11:42,995 - src.training.trainer - INFO - ✓ Validation loss improved from 4.8880 to 4.8124
2026-01-28 15:11:43,721 - src.training.trainer - INFO - Checkpoint saved: results/gpt_10M_bpe_16k/models/best.pt
2026-01-28 15:11:43,722 - src.training.trainer - INFO - 
============================================================
2026-01-28 15:11:43,723 - src.training.trainer - INFO - Epoch 5/10
2026-01-28 15:11:43,723 - src.training.trainer - INFO - ============================================================
2026-01-28 15:17:26,964 - src.training.trainer - INFO - Train Loss: 4.6099
2026-01-28 15:17:26,964 - src.training.trainer - INFO - Val Loss: 4.7636
2026-01-28 15:17:26,965 - src.training.trainer - INFO - Perplexity: 117.16
2026-01-28 15:17:26,965 - src.training.trainer - INFO - Learning Rate: 1.57e-04
2026-01-28 15:17:26,965 - src.training.trainer - INFO - Avg Gradient Norm: 1.7848
2026-01-28 15:17:26,966 - src.training.trainer - INFO - ✓ Validation loss improved from 4.8124 to 4.7636
2026-01-28 15:17:27,658 - src.training.trainer - INFO - Checkpoint saved: results/gpt_10M_bpe_16k/models/best.pt
2026-01-28 15:17:27,659 - src.training.trainer - INFO - 
============================================================
2026-01-28 15:17:27,660 - src.training.trainer - INFO - Epoch 6/10
2026-01-28 15:17:27,661 - src.training.trainer - INFO - ============================================================
2026-01-28 15:23:12,405 - src.training.trainer - INFO - Train Loss: 4.5081
2026-01-28 15:23:12,406 - src.training.trainer - INFO - Val Loss: 4.7387
2026-01-28 15:23:12,406 - src.training.trainer - INFO - Perplexity: 114.28
2026-01-28 15:23:12,406 - src.training.trainer - INFO - Learning Rate: 1.09e-04
2026-01-28 15:23:12,407 - src.training.trainer - INFO - Avg Gradient Norm: 1.8608
2026-01-28 15:23:12,407 - src.training.trainer - INFO - ✓ Validation loss improved from 4.7636 to 4.7387
2026-01-28 15:23:13,111 - src.training.trainer - INFO - Checkpoint saved: results/gpt_10M_bpe_16k/models/best.pt
2026-01-28 15:23:13,113 - src.training.trainer - INFO - 
============================================================
2026-01-28 15:23:13,113 - src.training.trainer - INFO - Epoch 7/10
2026-01-28 15:23:13,114 - src.training.trainer - INFO - ============================================================
2026-01-28 15:28:57,221 - src.training.trainer - INFO - Train Loss: 4.4386
2026-01-28 15:28:57,222 - src.training.trainer - INFO - Val Loss: 4.7311
2026-01-28 15:28:57,222 - src.training.trainer - INFO - Perplexity: 113.41
2026-01-28 15:28:57,223 - src.training.trainer - INFO - Learning Rate: 6.52e-05
2026-01-28 15:28:57,223 - src.training.trainer - INFO - Avg Gradient Norm: 1.9371
2026-01-28 15:28:57,224 - src.training.trainer - INFO - ✓ Validation loss improved from 4.7387 to 4.7311
2026-01-28 15:28:57,931 - src.training.trainer - INFO - Checkpoint saved: results/gpt_10M_bpe_16k/models/best.pt
2026-01-28 15:28:57,932 - src.training.trainer - INFO - 
============================================================
2026-01-28 15:28:57,933 - src.training.trainer - INFO - Epoch 8/10
2026-01-28 15:28:57,933 - src.training.trainer - INFO - ============================================================
2026-01-28 15:34:42,458 - src.training.trainer - INFO - Train Loss: 4.4034
2026-01-28 15:34:42,459 - src.training.trainer - INFO - Val Loss: 4.7285
2026-01-28 15:34:42,459 - src.training.trainer - INFO - Perplexity: 113.12
2026-01-28 15:34:42,460 - src.training.trainer - INFO - Learning Rate: 3.03e-05
2026-01-28 15:34:42,460 - src.training.trainer - INFO - Avg Gradient Norm: 1.9812
2026-01-28 15:34:42,461 - src.training.trainer - INFO - ✓ Validation loss improved from 4.7311 to 4.7285
2026-01-28 15:34:43,172 - src.training.trainer - INFO - Checkpoint saved: results/gpt_10M_bpe_16k/models/best.pt
2026-01-28 15:34:43,174 - src.training.trainer - INFO - 
============================================================
2026-01-28 15:34:43,174 - src.training.trainer - INFO - Epoch 9/10
2026-01-28 15:34:43,175 - src.training.trainer - INFO - ============================================================
2026-01-28 15:40:26,623 - src.training.trainer - INFO - Train Loss: 4.3912
2026-01-28 15:40:26,624 - src.training.trainer - INFO - Val Loss: 4.7288
2026-01-28 15:40:26,624 - src.training.trainer - INFO - Perplexity: 113.16
2026-01-28 15:40:26,625 - src.training.trainer - INFO - Learning Rate: 7.77e-06
2026-01-28 15:40:26,625 - src.training.trainer - INFO - Avg Gradient Norm: 1.9960
2026-01-28 15:40:26,626 - src.training.trainer - INFO - No improvement for 1 epoch(s)
2026-01-28 15:40:26,626 - src.training.trainer - INFO - 
============================================================
2026-01-28 15:40:26,626 - src.training.trainer - INFO - Epoch 10/10
2026-01-28 15:40:26,628 - src.training.trainer - INFO - ============================================================
2026-01-28 15:46:10,835 - src.training.trainer - INFO - Train Loss: 4.3884
2026-01-28 15:46:10,836 - src.training.trainer - INFO - Val Loss: 4.7289
2026-01-28 15:46:10,836 - src.training.trainer - INFO - Perplexity: 113.17
2026-01-28 15:46:10,837 - src.training.trainer - INFO - Learning Rate: 0.00e+00
2026-01-28 15:46:10,837 - src.training.trainer - INFO - Avg Gradient Norm: 1.9941
2026-01-28 15:46:10,838 - src.training.trainer - INFO - No improvement for 2 epoch(s)
2026-01-28 15:46:10,838 - src.training.trainer - INFO - 
============================================================
2026-01-28 15:46:10,839 - src.training.trainer - INFO - Training completed!
2026-01-28 15:46:10,839 - src.training.trainer - INFO - Best validation loss: 4.7285
2026-01-28 15:46:10,840 - src.training.trainer - INFO - ============================================================
2026-01-28 15:46:11,803 - root - INFO - 
💾 Saving training summary...
2026-01-28 15:46:11,805 - root - INFO -    Summary saved to: results/gpt_10M_bpe_16k/training_summary.json
2026-01-28 15:46:11,805 - root - INFO - 
✅ Model training completed successfully!
2026-01-28 15:46:12,088 - root - INFO - ✓ Memory cleanup after training completed
2026-01-28 15:46:12,088 - root - INFO - Starting evaluation stage...
2026-01-28 15:46:12,088 - root - INFO - 
📋 Initializing evaluation manager...
2026-01-28 15:46:12,088 - root - INFO -    Added evaluation config to evaluator
2026-01-28 15:46:12,088 - src.evaluation.indicglue_evaluator - INFO - IndicGLUE evaluator initialized on device: cuda:0
2026-01-28 15:46:12,089 - src.evaluation.indicglue_evaluator - INFO - Max sequence length: 512 tokens (IndicBERT paper uses 128)
2026-01-28 15:46:12,089 - src.evaluation.indicglue_evaluator - INFO - Tokenizer pad_token: <pad> (id: 0)
2026-01-28 15:46:12,089 - src.evaluation.indicglue_evaluator - INFO - Model type detected: Language Model
2026-01-28 15:46:12,089 - src.evaluation.indicglue_evaluator - INFO - Initialized TaskRegistry with 8 tasks
2026-01-28 15:46:12,089 - src.evaluation.metrics_utils - DEBUG - MetricsAggregator initialized: bootstrap_samples=1000, confidence_level=0.95
2026-01-28 15:46:12,089 - src.evaluation.indicglue_evaluator - INFO - Label validation mode: STRICT (invalid labels will raise errors)
2026-01-28 15:46:12,092 - src.evaluation.evaluation_cache - INFO - Evaluation cache initialized at: .eval_cache
2026-01-28 15:46:12,092 - src.evaluation.evaluation_cache - INFO - Cache expiration: 30 days
2026-01-28 15:46:12,092 - src.evaluation.indicglue_evaluator - INFO - Evaluation mode initialized: zero-shot (will switch to fine-tuned after training)
2026-01-28 15:46:12,092 - src.evaluation.indicglue_evaluator - INFO - Initialized TaskDataExtractor
2026-01-28 15:46:12,092 - src.evaluation.indicglue_evaluator - INFO - Initialized DataLoaderFactory
2026-01-28 15:46:12,092 - src.evaluation.indicglue_evaluator - INFO - Initialized evaluation strategies (Classification, MC, Perplexity)
2026-01-28 15:46:12,092 - src.evaluation.indicglue_evaluator - INFO - Using internal _get_model_for_task for fine-tuning
2026-01-28 15:46:12,092 - src.evaluation.indicglue.fine_tuning_manager - INFO - FineTuningManager initialized: freeze_base=False, use_auto_models=False, lr=0.0001, epochs=10, batch_size=16, grad_accum=4, warmup_ratio=0.15, scheduler_type=cosine, weight_decay=0.05, dropout=0.15, max_grad_norm=0.5, label_smoothing=0.05, patience=3, min_delta=0.001
2026-01-28 15:46:12,092 - src.evaluation.indicglue_evaluator - INFO - Initialized FineTuningManager (refactored with config, dataloader_factory, model_provider)
2026-01-28 15:46:12,093 - src.evaluation.indicglue_evaluator - INFO - Initialized ResultVisualizer
2026-01-28 15:46:12,093 - src.evaluation.multiblimp_evaluator - INFO - Final model type for MultiBLiMP: HindiGPTModel
2026-01-28 15:46:12,093 - src.evaluation.multiblimp_evaluator - INFO - Model module: src.models.gpt_model
2026-01-28 15:46:12,093 - src.evaluation.multiblimp_evaluator - INFO - Model has 60 public attributes
2026-01-28 15:46:12,093 - src.evaluation.multiblimp_evaluator - DEBUG - Model attributes: ['MODEL_SIZES', 'T_destination', 'add_module', 'apply', 'bfloat16', 'buffers', 'call_super_init', 'children', 'compile', 'config', 'cpu', 'cuda', 'double', 'dump_patches', 'eval', 'extra_repr', 'float', 'forward', 'generate', 'get_buffer', 'get_extra_state', 'get_parameter', 'get_submodule', 'half', 'ipu', 'load_state_dict', 'model', 'modules', 'mtia', 'named_buffers', 'named_children', 'named_modules', 'named_parameters', 'num_parameters', 'parameters', 'register_backward_hook', 'register_buffer', 'register_forward_hook', 'register_forward_pre_hook', 'register_full_backward_hook', 'register_full_backward_pre_hook', 'register_load_state_dict_post_hook', 'register_load_state_dict_pre_hook', 'register_module', 'register_parameter', 'register_state_dict_post_hook', 'register_state_dict_pre_hook', 'requires_grad_', 'set_extra_state', 'set_submodule', 'share_memory', 'smart_apply', 'state_dict', 'to', 'to_empty', 'train', 'training', 'type', 'xpu', 'zero_grad']
2026-01-28 15:46:12,093 - src.evaluation.multiblimp_evaluator - INFO - MultiBLiMP evaluator initialized on device: cuda:0
2026-01-28 15:46:12,093 - src.evaluation.multiblimp_evaluator - INFO - Model type: CLM (autoregressive)
2026-01-28 15:46:12,093 - src.evaluation.multiblimp_evaluator - INFO - Attempting to load MultiBLiMP dataset from HuggingFace (jumelet/multiblimp)...
2026-01-28 15:46:14,049 - filelock - DEBUG - Attempting to acquire lock 140601366297904 on /dss/dsshome1/00/ge95xod2/.cache/huggingface/datasets/_dss_dsshome1_00_ge95xod2_.cache_huggingface_datasets_jumelet___multiblimp_hin_0.0.0_de923efa8d2483d6b13364ee68e65308e990a991.lock
2026-01-28 15:46:14,053 - filelock - DEBUG - Lock 140601366297904 acquired on /dss/dsshome1/00/ge95xod2/.cache/huggingface/datasets/_dss_dsshome1_00_ge95xod2_.cache_huggingface_datasets_jumelet___multiblimp_hin_0.0.0_de923efa8d2483d6b13364ee68e65308e990a991.lock
2026-01-28 15:46:14,057 - fsspec.local - DEBUG - open file: /dss/dsshome1/00/ge95xod2/.cache/huggingface/datasets/jumelet___multiblimp/hin/0.0.0/de923efa8d2483d6b13364ee68e65308e990a991/dataset_info.json
2026-01-28 15:46:14,059 - filelock - DEBUG - Attempting to release lock 140601366297904 on /dss/dsshome1/00/ge95xod2/.cache/huggingface/datasets/_dss_dsshome1_00_ge95xod2_.cache_huggingface_datasets_jumelet___multiblimp_hin_0.0.0_de923efa8d2483d6b13364ee68e65308e990a991.lock
2026-01-28 15:46:14,059 - filelock - DEBUG - Lock 140601366297904 released on /dss/dsshome1/00/ge95xod2/.cache/huggingface/datasets/_dss_dsshome1_00_ge95xod2_.cache_huggingface_datasets_jumelet___multiblimp_hin_0.0.0_de923efa8d2483d6b13364ee68e65308e990a991.lock
2026-01-28 15:46:14,182 - filelock - DEBUG - Attempting to acquire lock 140601363912160 on /dss/dsshome1/00/ge95xod2/.cache/huggingface/datasets/jumelet___multiblimp/hin/0.0.0/de923efa8d2483d6b13364ee68e65308e990a991_builder.lock
2026-01-28 15:46:14,185 - filelock - DEBUG - Lock 140601363912160 acquired on /dss/dsshome1/00/ge95xod2/.cache/huggingface/datasets/jumelet___multiblimp/hin/0.0.0/de923efa8d2483d6b13364ee68e65308e990a991_builder.lock
2026-01-28 15:46:14,186 - fsspec.local - DEBUG - open file: /dss/dsshome1/00/ge95xod2/.cache/huggingface/datasets/jumelet___multiblimp/hin/0.0.0/de923efa8d2483d6b13364ee68e65308e990a991/dataset_info.json
2026-01-28 15:46:14,187 - filelock - DEBUG - Attempting to release lock 140601363912160 on /dss/dsshome1/00/ge95xod2/.cache/huggingface/datasets/jumelet___multiblimp/hin/0.0.0/de923efa8d2483d6b13364ee68e65308e990a991_builder.lock
2026-01-28 15:46:14,188 - filelock - DEBUG - Lock 140601363912160 released on /dss/dsshome1/00/ge95xod2/.cache/huggingface/datasets/jumelet___multiblimp/hin/0.0.0/de923efa8d2483d6b13364ee68e65308e990a991_builder.lock
2026-01-28 15:46:14,212 - src.evaluation.multiblimp_evaluator - INFO - Successfully loaded external dataset with 1447 examples
2026-01-28 15:46:14,493 - src.evaluation.multiblimp_evaluator - INFO - Converted to 1447 minimal pairs across 5 phenomena
2026-01-28 15:46:14,493 - src.evaluation.multiblimp_evaluator - DEBUG -   SP-#: 100 pairs
2026-01-28 15:46:14,493 - src.evaluation.multiblimp_evaluator - DEBUG -   SP-G: 109 pairs
2026-01-28 15:46:14,493 - src.evaluation.multiblimp_evaluator - DEBUG -   SV-#: 407 pairs
2026-01-28 15:46:14,494 - src.evaluation.multiblimp_evaluator - DEBUG -   SV-G: 419 pairs
2026-01-28 15:46:14,494 - src.evaluation.multiblimp_evaluator - DEBUG -   SV-P: 412 pairs
2026-01-28 15:46:14,494 - src.evaluation.multiblimp_evaluator - INFO - MultiBLiMP test coverage: 1447 minimal pairs across 5 phenomena
2026-01-28 15:46:14,494 - src.evaluation.multiblimp_evaluator - INFO - Per-phenomenon test coverage:
2026-01-28 15:46:14,494 - src.evaluation.multiblimp_evaluator - INFO -   SP-#: 100 pairs
2026-01-28 15:46:14,494 - src.evaluation.multiblimp_evaluator - INFO -   SP-G: 109 pairs
2026-01-28 15:46:14,494 - src.evaluation.multiblimp_evaluator - INFO -   SV-#: 407 pairs
2026-01-28 15:46:14,494 - src.evaluation.multiblimp_evaluator - INFO -   SV-G: 419 pairs
2026-01-28 15:46:14,495 - src.evaluation.multiblimp_evaluator - INFO -   SV-P: 412 pairs
2026-01-28 15:46:14,495 - src.evaluation.multiblimp_evaluator - INFO - Validating model output structure...
2026-01-28 15:46:14,522 - src.evaluation.multiblimp_evaluator - INFO - ✓ Model validation passed!
2026-01-28 15:46:14,522 - src.evaluation.multiblimp_evaluator - INFO -   Output shape: torch.Size([1, 5, 16384])
2026-01-28 15:46:14,522 - src.evaluation.multiblimp_evaluator - INFO -   Vocabulary size: 16384
2026-01-28 15:46:14,522 - root - INFO - 
🔍 Running comprehensive evaluation...
2026-01-28 15:46:14,522 - root - INFO -    This may take several minutes...
2026-01-28 15:46:14,522 - root - INFO -    Enabled benchmarks: indicglue, multiblimp
2026-01-28 15:46:14,522 - src.evaluation.indicglue_evaluator - INFO - Starting IndicGLUE evaluation on all tasks...
2026-01-28 15:46:14,522 - src.evaluation.indicglue_evaluator - INFO - 
Evaluating BBCArticlesClassification...
2026-01-28 15:46:14,522 - src.evaluation.indicglue_evaluator - INFO - Fine-tuning mode enabled for BBCArticlesClassification
2026-01-28 15:46:14,522 - src.evaluation.indicglue_evaluator - INFO - Using original HuggingFace splits for BBCArticlesClassification
2026-01-28 15:46:14,522 - src.evaluation.indicglue_evaluator - INFO - Attempting to load BBCArticlesClassification from ai4bharat/indic_glue with config 'bbca.hi' (split=train)
2026-01-28 15:46:16,225 - filelock - DEBUG - Attempting to acquire lock 140601999402560 on /dss/dsshome1/00/ge95xod2/.cache/huggingface/datasets/_dss_dsshome1_00_ge95xod2_.cache_huggingface_datasets_ai4bharat___indic_glue_bbca.hi_0.0.0_6dcbebd49d6b12965d433bffcd07e9a786211703.lock
2026-01-28 15:46:16,229 - filelock - DEBUG - Lock 140601999402560 acquired on /dss/dsshome1/00/ge95xod2/.cache/huggingface/datasets/_dss_dsshome1_00_ge95xod2_.cache_huggingface_datasets_ai4bharat___indic_glue_bbca.hi_0.0.0_6dcbebd49d6b12965d433bffcd07e9a786211703.lock
2026-01-28 15:46:16,233 - fsspec.local - DEBUG - open file: /dss/dsshome1/00/ge95xod2/.cache/huggingface/datasets/ai4bharat___indic_glue/bbca.hi/0.0.0/6dcbebd49d6b12965d433bffcd07e9a786211703/dataset_info.json
2026-01-28 15:46:16,233 - filelock - DEBUG - Attempting to release lock 140601999402560 on /dss/dsshome1/00/ge95xod2/.cache/huggingface/datasets/_dss_dsshome1_00_ge95xod2_.cache_huggingface_datasets_ai4bharat___indic_glue_bbca.hi_0.0.0_6dcbebd49d6b12965d433bffcd07e9a786211703.lock
2026-01-28 15:46:16,234 - filelock - DEBUG - Lock 140601999402560 released on /dss/dsshome1/00/ge95xod2/.cache/huggingface/datasets/_dss_dsshome1_00_ge95xod2_.cache_huggingface_datasets_ai4bharat___indic_glue_bbca.hi_0.0.0_6dcbebd49d6b12965d433bffcd07e9a786211703.lock
2026-01-28 15:46:16,237 - filelock - DEBUG - Attempting to acquire lock 140601363798288 on /dss/dsshome1/00/ge95xod2/.cache/huggingface/datasets/ai4bharat___indic_glue/bbca.hi/0.0.0/6dcbebd49d6b12965d433bffcd07e9a786211703_builder.lock
2026-01-28 15:46:16,240 - filelock - DEBUG - Lock 140601363798288 acquired on /dss/dsshome1/00/ge95xod2/.cache/huggingface/datasets/ai4bharat___indic_glue/bbca.hi/0.0.0/6dcbebd49d6b12965d433bffcd07e9a786211703_builder.lock
2026-01-28 15:46:16,240 - fsspec.local - DEBUG - open file: /dss/dsshome1/00/ge95xod2/.cache/huggingface/datasets/ai4bharat___indic_glue/bbca.hi/0.0.0/6dcbebd49d6b12965d433bffcd07e9a786211703/dataset_info.json
2026-01-28 15:46:16,241 - filelock - DEBUG - Attempting to release lock 140601363798288 on /dss/dsshome1/00/ge95xod2/.cache/huggingface/datasets/ai4bharat___indic_glue/bbca.hi/0.0.0/6dcbebd49d6b12965d433bffcd07e9a786211703_builder.lock
2026-01-28 15:46:16,241 - filelock - DEBUG - Lock 140601363798288 released on /dss/dsshome1/00/ge95xod2/.cache/huggingface/datasets/ai4bharat___indic_glue/bbca.hi/0.0.0/6dcbebd49d6b12965d433bffcd07e9a786211703_builder.lock
2026-01-28 15:46:16,266 - src.evaluation.indicglue_evaluator - INFO - Successfully loaded BBCArticlesClassification train split with 3467 examples
2026-01-28 15:46:16,266 - src.evaluation.indicglue_evaluator - INFO -   Loaded train: 3467 examples
2026-01-28 15:46:16,266 - src.evaluation.indicglue_evaluator - INFO - Attempting to load BBCArticlesClassification from ai4bharat/indic_glue with config 'bbca.hi' (split=validation)
2026-01-28 15:46:17,249 - filelock - DEBUG - Attempting to acquire lock 140601998971568 on /dss/dsshome1/00/ge95xod2/.cache/huggingface/datasets/_dss_dsshome1_00_ge95xod2_.cache_huggingface_datasets_ai4bharat___indic_glue_bbca.hi_0.0.0_6dcbebd49d6b12965d433bffcd07e9a786211703.lock
2026-01-28 15:46:17,250 - filelock - DEBUG - Lock 140601998971568 acquired on /dss/dsshome1/00/ge95xod2/.cache/huggingface/datasets/_dss_dsshome1_00_ge95xod2_.cache_huggingface_datasets_ai4bharat___indic_glue_bbca.hi_0.0.0_6dcbebd49d6b12965d433bffcd07e9a786211703.lock
2026-01-28 15:46:17,250 - fsspec.local - DEBUG - open file: /dss/dsshome1/00/ge95xod2/.cache/huggingface/datasets/ai4bharat___indic_glue/bbca.hi/0.0.0/6dcbebd49d6b12965d433bffcd07e9a786211703/dataset_info.json
2026-01-28 15:46:17,251 - filelock - DEBUG - Attempting to release lock 140601998971568 on /dss/dsshome1/00/ge95xod2/.cache/huggingface/datasets/_dss_dsshome1_00_ge95xod2_.cache_huggingface_datasets_ai4bharat___indic_glue_bbca.hi_0.0.0_6dcbebd49d6b12965d433bffcd07e9a786211703.lock
2026-01-28 15:46:17,251 - filelock - DEBUG - Lock 140601998971568 released on /dss/dsshome1/00/ge95xod2/.cache/huggingface/datasets/_dss_dsshome1_00_ge95xod2_.cache_huggingface_datasets_ai4bharat___indic_glue_bbca.hi_0.0.0_6dcbebd49d6b12965d433bffcd07e9a786211703.lock
2026-01-28 15:46:17,253 - filelock - DEBUG - Attempting to acquire lock 140601996563456 on /dss/dsshome1/00/ge95xod2/.cache/huggingface/datasets/ai4bharat___indic_glue/bbca.hi/0.0.0/6dcbebd49d6b12965d433bffcd07e9a786211703_builder.lock
2026-01-28 15:46:17,253 - filelock - DEBUG - Lock 140601996563456 acquired on /dss/dsshome1/00/ge95xod2/.cache/huggingface/datasets/ai4bharat___indic_glue/bbca.hi/0.0.0/6dcbebd49d6b12965d433bffcd07e9a786211703_builder.lock
2026-01-28 15:46:17,253 - fsspec.local - DEBUG - open file: /dss/dsshome1/00/ge95xod2/.cache/huggingface/datasets/ai4bharat___indic_glue/bbca.hi/0.0.0/6dcbebd49d6b12965d433bffcd07e9a786211703/dataset_info.json
2026-01-28 15:46:17,254 - filelock - DEBUG - Attempting to release lock 140601996563456 on /dss/dsshome1/00/ge95xod2/.cache/huggingface/datasets/ai4bharat___indic_glue/bbca.hi/0.0.0/6dcbebd49d6b12965d433bffcd07e9a786211703_builder.lock
2026-01-28 15:46:17,254 - filelock - DEBUG - Lock 140601996563456 released on /dss/dsshome1/00/ge95xod2/.cache/huggingface/datasets/ai4bharat___indic_glue/bbca.hi/0.0.0/6dcbebd49d6b12965d433bffcd07e9a786211703_builder.lock
2026-01-28 15:46:17,254 - src.evaluation.indicglue_evaluator - DEBUG - Failed to load BBCArticlesClassification validation split from HuggingFace: Unknown split "validation". Should be one of ['train', 'test'].
2026-01-28 15:46:17,254 - src.evaluation.indicglue_evaluator - INFO - Attempting to load BBCArticlesClassification from ai4bharat/indic_glue with config 'bbca.hi' (split=test)
2026-01-28 15:46:18,233 - filelock - DEBUG - Attempting to acquire lock 140601995663152 on /dss/dsshome1/00/ge95xod2/.cache/huggingface/datasets/_dss_dsshome1_00_ge95xod2_.cache_huggingface_datasets_ai4bharat___indic_glue_bbca.hi_0.0.0_6dcbebd49d6b12965d433bffcd07e9a786211703.lock
2026-01-28 15:46:18,233 - filelock - DEBUG - Lock 140601995663152 acquired on /dss/dsshome1/00/ge95xod2/.cache/huggingface/datasets/_dss_dsshome1_00_ge95xod2_.cache_huggingface_datasets_ai4bharat___indic_glue_bbca.hi_0.0.0_6dcbebd49d6b12965d433bffcd07e9a786211703.lock
2026-01-28 15:46:18,234 - fsspec.local - DEBUG - open file: /dss/dsshome1/00/ge95xod2/.cache/huggingface/datasets/ai4bharat___indic_glue/bbca.hi/0.0.0/6dcbebd49d6b12965d433bffcd07e9a786211703/dataset_info.json
2026-01-28 15:46:18,235 - filelock - DEBUG - Attempting to release lock 140601995663152 on /dss/dsshome1/00/ge95xod2/.cache/huggingface/datasets/_dss_dsshome1_00_ge95xod2_.cache_huggingface_datasets_ai4bharat___indic_glue_bbca.hi_0.0.0_6dcbebd49d6b12965d433bffcd07e9a786211703.lock
2026-01-28 15:46:18,235 - filelock - DEBUG - Lock 140601995663152 released on /dss/dsshome1/00/ge95xod2/.cache/huggingface/datasets/_dss_dsshome1_00_ge95xod2_.cache_huggingface_datasets_ai4bharat___indic_glue_bbca.hi_0.0.0_6dcbebd49d6b12965d433bffcd07e9a786211703.lock
2026-01-28 15:46:18,237 - filelock - DEBUG - Attempting to acquire lock 140601999388832 on /dss/dsshome1/00/ge95xod2/.cache/huggingface/datasets/ai4bharat___indic_glue/bbca.hi/0.0.0/6dcbebd49d6b12965d433bffcd07e9a786211703_builder.lock
2026-01-28 15:46:18,237 - filelock - DEBUG - Lock 140601999388832 acquired on /dss/dsshome1/00/ge95xod2/.cache/huggingface/datasets/ai4bharat___indic_glue/bbca.hi/0.0.0/6dcbebd49d6b12965d433bffcd07e9a786211703_builder.lock
2026-01-28 15:46:18,237 - fsspec.local - DEBUG - open file: /dss/dsshome1/00/ge95xod2/.cache/huggingface/datasets/ai4bharat___indic_glue/bbca.hi/0.0.0/6dcbebd49d6b12965d433bffcd07e9a786211703/dataset_info.json
2026-01-28 15:46:18,238 - filelock - DEBUG - Attempting to release lock 140601999388832 on /dss/dsshome1/00/ge95xod2/.cache/huggingface/datasets/ai4bharat___indic_glue/bbca.hi/0.0.0/6dcbebd49d6b12965d433bffcd07e9a786211703_builder.lock
2026-01-28 15:46:18,238 - filelock - DEBUG - Lock 140601999388832 released on /dss/dsshome1/00/ge95xod2/.cache/huggingface/datasets/ai4bharat___indic_glue/bbca.hi/0.0.0/6dcbebd49d6b12965d433bffcd07e9a786211703_builder.lock
2026-01-28 15:46:18,251 - src.evaluation.indicglue_evaluator - INFO - Successfully loaded BBCArticlesClassification test split with 866 examples
2026-01-28 15:46:18,251 - src.evaluation.indicglue_evaluator - INFO -   Loaded test: 866 examples
2026-01-28 15:46:18,251 - src.evaluation.indicglue_evaluator - INFO - Fine-tuning BBCArticlesClassification without validation set
2026-01-28 15:46:18,252 - src.evaluation.indicglue_evaluator - INFO - Fine-tuning on BBCArticlesClassification...
2026-01-28 15:46:18,252 - src.evaluation.indicglue.fine_tuning_manager - INFO - Starting fine-tuning for BBCArticlesClassification
2026-01-28 15:46:18,252 - src.evaluation.indicglue.fine_tuning_manager - INFO - Train samples: 3467, No validation set
2026-01-28 15:46:18,252 - src.evaluation.indicglue_evaluator - INFO - Wrapping model for task 'BBCArticlesClassification' with 14 classes
2026-01-28 15:46:18,256 - src.evaluation.indicglue.fine_tuning_manager - INFO - Starting training loop for BBCArticlesClassification
2026-01-28 15:46:18,258 - src.evaluation.indicglue.fine_tuning_manager - INFO - Model parameters: 98,042,894 total, 98,042,894 trainable (100.0%)
2026-01-28 15:46:18,258 - src.evaluation.indicglue.fine_tuning_manager - INFO - ✓ End-to-end training mode (all parameters trainable)
2026-01-28 15:46:18,259 - src.evaluation.indicglue.fine_tuning_manager - INFO - Optimizer: AdamW with 76 params with decay, 74 without decay
2026-01-28 15:46:18,260 - src.evaluation.indicglue.fine_tuning_manager - INFO - Scheduler created: Cosine schedule with 325 warmup steps (total 2170 steps)
2026-01-28 15:46:18,260 - src.evaluation.indicglue.fine_tuning_manager - INFO - Training config: total_steps=2170, warmup_steps=325 (15.0%)
2026-01-28 15:46:34,614 - src.evaluation.indicglue.fine_tuning_manager - INFO - Epoch 1/10: train_loss=2.8025
2026-01-28 15:46:50,594 - src.evaluation.indicglue.fine_tuning_manager - INFO - Epoch 2/10: train_loss=2.8000
2026-01-28 15:47:06,580 - src.evaluation.indicglue.fine_tuning_manager - INFO - Epoch 3/10: train_loss=2.7913
2026-01-28 15:47:22,580 - src.evaluation.indicglue.fine_tuning_manager - INFO - Epoch 4/10: train_loss=2.7856
2026-01-28 15:47:38,561 - src.evaluation.indicglue.fine_tuning_manager - INFO - Epoch 5/10: train_loss=2.7725
2026-01-28 15:47:54,543 - src.evaluation.indicglue.fine_tuning_manager - INFO - Epoch 6/10: train_loss=2.7538
2026-01-28 15:48:10,853 - src.evaluation.indicglue.fine_tuning_manager - INFO - Epoch 7/10: train_loss=2.7272
2026-01-28 15:48:25,735 - src.evaluation.indicglue.fine_tuning_manager - INFO - Epoch 8/10: train_loss=2.6946
2026-01-28 15:48:40,618 - src.evaluation.indicglue.fine_tuning_manager - INFO - Epoch 9/10: train_loss=2.6490
2026-01-28 15:48:55,504 - src.evaluation.indicglue.fine_tuning_manager - INFO - Epoch 10/10: train_loss=2.5720
2026-01-28 15:48:55,504 - src.evaluation.indicglue.fine_tuning_manager - INFO - Using final model from epoch 10
2026-01-28 15:48:56,026 - src.evaluation.indicglue.fine_tuning_manager - DEBUG - CUDA memory cleanup completed successfully
2026-01-28 15:48:56,027 - src.evaluation.indicglue.fine_tuning_manager - DEBUG - Cleaned up optimizer, scheduler, and GPU memory after fine-tuning
2026-01-28 15:48:56,027 - src.evaluation.indicglue_evaluator - INFO - Evaluation mode switched to: fine-tuned (will use classification heads for all tasks)
2026-01-28 15:48:56,027 - src.evaluation.indicglue_evaluator - INFO - Evaluating fine-tuned model on test set...
2026-01-28 15:48:56,027 - src.evaluation.indicglue_evaluator - INFO - Evaluating on 866 examples
2026-01-28 15:48:56,027 - src.evaluation.indicglue_evaluator - INFO - [ROUTING] BBCArticlesClassification: Classification/NLI task → Using classification head
2026-01-28 15:48:56,027 - src.evaluation.evaluation_cache - DEBUG - Cache key includes model_type: gpt
2026-01-28 15:48:56,027 - src.evaluation.evaluation_cache - DEBUG - Cache key includes vocab_size: 16384
2026-01-28 15:48:56,027 - src.evaluation.evaluation_cache - DEBUG - Cache key includes tokenizer_type: bpe
2026-01-28 15:48:56,027 - src.evaluation.evaluation_cache - DEBUG - Generated cache key: e3826275a52495e9c890a8c2c9ce09b341278a491499ecb1f9063054d7134565
2026-01-28 15:48:56,031 - src.evaluation.evaluation_cache - DEBUG - Cache miss: e3826275a52495e9c890a8c2c9ce09b341278a491499ecb1f9063054d7134565
2026-01-28 15:48:56,031 - src.evaluation.indicglue_evaluator - INFO - Evaluating BBCArticlesClassification on 866 examples
2026-01-28 15:48:58,135 - src.evaluation.indicglue_evaluator - DEBUG - DataLoader cleanup completed
2026-01-28 15:49:57,198 - src.evaluation.evaluation_cache - INFO - Predictions cached: e3826275a52495e9c890a8c2c9ce09b341278a491499ecb1f9063054d7134565
2026-01-28 15:49:57,198 - src.evaluation.evaluation_cache - DEBUG -   Samples: 2
2026-01-28 15:49:57,199 - src.evaluation.indicglue_evaluator - DEBUG - Cleared wrapped model cache for BBCArticlesClassification
2026-01-28 15:49:57,714 - src.evaluation.indicglue_evaluator - DEBUG - CUDA memory cleanup completed successfully
2026-01-28 15:49:57,717 - src.evaluation.indicglue_evaluator - INFO - BBCArticlesClassification Results:
2026-01-28 15:49:57,717 - src.evaluation.indicglue_evaluator - INFO -   num_examples: 866.0000
2026-01-28 15:49:57,717 - src.evaluation.indicglue_evaluator - INFO -   accuracy: 0.1490
2026-01-28 15:49:57,717 - src.evaluation.indicglue_evaluator - INFO -   f1_macro: 0.0447
2026-01-28 15:49:57,717 - src.evaluation.indicglue_evaluator - INFO -   f1_weighted: 0.1605
2026-01-28 15:49:57,717 - src.evaluation.indicglue_evaluator - INFO -   precision_macro: 0.0762
2026-01-28 15:49:57,717 - src.evaluation.indicglue_evaluator - INFO -   recall_macro: 0.0480
2026-01-28 15:49:57,717 - src.evaluation.indicglue_evaluator - INFO -   fine_tuned: 1.0000
2026-01-28 15:49:57,717 - src.evaluation.indicglue_evaluator - INFO -   fine_tuning_time_seconds: 157.7753
2026-01-28 15:49:58,103 - src.evaluation.indicglue_evaluator - DEBUG - CUDA memory cleanup completed successfully
2026-01-28 15:49:58,103 - src.evaluation.indicglue_evaluator - INFO - 
Evaluating Wikipedia Section Title Prediction...
2026-01-28 15:49:58,103 - src.evaluation.indicglue_evaluator - INFO - Fine-tuning mode enabled for Wikipedia Section Title Prediction
2026-01-28 15:49:58,103 - src.evaluation.indicglue_evaluator - INFO - Using original HuggingFace splits for Wikipedia Section Title Prediction
2026-01-28 15:49:58,103 - src.evaluation.indicglue_evaluator - INFO - Attempting to load Wikipedia Section Title Prediction from ai4bharat/indic_glue with config 'wstp.hi' (split=train)
2026-01-28 15:49:59,544 - filelock - DEBUG - Attempting to acquire lock 140601363858816 on /dss/dsshome1/00/ge95xod2/.cache/huggingface/datasets/_dss_dsshome1_00_ge95xod2_.cache_huggingface_datasets_ai4bharat___indic_glue_wstp.hi_0.0.0_6dcbebd49d6b12965d433bffcd07e9a786211703.lock
2026-01-28 15:49:59,547 - filelock - DEBUG - Lock 140601363858816 acquired on /dss/dsshome1/00/ge95xod2/.cache/huggingface/datasets/_dss_dsshome1_00_ge95xod2_.cache_huggingface_datasets_ai4bharat___indic_glue_wstp.hi_0.0.0_6dcbebd49d6b12965d433bffcd07e9a786211703.lock
2026-01-28 15:49:59,551 - fsspec.local - DEBUG - open file: /dss/dsshome1/00/ge95xod2/.cache/huggingface/datasets/ai4bharat___indic_glue/wstp.hi/0.0.0/6dcbebd49d6b12965d433bffcd07e9a786211703/dataset_info.json
2026-01-28 15:49:59,552 - filelock - DEBUG - Attempting to release lock 140601363858816 on /dss/dsshome1/00/ge95xod2/.cache/huggingface/datasets/_dss_dsshome1_00_ge95xod2_.cache_huggingface_datasets_ai4bharat___indic_glue_wstp.hi_0.0.0_6dcbebd49d6b12965d433bffcd07e9a786211703.lock
2026-01-28 15:49:59,552 - filelock - DEBUG - Lock 140601363858816 released on /dss/dsshome1/00/ge95xod2/.cache/huggingface/datasets/_dss_dsshome1_00_ge95xod2_.cache_huggingface_datasets_ai4bharat___indic_glue_wstp.hi_0.0.0_6dcbebd49d6b12965d433bffcd07e9a786211703.lock
2026-01-28 15:49:59,554 - filelock - DEBUG - Attempting to acquire lock 140601998971856 on /dss/dsshome1/00/ge95xod2/.cache/huggingface/datasets/ai4bharat___indic_glue/wstp.hi/0.0.0/6dcbebd49d6b12965d433bffcd07e9a786211703_builder.lock
2026-01-28 15:49:59,557 - filelock - DEBUG - Lock 140601998971856 acquired on /dss/dsshome1/00/ge95xod2/.cache/huggingface/datasets/ai4bharat___indic_glue/wstp.hi/0.0.0/6dcbebd49d6b12965d433bffcd07e9a786211703_builder.lock
2026-01-28 15:49:59,557 - fsspec.local - DEBUG - open file: /dss/dsshome1/00/ge95xod2/.cache/huggingface/datasets/ai4bharat___indic_glue/wstp.hi/0.0.0/6dcbebd49d6b12965d433bffcd07e9a786211703/dataset_info.json
2026-01-28 15:49:59,558 - filelock - DEBUG - Attempting to release lock 140601998971856 on /dss/dsshome1/00/ge95xod2/.cache/huggingface/datasets/ai4bharat___indic_glue/wstp.hi/0.0.0/6dcbebd49d6b12965d433bffcd07e9a786211703_builder.lock
2026-01-28 15:49:59,558 - filelock - DEBUG - Lock 140601998971856 released on /dss/dsshome1/00/ge95xod2/.cache/huggingface/datasets/ai4bharat___indic_glue/wstp.hi/0.0.0/6dcbebd49d6b12965d433bffcd07e9a786211703_builder.lock
2026-01-28 15:49:59,683 - src.evaluation.indicglue_evaluator - INFO - Successfully loaded Wikipedia Section Title Prediction train split with 44069 examples
2026-01-28 15:49:59,684 - src.evaluation.indicglue_evaluator - INFO -   Loaded train: 44069 examples
2026-01-28 15:49:59,684 - src.evaluation.indicglue_evaluator - INFO - Attempting to load Wikipedia Section Title Prediction from ai4bharat/indic_glue with config 'wstp.hi' (split=validation)
2026-01-28 15:50:00,676 - filelock - DEBUG - Attempting to acquire lock 140601998972288 on /dss/dsshome1/00/ge95xod2/.cache/huggingface/datasets/_dss_dsshome1_00_ge95xod2_.cache_huggingface_datasets_ai4bharat___indic_glue_wstp.hi_0.0.0_6dcbebd49d6b12965d433bffcd07e9a786211703.lock
2026-01-28 15:50:00,677 - filelock - DEBUG - Lock 140601998972288 acquired on /dss/dsshome1/00/ge95xod2/.cache/huggingface/datasets/_dss_dsshome1_00_ge95xod2_.cache_huggingface_datasets_ai4bharat___indic_glue_wstp.hi_0.0.0_6dcbebd49d6b12965d433bffcd07e9a786211703.lock
2026-01-28 15:50:00,677 - fsspec.local - DEBUG - open file: /dss/dsshome1/00/ge95xod2/.cache/huggingface/datasets/ai4bharat___indic_glue/wstp.hi/0.0.0/6dcbebd49d6b12965d433bffcd07e9a786211703/dataset_info.json
2026-01-28 15:50:00,678 - filelock - DEBUG - Attempting to release lock 140601998972288 on /dss/dsshome1/00/ge95xod2/.cache/huggingface/datasets/_dss_dsshome1_00_ge95xod2_.cache_huggingface_datasets_ai4bharat___indic_glue_wstp.hi_0.0.0_6dcbebd49d6b12965d433bffcd07e9a786211703.lock
2026-01-28 15:50:00,678 - filelock - DEBUG - Lock 140601998972288 released on /dss/dsshome1/00/ge95xod2/.cache/huggingface/datasets/_dss_dsshome1_00_ge95xod2_.cache_huggingface_datasets_ai4bharat___indic_glue_wstp.hi_0.0.0_6dcbebd49d6b12965d433bffcd07e9a786211703.lock
2026-01-28 15:50:00,680 - filelock - DEBUG - Attempting to acquire lock 140601363993168 on /dss/dsshome1/00/ge95xod2/.cache/huggingface/datasets/ai4bharat___indic_glue/wstp.hi/0.0.0/6dcbebd49d6b12965d433bffcd07e9a786211703_builder.lock
2026-01-28 15:50:00,680 - filelock - DEBUG - Lock 140601363993168 acquired on /dss/dsshome1/00/ge95xod2/.cache/huggingface/datasets/ai4bharat___indic_glue/wstp.hi/0.0.0/6dcbebd49d6b12965d433bffcd07e9a786211703_builder.lock
2026-01-28 15:50:00,681 - fsspec.local - DEBUG - open file: /dss/dsshome1/00/ge95xod2/.cache/huggingface/datasets/ai4bharat___indic_glue/wstp.hi/0.0.0/6dcbebd49d6b12965d433bffcd07e9a786211703/dataset_info.json
2026-01-28 15:50:00,681 - filelock - DEBUG - Attempting to release lock 140601363993168 on /dss/dsshome1/00/ge95xod2/.cache/huggingface/datasets/ai4bharat___indic_glue/wstp.hi/0.0.0/6dcbebd49d6b12965d433bffcd07e9a786211703_builder.lock
2026-01-28 15:50:00,681 - filelock - DEBUG - Lock 140601363993168 released on /dss/dsshome1/00/ge95xod2/.cache/huggingface/datasets/ai4bharat___indic_glue/wstp.hi/0.0.0/6dcbebd49d6b12965d433bffcd07e9a786211703_builder.lock
2026-01-28 15:50:00,710 - src.evaluation.indicglue_evaluator - INFO - Successfully loaded Wikipedia Section Title Prediction validation split with 5509 examples
2026-01-28 15:50:00,710 - src.evaluation.indicglue_evaluator - INFO -   Loaded validation: 5509 examples
2026-01-28 15:50:00,710 - src.evaluation.indicglue_evaluator - INFO - Attempting to load Wikipedia Section Title Prediction from ai4bharat/indic_glue with config 'wstp.hi' (split=test)
2026-01-28 15:50:01,685 - filelock - DEBUG - Attempting to acquire lock 140611143074528 on /dss/dsshome1/00/ge95xod2/.cache/huggingface/datasets/_dss_dsshome1_00_ge95xod2_.cache_huggingface_datasets_ai4bharat___indic_glue_wstp.hi_0.0.0_6dcbebd49d6b12965d433bffcd07e9a786211703.lock
2026-01-28 15:50:01,685 - filelock - DEBUG - Lock 140611143074528 acquired on /dss/dsshome1/00/ge95xod2/.cache/huggingface/datasets/_dss_dsshome1_00_ge95xod2_.cache_huggingface_datasets_ai4bharat___indic_glue_wstp.hi_0.0.0_6dcbebd49d6b12965d433bffcd07e9a786211703.lock
2026-01-28 15:50:01,686 - fsspec.local - DEBUG - open file: /dss/dsshome1/00/ge95xod2/.cache/huggingface/datasets/ai4bharat___indic_glue/wstp.hi/0.0.0/6dcbebd49d6b12965d433bffcd07e9a786211703/dataset_info.json
2026-01-28 15:50:01,687 - filelock - DEBUG - Attempting to release lock 140611143074528 on /dss/dsshome1/00/ge95xod2/.cache/huggingface/datasets/_dss_dsshome1_00_ge95xod2_.cache_huggingface_datasets_ai4bharat___indic_glue_wstp.hi_0.0.0_6dcbebd49d6b12965d433bffcd07e9a786211703.lock
2026-01-28 15:50:01,687 - filelock - DEBUG - Lock 140611143074528 released on /dss/dsshome1/00/ge95xod2/.cache/huggingface/datasets/_dss_dsshome1_00_ge95xod2_.cache_huggingface_datasets_ai4bharat___indic_glue_wstp.hi_0.0.0_6dcbebd49d6b12965d433bffcd07e9a786211703.lock
2026-01-28 15:50:01,689 - filelock - DEBUG - Attempting to acquire lock 140601363648912 on /dss/dsshome1/00/ge95xod2/.cache/huggingface/datasets/ai4bharat___indic_glue/wstp.hi/0.0.0/6dcbebd49d6b12965d433bffcd07e9a786211703_builder.lock
2026-01-28 15:50:01,689 - filelock - DEBUG - Lock 140601363648912 acquired on /dss/dsshome1/00/ge95xod2/.cache/huggingface/datasets/ai4bharat___indic_glue/wstp.hi/0.0.0/6dcbebd49d6b12965d433bffcd07e9a786211703_builder.lock
2026-01-28 15:50:01,690 - fsspec.local - DEBUG - open file: /dss/dsshome1/00/ge95xod2/.cache/huggingface/datasets/ai4bharat___indic_glue/wstp.hi/0.0.0/6dcbebd49d6b12965d433bffcd07e9a786211703/dataset_info.json
2026-01-28 15:50:01,690 - filelock - DEBUG - Attempting to release lock 140601363648912 on /dss/dsshome1/00/ge95xod2/.cache/huggingface/datasets/ai4bharat___indic_glue/wstp.hi/0.0.0/6dcbebd49d6b12965d433bffcd07e9a786211703_builder.lock
2026-01-28 15:50:01,690 - filelock - DEBUG - Lock 140601363648912 released on /dss/dsshome1/00/ge95xod2/.cache/huggingface/datasets/ai4bharat___indic_glue/wstp.hi/0.0.0/6dcbebd49d6b12965d433bffcd07e9a786211703_builder.lock
2026-01-28 15:50:01,721 - src.evaluation.indicglue_evaluator - INFO - Successfully loaded Wikipedia Section Title Prediction test split with 5509 examples
2026-01-28 15:50:01,721 - src.evaluation.indicglue_evaluator - INFO -   Loaded test: 5509 examples
2026-01-28 15:50:01,721 - src.evaluation.indicglue_evaluator - INFO - Fine-tuning on Wikipedia Section Title Prediction...
2026-01-28 15:50:01,721 - src.evaluation.indicglue.fine_tuning_manager - INFO - Starting fine-tuning for Wikipedia Section Title Prediction
2026-01-28 15:50:01,721 - src.evaluation.indicglue.fine_tuning_manager - INFO - Train samples: 44069, Val samples: 5509
2026-01-28 15:50:01,722 - src.evaluation.indicglue_evaluator - INFO - Creating custom MultipleChoiceWrapper for 'Wikipedia Section Title Prediction' with 4 choices
2026-01-28 15:50:01,722 - src.evaluation.indicglue_evaluator - INFO - Auto-detected GPT-like model (HindiGPTModel), using 'last' token pooling
2026-01-28 15:50:01,725 - src.evaluation.indicglue_evaluator - INFO - MultipleChoiceWrapper initialized: num_choices=4, hidden_size=768, pooling=last, dropout=0.15, weight_std=0.0520, bias=0.10
2026-01-28 15:50:01,729 - src.evaluation.indicglue.fine_tuning_manager - INFO - Starting training loop for Wikipedia Section Title Prediction
2026-01-28 15:50:01,730 - src.evaluation.indicglue.fine_tuning_manager - INFO - Model parameters: 98,032,897 total, 98,032,897 trainable (100.0%)
2026-01-28 15:50:01,730 - src.evaluation.indicglue.fine_tuning_manager - INFO - ✓ End-to-end training mode (all parameters trainable)
2026-01-28 15:50:01,732 - src.evaluation.indicglue.fine_tuning_manager - INFO - Optimizer: AdamW with 76 params with decay, 74 without decay
2026-01-28 15:50:01,732 - src.evaluation.indicglue.fine_tuning_manager - INFO - Scheduler created: Cosine schedule with 4132 warmup steps (total 27550 steps)
2026-01-28 15:50:01,732 - src.evaluation.indicglue.fine_tuning_manager - INFO - Training config: total_steps=27550, warmup_steps=4132 (15.0%)
2026-01-28 15:57:10,396 - src.evaluation.indicglue.fine_tuning_manager - INFO - Epoch 1/10: train_loss=1.7064, val_acc=0.2394, val_loss=1.5422
2026-01-28 15:57:10,462 - src.evaluation.indicglue.fine_tuning_manager - INFO -   → New best validation accuracy: 0.2394 (improvement: 0.2394)
2026-01-28 16:04:19,007 - src.evaluation.indicglue.fine_tuning_manager - INFO - Epoch 2/10: train_loss=1.7065, val_acc=0.2405, val_loss=1.5422
2026-01-28 16:04:19,386 - src.evaluation.indicglue.fine_tuning_manager - INFO -   → New best validation accuracy: 0.2405 (improvement: 0.0011)
2026-01-28 16:11:27,352 - src.evaluation.indicglue.fine_tuning_manager - INFO - Epoch 3/10: train_loss=1.7080, val_acc=0.2398, val_loss=1.5424
2026-01-28 16:11:27,353 - src.evaluation.indicglue.fine_tuning_manager - INFO -   → No improvement (patience: 1/3)
2026-01-28 16:18:36,155 - src.evaluation.indicglue.fine_tuning_manager - INFO - Epoch 4/10: train_loss=1.7071, val_acc=0.2394, val_loss=1.5419
2026-01-28 16:18:36,155 - src.evaluation.indicglue.fine_tuning_manager - INFO -   → No improvement (patience: 2/3)
2026-01-28 16:25:45,190 - src.evaluation.indicglue.fine_tuning_manager - INFO - Epoch 5/10: train_loss=1.7055, val_acc=0.2396, val_loss=1.5423
2026-01-28 16:25:45,191 - src.evaluation.indicglue.fine_tuning_manager - INFO -   → No improvement (patience: 3/3)
2026-01-28 16:25:45,191 - src.evaluation.indicglue.fine_tuning_manager - INFO - Early stopping triggered at epoch 5
2026-01-28 16:25:45,280 - src.evaluation.indicglue.fine_tuning_manager - INFO - Restored best model from epoch 2 with val_acc=0.2405
2026-01-28 16:25:45,844 - src.evaluation.indicglue.fine_tuning_manager - DEBUG - CUDA memory cleanup completed successfully
2026-01-28 16:25:45,844 - src.evaluation.indicglue.fine_tuning_manager - DEBUG - Cleaned up optimizer, scheduler, and GPU memory after fine-tuning
2026-01-28 16:25:45,844 - src.evaluation.indicglue_evaluator - INFO - Evaluation mode switched to: fine-tuned (will use classification heads for all tasks)
2026-01-28 16:25:45,844 - src.evaluation.indicglue_evaluator - INFO - Evaluating fine-tuned model on test set...
2026-01-28 16:25:45,845 - src.evaluation.indicglue_evaluator - INFO - Evaluating on 5509 examples
2026-01-28 16:25:45,845 - src.evaluation.indicglue_evaluator - INFO - [ROUTING] Wikipedia Section Title Prediction: Fine-tuned MC task → Using classification head (matches official IndicBERT)
2026-01-28 16:25:45,845 - src.evaluation.evaluation_cache - DEBUG - Cache key includes model_type: gpt
2026-01-28 16:25:45,845 - src.evaluation.evaluation_cache - DEBUG - Cache key includes vocab_size: 16384
2026-01-28 16:25:45,845 - src.evaluation.evaluation_cache - DEBUG - Cache key includes tokenizer_type: bpe
2026-01-28 16:25:45,845 - src.evaluation.evaluation_cache - DEBUG - Generated cache key: de9a16443156dc65dd659c032e9c7597ae651a88d063f0f5b5f5459eb4b98778
2026-01-28 16:25:45,848 - src.evaluation.evaluation_cache - DEBUG - Cache miss: de9a16443156dc65dd659c032e9c7597ae651a88d063f0f5b5f5459eb4b98778
2026-01-28 16:25:45,848 - src.evaluation.indicglue_evaluator - INFO - Evaluating Wikipedia Section Title Prediction with MultipleChoiceWrapper on 5509 examples
2026-01-28 16:26:11,231 - src.evaluation.indicglue_evaluator - DEBUG - DataLoader cleanup completed
2026-01-28 16:26:39,715 - src.evaluation.evaluation_cache - INFO - Predictions cached: de9a16443156dc65dd659c032e9c7597ae651a88d063f0f5b5f5459eb4b98778
2026-01-28 16:26:39,715 - src.evaluation.evaluation_cache - DEBUG -   Samples: 2
2026-01-28 16:26:39,716 - src.evaluation.indicglue_evaluator - DEBUG - Cleared wrapped model cache for Wikipedia Section Title Prediction
2026-01-28 16:26:40,237 - src.evaluation.indicglue_evaluator - DEBUG - CUDA memory cleanup completed successfully
2026-01-28 16:26:40,252 - src.evaluation.indicglue_evaluator - INFO - Wikipedia Section Title Prediction Results:
2026-01-28 16:26:40,252 - src.evaluation.indicglue_evaluator - INFO -   num_examples: 5509.0000
2026-01-28 16:26:40,252 - src.evaluation.indicglue_evaluator - INFO -   accuracy: 0.2469
2026-01-28 16:26:40,253 - src.evaluation.indicglue_evaluator - INFO -   f1_macro: 0.2417
2026-01-28 16:26:40,253 - src.evaluation.indicglue_evaluator - INFO -   f1_weighted: 0.2420
2026-01-28 16:26:40,253 - src.evaluation.indicglue_evaluator - INFO -   precision_macro: 0.2475
2026-01-28 16:26:40,253 - src.evaluation.indicglue_evaluator - INFO -   recall_macro: 0.2462
2026-01-28 16:26:40,253 - src.evaluation.indicglue_evaluator - INFO -   fine_tuned: 1.0000
2026-01-28 16:26:40,253 - src.evaluation.indicglue_evaluator - INFO -   fine_tuning_time_seconds: 2144.1232
2026-01-28 16:26:40,643 - src.evaluation.indicglue_evaluator - DEBUG - CUDA memory cleanup completed successfully
2026-01-28 16:26:40,644 - src.evaluation.indicglue_evaluator - INFO - 
Evaluating Cloze-style multiple-choice QA...
2026-01-28 16:26:40,644 - src.evaluation.indicglue_evaluator - INFO - Fine-tuning mode enabled for Cloze-style multiple-choice QA
2026-01-28 16:26:40,644 - src.evaluation.indicglue_evaluator - INFO - Creating custom splits for Cloze-style multiple-choice QA
2026-01-28 16:26:40,644 - src.evaluation.indicglue_evaluator - INFO -   Reason: Dataset only has test split (35,140 examples); custom splits required for fine-tuning
2026-01-28 16:26:40,644 - src.evaluation.indicglue_evaluator - INFO - Creating custom splits for Cloze-style multiple-choice QA...
2026-01-28 16:26:40,644 - src.evaluation.indicglue_evaluator - INFO - Using task-specific split ratios for Cloze-style multiple-choice QA
2026-01-28 16:26:40,644 - src.evaluation.indicglue_evaluator - INFO -   Train: 80.0%, Val: 10.0%, Test: 10.0%, Seed: 42
2026-01-28 16:26:40,644 - src.evaluation.indicglue_evaluator - INFO - Loading complete dataset for Cloze-style multiple-choice QA (all available splits)...
2026-01-28 16:26:40,644 - src.evaluation.indicglue_evaluator - INFO - Attempting to load Cloze-style multiple-choice QA from ai4bharat/indic_glue with config 'csqa.hi' (split=train)
2026-01-28 16:26:42,302 - filelock - DEBUG - Attempting to acquire lock 140601363860256 on /dss/dsshome1/00/ge95xod2/.cache/huggingface/datasets/_dss_dsshome1_00_ge95xod2_.cache_huggingface_datasets_ai4bharat___indic_glue_csqa.hi_0.0.0_6dcbebd49d6b12965d433bffcd07e9a786211703.lock
2026-01-28 16:26:42,324 - filelock - DEBUG - Lock 140601363860256 acquired on /dss/dsshome1/00/ge95xod2/.cache/huggingface/datasets/_dss_dsshome1_00_ge95xod2_.cache_huggingface_datasets_ai4bharat___indic_glue_csqa.hi_0.0.0_6dcbebd49d6b12965d433bffcd07e9a786211703.lock
2026-01-28 16:26:42,327 - fsspec.local - DEBUG - open file: /dss/dsshome1/00/ge95xod2/.cache/huggingface/datasets/ai4bharat___indic_glue/csqa.hi/0.0.0/6dcbebd49d6b12965d433bffcd07e9a786211703/dataset_info.json
2026-01-28 16:26:42,328 - filelock - DEBUG - Attempting to release lock 140601363860256 on /dss/dsshome1/00/ge95xod2/.cache/huggingface/datasets/_dss_dsshome1_00_ge95xod2_.cache_huggingface_datasets_ai4bharat___indic_glue_csqa.hi_0.0.0_6dcbebd49d6b12965d433bffcd07e9a786211703.lock
2026-01-28 16:26:42,328 - filelock - DEBUG - Lock 140601363860256 released on /dss/dsshome1/00/ge95xod2/.cache/huggingface/datasets/_dss_dsshome1_00_ge95xod2_.cache_huggingface_datasets_ai4bharat___indic_glue_csqa.hi_0.0.0_6dcbebd49d6b12965d433bffcd07e9a786211703.lock
2026-01-28 16:26:42,329 - filelock - DEBUG - Attempting to acquire lock 140601364010752 on /dss/dsshome1/00/ge95xod2/.cache/huggingface/datasets/ai4bharat___indic_glue/csqa.hi/0.0.0/6dcbebd49d6b12965d433bffcd07e9a786211703_builder.lock
2026-01-28 16:26:42,331 - filelock - DEBUG - Lock 140601364010752 acquired on /dss/dsshome1/00/ge95xod2/.cache/huggingface/datasets/ai4bharat___indic_glue/csqa.hi/0.0.0/6dcbebd49d6b12965d433bffcd07e9a786211703_builder.lock
2026-01-28 16:26:42,331 - fsspec.local - DEBUG - open file: /dss/dsshome1/00/ge95xod2/.cache/huggingface/datasets/ai4bharat___indic_glue/csqa.hi/0.0.0/6dcbebd49d6b12965d433bffcd07e9a786211703/dataset_info.json
2026-01-28 16:26:42,331 - filelock - DEBUG - Attempting to release lock 140601364010752 on /dss/dsshome1/00/ge95xod2/.cache/huggingface/datasets/ai4bharat___indic_glue/csqa.hi/0.0.0/6dcbebd49d6b12965d433bffcd07e9a786211703_builder.lock
2026-01-28 16:26:42,331 - filelock - DEBUG - Lock 140601364010752 released on /dss/dsshome1/00/ge95xod2/.cache/huggingface/datasets/ai4bharat___indic_glue/csqa.hi/0.0.0/6dcbebd49d6b12965d433bffcd07e9a786211703_builder.lock
2026-01-28 16:26:42,331 - src.evaluation.indicglue_evaluator - DEBUG - Failed to load Cloze-style multiple-choice QA train split from HuggingFace: Unknown split "train". Should be one of ['test'].
2026-01-28 16:26:42,332 - src.evaluation.indicglue_evaluator - INFO - Attempting to load Cloze-style multiple-choice QA from ai4bharat/indic_glue with config 'csqa.hi' (split=validation)
2026-01-28 16:26:43,293 - filelock - DEBUG - Attempting to acquire lock 140601996903952 on /dss/dsshome1/00/ge95xod2/.cache/huggingface/datasets/_dss_dsshome1_00_ge95xod2_.cache_huggingface_datasets_ai4bharat___indic_glue_csqa.hi_0.0.0_6dcbebd49d6b12965d433bffcd07e9a786211703.lock
2026-01-28 16:26:43,294 - filelock - DEBUG - Lock 140601996903952 acquired on /dss/dsshome1/00/ge95xod2/.cache/huggingface/datasets/_dss_dsshome1_00_ge95xod2_.cache_huggingface_datasets_ai4bharat___indic_glue_csqa.hi_0.0.0_6dcbebd49d6b12965d433bffcd07e9a786211703.lock
2026-01-28 16:26:43,294 - fsspec.local - DEBUG - open file: /dss/dsshome1/00/ge95xod2/.cache/huggingface/datasets/ai4bharat___indic_glue/csqa.hi/0.0.0/6dcbebd49d6b12965d433bffcd07e9a786211703/dataset_info.json
2026-01-28 16:26:43,295 - filelock - DEBUG - Attempting to release lock 140601996903952 on /dss/dsshome1/00/ge95xod2/.cache/huggingface/datasets/_dss_dsshome1_00_ge95xod2_.cache_huggingface_datasets_ai4bharat___indic_glue_csqa.hi_0.0.0_6dcbebd49d6b12965d433bffcd07e9a786211703.lock
2026-01-28 16:26:43,295 - filelock - DEBUG - Lock 140601996903952 released on /dss/dsshome1/00/ge95xod2/.cache/huggingface/datasets/_dss_dsshome1_00_ge95xod2_.cache_huggingface_datasets_ai4bharat___indic_glue_csqa.hi_0.0.0_6dcbebd49d6b12965d433bffcd07e9a786211703.lock
2026-01-28 16:26:43,297 - filelock - DEBUG - Attempting to acquire lock 140601366295072 on /dss/dsshome1/00/ge95xod2/.cache/huggingface/datasets/ai4bharat___indic_glue/csqa.hi/0.0.0/6dcbebd49d6b12965d433bffcd07e9a786211703_builder.lock
2026-01-28 16:26:43,297 - filelock - DEBUG - Lock 140601366295072 acquired on /dss/dsshome1/00/ge95xod2/.cache/huggingface/datasets/ai4bharat___indic_glue/csqa.hi/0.0.0/6dcbebd49d6b12965d433bffcd07e9a786211703_builder.lock
2026-01-28 16:26:43,298 - fsspec.local - DEBUG - open file: /dss/dsshome1/00/ge95xod2/.cache/huggingface/datasets/ai4bharat___indic_glue/csqa.hi/0.0.0/6dcbebd49d6b12965d433bffcd07e9a786211703/dataset_info.json
2026-01-28 16:26:43,298 - filelock - DEBUG - Attempting to release lock 140601366295072 on /dss/dsshome1/00/ge95xod2/.cache/huggingface/datasets/ai4bharat___indic_glue/csqa.hi/0.0.0/6dcbebd49d6b12965d433bffcd07e9a786211703_builder.lock
2026-01-28 16:26:43,299 - filelock - DEBUG - Lock 140601366295072 released on /dss/dsshome1/00/ge95xod2/.cache/huggingface/datasets/ai4bharat___indic_glue/csqa.hi/0.0.0/6dcbebd49d6b12965d433bffcd07e9a786211703_builder.lock
2026-01-28 16:26:43,299 - src.evaluation.indicglue_evaluator - DEBUG - Failed to load Cloze-style multiple-choice QA validation split from HuggingFace: Unknown split "validation". Should be one of ['test'].
2026-01-28 16:26:43,299 - src.evaluation.indicglue_evaluator - INFO - Attempting to load Cloze-style multiple-choice QA from ai4bharat/indic_glue with config 'csqa.hi' (split=test)
2026-01-28 16:26:44,260 - filelock - DEBUG - Attempting to acquire lock 140601366295216 on /dss/dsshome1/00/ge95xod2/.cache/huggingface/datasets/_dss_dsshome1_00_ge95xod2_.cache_huggingface_datasets_ai4bharat___indic_glue_csqa.hi_0.0.0_6dcbebd49d6b12965d433bffcd07e9a786211703.lock
2026-01-28 16:26:44,261 - filelock - DEBUG - Lock 140601366295216 acquired on /dss/dsshome1/00/ge95xod2/.cache/huggingface/datasets/_dss_dsshome1_00_ge95xod2_.cache_huggingface_datasets_ai4bharat___indic_glue_csqa.hi_0.0.0_6dcbebd49d6b12965d433bffcd07e9a786211703.lock
2026-01-28 16:26:44,262 - fsspec.local - DEBUG - open file: /dss/dsshome1/00/ge95xod2/.cache/huggingface/datasets/ai4bharat___indic_glue/csqa.hi/0.0.0/6dcbebd49d6b12965d433bffcd07e9a786211703/dataset_info.json
2026-01-28 16:26:44,262 - filelock - DEBUG - Attempting to release lock 140601366295216 on /dss/dsshome1/00/ge95xod2/.cache/huggingface/datasets/_dss_dsshome1_00_ge95xod2_.cache_huggingface_datasets_ai4bharat___indic_glue_csqa.hi_0.0.0_6dcbebd49d6b12965d433bffcd07e9a786211703.lock
2026-01-28 16:26:44,262 - filelock - DEBUG - Lock 140601366295216 released on /dss/dsshome1/00/ge95xod2/.cache/huggingface/datasets/_dss_dsshome1_00_ge95xod2_.cache_huggingface_datasets_ai4bharat___indic_glue_csqa.hi_0.0.0_6dcbebd49d6b12965d433bffcd07e9a786211703.lock
2026-01-28 16:26:44,263 - filelock - DEBUG - Attempting to acquire lock 140601365798816 on /dss/dsshome1/00/ge95xod2/.cache/huggingface/datasets/ai4bharat___indic_glue/csqa.hi/0.0.0/6dcbebd49d6b12965d433bffcd07e9a786211703_builder.lock
2026-01-28 16:26:44,264 - filelock - DEBUG - Lock 140601365798816 acquired on /dss/dsshome1/00/ge95xod2/.cache/huggingface/datasets/ai4bharat___indic_glue/csqa.hi/0.0.0/6dcbebd49d6b12965d433bffcd07e9a786211703_builder.lock
2026-01-28 16:26:44,264 - fsspec.local - DEBUG - open file: /dss/dsshome1/00/ge95xod2/.cache/huggingface/datasets/ai4bharat___indic_glue/csqa.hi/0.0.0/6dcbebd49d6b12965d433bffcd07e9a786211703/dataset_info.json
2026-01-28 16:26:44,264 - filelock - DEBUG - Attempting to release lock 140601365798816 on /dss/dsshome1/00/ge95xod2/.cache/huggingface/datasets/ai4bharat___indic_glue/csqa.hi/0.0.0/6dcbebd49d6b12965d433bffcd07e9a786211703_builder.lock
2026-01-28 16:26:44,264 - filelock - DEBUG - Lock 140601365798816 released on /dss/dsshome1/00/ge95xod2/.cache/huggingface/datasets/ai4bharat___indic_glue/csqa.hi/0.0.0/6dcbebd49d6b12965d433bffcd07e9a786211703_builder.lock
2026-01-28 16:26:44,527 - src.evaluation.indicglue_evaluator - INFO - Successfully loaded Cloze-style multiple-choice QA test split with 35140 examples
2026-01-28 16:26:44,527 - src.evaluation.indicglue_evaluator - INFO -   Loaded test: 35140 examples
2026-01-28 16:26:44,527 - src.evaluation.indicglue_evaluator - INFO -   Combined dataset: 35140 total examples from [test(35140)]
2026-01-28 16:26:44,603 - src.evaluation.indicglue_evaluator - INFO - Custom splits created for Cloze-style multiple-choice QA:
2026-01-28 16:26:44,603 - src.evaluation.indicglue_evaluator - INFO -   Train:      28112 examples (80.0%)
2026-01-28 16:26:44,603 - src.evaluation.indicglue_evaluator - INFO -   Validation:  3514 examples (10.0%)
2026-01-28 16:26:44,603 - src.evaluation.indicglue_evaluator - INFO -   Test:        3514 examples (10.0%)
2026-01-28 16:26:44,603 - src.evaluation.indicglue_evaluator - INFO -   Total:      35140 examples
2026-01-28 16:26:44,604 - src.evaluation.indicglue_evaluator - INFO - Fine-tuning on Cloze-style multiple-choice QA...
2026-01-28 16:26:44,604 - src.evaluation.indicglue.fine_tuning_manager - INFO - Starting fine-tuning for Cloze-style multiple-choice QA
2026-01-28 16:26:44,604 - src.evaluation.indicglue.fine_tuning_manager - INFO - Train samples: 28112, Val samples: 3514
2026-01-28 16:26:44,604 - src.evaluation.indicglue_evaluator - INFO - Creating custom MultipleChoiceWrapper for 'Cloze-style multiple-choice QA' with 4 choices
2026-01-28 16:26:44,604 - src.evaluation.indicglue_evaluator - INFO - Auto-detected GPT-like model (HindiGPTModel), using 'last' token pooling
2026-01-28 16:26:44,605 - src.evaluation.indicglue_evaluator - INFO - MultipleChoiceWrapper initialized: num_choices=4, hidden_size=768, pooling=last, dropout=0.15, weight_std=0.0515, bias=0.10
2026-01-28 16:26:44,607 - src.evaluation.indicglue.fine_tuning_manager - INFO - Starting training loop for Cloze-style multiple-choice QA
2026-01-28 16:26:44,608 - src.evaluation.indicglue.fine_tuning_manager - INFO - Model parameters: 98,032,897 total, 98,032,897 trainable (100.0%)
2026-01-28 16:26:44,608 - src.evaluation.indicglue.fine_tuning_manager - INFO - ✓ End-to-end training mode (all parameters trainable)
2026-01-28 16:26:44,609 - src.evaluation.indicglue.fine_tuning_manager - INFO - Optimizer: AdamW with 76 params with decay, 74 without decay
2026-01-28 16:26:44,609 - src.evaluation.indicglue.fine_tuning_manager - INFO - Scheduler created: Cosine schedule with 2635 warmup steps (total 17570 steps)
2026-01-28 16:26:44,609 - src.evaluation.indicglue.fine_tuning_manager - INFO - Training config: total_steps=17570, warmup_steps=2635 (15.0%)
2026-01-28 16:30:23,164 - src.evaluation.indicglue.fine_tuning_manager - INFO - Epoch 1/10: train_loss=1.7850, val_acc=0.2234, val_loss=1.6256
2026-01-28 16:30:23,231 - src.evaluation.indicglue.fine_tuning_manager - INFO -   → New best validation accuracy: 0.2234 (improvement: 0.2234)
2026-01-28 16:34:01,626 - src.evaluation.indicglue.fine_tuning_manager - INFO - Epoch 2/10: train_loss=1.7885, val_acc=0.2228, val_loss=1.6263
2026-01-28 16:34:01,626 - src.evaluation.indicglue.fine_tuning_manager - INFO -   → No improvement (patience: 1/3)
2026-01-28 16:37:39,705 - src.evaluation.indicglue.fine_tuning_manager - INFO - Epoch 3/10: train_loss=1.7861, val_acc=0.2242, val_loss=1.6261
2026-01-28 16:37:39,705 - src.evaluation.indicglue.fine_tuning_manager - INFO -   → No significant improvement (improvement: 0.0009 < min_delta: 0.0010, patience: 2/3)
2026-01-28 16:41:17,796 - src.evaluation.indicglue.fine_tuning_manager - INFO - Epoch 4/10: train_loss=1.7913, val_acc=0.2231, val_loss=1.6261
2026-01-28 16:41:17,797 - src.evaluation.indicglue.fine_tuning_manager - INFO -   → No improvement (patience: 3/3)
2026-01-28 16:41:17,797 - src.evaluation.indicglue.fine_tuning_manager - INFO - Early stopping triggered at epoch 4
2026-01-28 16:41:17,889 - src.evaluation.indicglue.fine_tuning_manager - INFO - Restored best model from epoch 1 with val_acc=0.2234
2026-01-28 16:41:18,464 - src.evaluation.indicglue.fine_tuning_manager - DEBUG - CUDA memory cleanup completed successfully
2026-01-28 16:41:18,465 - src.evaluation.indicglue.fine_tuning_manager - DEBUG - Cleaned up optimizer, scheduler, and GPU memory after fine-tuning
2026-01-28 16:41:18,465 - src.evaluation.indicglue_evaluator - INFO - Evaluation mode switched to: fine-tuned (will use classification heads for all tasks)
2026-01-28 16:41:18,465 - src.evaluation.indicglue_evaluator - INFO - Evaluating fine-tuned model on test set...
2026-01-28 16:41:18,465 - src.evaluation.indicglue_evaluator - INFO - Evaluating on 3514 examples
2026-01-28 16:41:18,465 - src.evaluation.indicglue_evaluator - INFO - [ROUTING] Cloze-style multiple-choice QA: Fine-tuned MC task → Using classification head (matches official IndicBERT)
2026-01-28 16:41:18,465 - src.evaluation.evaluation_cache - DEBUG - Cache key includes model_type: gpt
2026-01-28 16:41:18,465 - src.evaluation.evaluation_cache - DEBUG - Cache key includes vocab_size: 16384
2026-01-28 16:41:18,465 - src.evaluation.evaluation_cache - DEBUG - Cache key includes tokenizer_type: bpe
2026-01-28 16:41:18,466 - src.evaluation.evaluation_cache - DEBUG - Generated cache key: 05117b93a8fab80bea2e14fdf7211739502308b6950de06c869dc203dae7b480
2026-01-28 16:41:18,470 - src.evaluation.evaluation_cache - DEBUG - Cache miss: 05117b93a8fab80bea2e14fdf7211739502308b6950de06c869dc203dae7b480
2026-01-28 16:41:18,470 - src.evaluation.indicglue_evaluator - INFO - Evaluating Cloze-style multiple-choice QA with MultipleChoiceWrapper on 3514 examples
2026-01-28 16:41:28,738 - src.evaluation.indicglue_evaluator - DEBUG - DataLoader cleanup completed
2026-01-28 16:41:53,602 - src.evaluation.evaluation_cache - INFO - Predictions cached: 05117b93a8fab80bea2e14fdf7211739502308b6950de06c869dc203dae7b480
2026-01-28 16:41:53,602 - src.evaluation.evaluation_cache - DEBUG -   Samples: 2
2026-01-28 16:41:53,602 - src.evaluation.indicglue_evaluator - DEBUG - Cleared wrapped model cache for Cloze-style multiple-choice QA
2026-01-28 16:41:54,135 - src.evaluation.indicglue_evaluator - DEBUG - CUDA memory cleanup completed successfully
2026-01-28 16:41:54,140 - src.evaluation.indicglue_evaluator - INFO - Cloze-style multiple-choice QA Results:
2026-01-28 16:41:54,140 - src.evaluation.indicglue_evaluator - INFO -   num_examples: 3514.0000
2026-01-28 16:41:54,140 - src.evaluation.indicglue_evaluator - INFO -   accuracy: 0.2385
2026-01-28 16:41:54,140 - src.evaluation.indicglue_evaluator - INFO -   f1_macro: 0.2385
2026-01-28 16:41:54,140 - src.evaluation.indicglue_evaluator - INFO -   f1_weighted: 0.2386
2026-01-28 16:41:54,140 - src.evaluation.indicglue_evaluator - INFO -   precision_macro: 0.2390
2026-01-28 16:41:54,140 - src.evaluation.indicglue_evaluator - INFO -   recall_macro: 0.2387
2026-01-28 16:41:54,140 - src.evaluation.indicglue_evaluator - INFO -   fine_tuned: 1.0000
2026-01-28 16:41:54,140 - src.evaluation.indicglue_evaluator - INFO -   fine_tuning_time_seconds: 873.8614
2026-01-28 16:41:54,529 - src.evaluation.indicglue_evaluator - DEBUG - CUDA memory cleanup completed successfully
2026-01-28 16:41:54,530 - src.evaluation.indicglue_evaluator - INFO - 
Evaluating WinogradNLI...
2026-01-28 16:41:54,530 - src.evaluation.indicglue_evaluator - WARNING - Skipping WinogradNLI: WNLI contains only entailment class for train and validation sets while the test set contains None
2026-01-28 16:41:54,530 - src.evaluation.indicglue_evaluator - DEBUG - Cleared wrapped model cache for WinogradNLI
2026-01-28 16:41:54,918 - src.evaluation.indicglue_evaluator - DEBUG - CUDA memory cleanup completed successfully
2026-01-28 16:41:54,919 - src.evaluation.indicglue_evaluator - INFO - WinogradNLI Results:
2026-01-28 16:41:55,307 - src.evaluation.indicglue_evaluator - DEBUG - CUDA memory cleanup completed successfully
2026-01-28 16:41:55,308 - src.evaluation.indicglue_evaluator - INFO - 
Evaluating Choice of Plausible Alternatives...
2026-01-28 16:41:55,308 - src.evaluation.indicglue_evaluator - INFO - Fine-tuning mode enabled for Choice of Plausible Alternatives
2026-01-28 16:41:55,308 - src.evaluation.indicglue_evaluator - INFO - Using original HuggingFace splits for Choice of Plausible Alternatives
2026-01-28 16:41:55,308 - src.evaluation.indicglue_evaluator - INFO - Attempting to load Choice of Plausible Alternatives from ai4bharat/indic_glue with config 'copa.hi' (split=train)
2026-01-28 16:41:56,846 - filelock - DEBUG - Attempting to acquire lock 140601364960016 on /dss/dsshome1/00/ge95xod2/.cache/huggingface/datasets/_dss_dsshome1_00_ge95xod2_.cache_huggingface_datasets_ai4bharat___indic_glue_copa.hi_0.0.0_6dcbebd49d6b12965d433bffcd07e9a786211703.lock
2026-01-28 16:41:56,874 - filelock - DEBUG - Lock 140601364960016 acquired on /dss/dsshome1/00/ge95xod2/.cache/huggingface/datasets/_dss_dsshome1_00_ge95xod2_.cache_huggingface_datasets_ai4bharat___indic_glue_copa.hi_0.0.0_6dcbebd49d6b12965d433bffcd07e9a786211703.lock
2026-01-28 16:41:56,877 - fsspec.local - DEBUG - open file: /dss/dsshome1/00/ge95xod2/.cache/huggingface/datasets/ai4bharat___indic_glue/copa.hi/0.0.0/6dcbebd49d6b12965d433bffcd07e9a786211703/dataset_info.json
2026-01-28 16:41:56,878 - filelock - DEBUG - Attempting to release lock 140601364960016 on /dss/dsshome1/00/ge95xod2/.cache/huggingface/datasets/_dss_dsshome1_00_ge95xod2_.cache_huggingface_datasets_ai4bharat___indic_glue_copa.hi_0.0.0_6dcbebd49d6b12965d433bffcd07e9a786211703.lock
2026-01-28 16:41:56,878 - filelock - DEBUG - Lock 140601364960016 released on /dss/dsshome1/00/ge95xod2/.cache/huggingface/datasets/_dss_dsshome1_00_ge95xod2_.cache_huggingface_datasets_ai4bharat___indic_glue_copa.hi_0.0.0_6dcbebd49d6b12965d433bffcd07e9a786211703.lock
2026-01-28 16:41:56,880 - filelock - DEBUG - Attempting to acquire lock 140601996357344 on /dss/dsshome1/00/ge95xod2/.cache/huggingface/datasets/ai4bharat___indic_glue/copa.hi/0.0.0/6dcbebd49d6b12965d433bffcd07e9a786211703_builder.lock
2026-01-28 16:41:56,882 - filelock - DEBUG - Lock 140601996357344 acquired on /dss/dsshome1/00/ge95xod2/.cache/huggingface/datasets/ai4bharat___indic_glue/copa.hi/0.0.0/6dcbebd49d6b12965d433bffcd07e9a786211703_builder.lock
2026-01-28 16:41:56,882 - fsspec.local - DEBUG - open file: /dss/dsshome1/00/ge95xod2/.cache/huggingface/datasets/ai4bharat___indic_glue/copa.hi/0.0.0/6dcbebd49d6b12965d433bffcd07e9a786211703/dataset_info.json
2026-01-28 16:41:56,883 - filelock - DEBUG - Attempting to release lock 140601996357344 on /dss/dsshome1/00/ge95xod2/.cache/huggingface/datasets/ai4bharat___indic_glue/copa.hi/0.0.0/6dcbebd49d6b12965d433bffcd07e9a786211703_builder.lock
2026-01-28 16:41:56,883 - filelock - DEBUG - Lock 140601996357344 released on /dss/dsshome1/00/ge95xod2/.cache/huggingface/datasets/ai4bharat___indic_glue/copa.hi/0.0.0/6dcbebd49d6b12965d433bffcd07e9a786211703_builder.lock
2026-01-28 16:41:56,903 - src.evaluation.indicglue_evaluator - INFO - Successfully loaded Choice of Plausible Alternatives train split with 362 examples
2026-01-28 16:41:56,903 - src.evaluation.indicglue_evaluator - INFO -   Loaded train: 362 examples
2026-01-28 16:41:56,903 - src.evaluation.indicglue_evaluator - INFO - Choice of Plausible Alternatives: Remapping split 'validation' → 'test' (working around corrupted dataset)
2026-01-28 16:41:56,904 - src.evaluation.indicglue_evaluator - INFO - Attempting to load Choice of Plausible Alternatives from ai4bharat/indic_glue with config 'copa.hi' (split=test)
2026-01-28 16:41:57,918 - filelock - DEBUG - Attempting to acquire lock 140601999285600 on /dss/dsshome1/00/ge95xod2/.cache/huggingface/datasets/_dss_dsshome1_00_ge95xod2_.cache_huggingface_datasets_ai4bharat___indic_glue_copa.hi_0.0.0_6dcbebd49d6b12965d433bffcd07e9a786211703.lock
2026-01-28 16:41:57,919 - filelock - DEBUG - Lock 140601999285600 acquired on /dss/dsshome1/00/ge95xod2/.cache/huggingface/datasets/_dss_dsshome1_00_ge95xod2_.cache_huggingface_datasets_ai4bharat___indic_glue_copa.hi_0.0.0_6dcbebd49d6b12965d433bffcd07e9a786211703.lock
2026-01-28 16:41:57,919 - fsspec.local - DEBUG - open file: /dss/dsshome1/00/ge95xod2/.cache/huggingface/datasets/ai4bharat___indic_glue/copa.hi/0.0.0/6dcbebd49d6b12965d433bffcd07e9a786211703/dataset_info.json
2026-01-28 16:41:57,920 - filelock - DEBUG - Attempting to release lock 140601999285600 on /dss/dsshome1/00/ge95xod2/.cache/huggingface/datasets/_dss_dsshome1_00_ge95xod2_.cache_huggingface_datasets_ai4bharat___indic_glue_copa.hi_0.0.0_6dcbebd49d6b12965d433bffcd07e9a786211703.lock
2026-01-28 16:41:57,920 - filelock - DEBUG - Lock 140601999285600 released on /dss/dsshome1/00/ge95xod2/.cache/huggingface/datasets/_dss_dsshome1_00_ge95xod2_.cache_huggingface_datasets_ai4bharat___indic_glue_copa.hi_0.0.0_6dcbebd49d6b12965d433bffcd07e9a786211703.lock
2026-01-28 16:41:57,922 - filelock - DEBUG - Attempting to acquire lock 140601363659792 on /dss/dsshome1/00/ge95xod2/.cache/huggingface/datasets/ai4bharat___indic_glue/copa.hi/0.0.0/6dcbebd49d6b12965d433bffcd07e9a786211703_builder.lock
2026-01-28 16:41:57,923 - filelock - DEBUG - Lock 140601363659792 acquired on /dss/dsshome1/00/ge95xod2/.cache/huggingface/datasets/ai4bharat___indic_glue/copa.hi/0.0.0/6dcbebd49d6b12965d433bffcd07e9a786211703_builder.lock
2026-01-28 16:41:57,923 - fsspec.local - DEBUG - open file: /dss/dsshome1/00/ge95xod2/.cache/huggingface/datasets/ai4bharat___indic_glue/copa.hi/0.0.0/6dcbebd49d6b12965d433bffcd07e9a786211703/dataset_info.json
2026-01-28 16:41:57,924 - filelock - DEBUG - Attempting to release lock 140601363659792 on /dss/dsshome1/00/ge95xod2/.cache/huggingface/datasets/ai4bharat___indic_glue/copa.hi/0.0.0/6dcbebd49d6b12965d433bffcd07e9a786211703_builder.lock
2026-01-28 16:41:57,924 - filelock - DEBUG - Lock 140601363659792 released on /dss/dsshome1/00/ge95xod2/.cache/huggingface/datasets/ai4bharat___indic_glue/copa.hi/0.0.0/6dcbebd49d6b12965d433bffcd07e9a786211703_builder.lock
2026-01-28 16:41:57,942 - src.evaluation.indicglue_evaluator - INFO - Successfully loaded Choice of Plausible Alternatives test split with 449 examples
2026-01-28 16:41:57,942 - src.evaluation.indicglue_evaluator - INFO -   Loaded validation: 449 examples
2026-01-28 16:41:57,943 - src.evaluation.indicglue_evaluator - INFO - Choice of Plausible Alternatives: Remapping split 'test' → 'validation' (working around corrupted dataset)
2026-01-28 16:41:57,943 - src.evaluation.indicglue_evaluator - INFO - Attempting to load Choice of Plausible Alternatives from ai4bharat/indic_glue with config 'copa.hi' (split=validation)
2026-01-28 16:41:59,371 - filelock - DEBUG - Attempting to acquire lock 140601999389744 on /dss/dsshome1/00/ge95xod2/.cache/huggingface/datasets/_dss_dsshome1_00_ge95xod2_.cache_huggingface_datasets_ai4bharat___indic_glue_copa.hi_0.0.0_6dcbebd49d6b12965d433bffcd07e9a786211703.lock
2026-01-28 16:41:59,372 - filelock - DEBUG - Lock 140601999389744 acquired on /dss/dsshome1/00/ge95xod2/.cache/huggingface/datasets/_dss_dsshome1_00_ge95xod2_.cache_huggingface_datasets_ai4bharat___indic_glue_copa.hi_0.0.0_6dcbebd49d6b12965d433bffcd07e9a786211703.lock
2026-01-28 16:41:59,372 - fsspec.local - DEBUG - open file: /dss/dsshome1/00/ge95xod2/.cache/huggingface/datasets/ai4bharat___indic_glue/copa.hi/0.0.0/6dcbebd49d6b12965d433bffcd07e9a786211703/dataset_info.json
2026-01-28 16:41:59,373 - filelock - DEBUG - Attempting to release lock 140601999389744 on /dss/dsshome1/00/ge95xod2/.cache/huggingface/datasets/_dss_dsshome1_00_ge95xod2_.cache_huggingface_datasets_ai4bharat___indic_glue_copa.hi_0.0.0_6dcbebd49d6b12965d433bffcd07e9a786211703.lock
2026-01-28 16:41:59,373 - filelock - DEBUG - Lock 140601999389744 released on /dss/dsshome1/00/ge95xod2/.cache/huggingface/datasets/_dss_dsshome1_00_ge95xod2_.cache_huggingface_datasets_ai4bharat___indic_glue_copa.hi_0.0.0_6dcbebd49d6b12965d433bffcd07e9a786211703.lock
2026-01-28 16:41:59,375 - filelock - DEBUG - Attempting to acquire lock 140601365520544 on /dss/dsshome1/00/ge95xod2/.cache/huggingface/datasets/ai4bharat___indic_glue/copa.hi/0.0.0/6dcbebd49d6b12965d433bffcd07e9a786211703_builder.lock
2026-01-28 16:41:59,376 - filelock - DEBUG - Lock 140601365520544 acquired on /dss/dsshome1/00/ge95xod2/.cache/huggingface/datasets/ai4bharat___indic_glue/copa.hi/0.0.0/6dcbebd49d6b12965d433bffcd07e9a786211703_builder.lock
2026-01-28 16:41:59,376 - fsspec.local - DEBUG - open file: /dss/dsshome1/00/ge95xod2/.cache/huggingface/datasets/ai4bharat___indic_glue/copa.hi/0.0.0/6dcbebd49d6b12965d433bffcd07e9a786211703/dataset_info.json
2026-01-28 16:41:59,376 - filelock - DEBUG - Attempting to release lock 140601365520544 on /dss/dsshome1/00/ge95xod2/.cache/huggingface/datasets/ai4bharat___indic_glue/copa.hi/0.0.0/6dcbebd49d6b12965d433bffcd07e9a786211703_builder.lock
2026-01-28 16:41:59,377 - filelock - DEBUG - Lock 140601365520544 released on /dss/dsshome1/00/ge95xod2/.cache/huggingface/datasets/ai4bharat___indic_glue/copa.hi/0.0.0/6dcbebd49d6b12965d433bffcd07e9a786211703_builder.lock
2026-01-28 16:41:59,399 - src.evaluation.indicglue_evaluator - INFO - Successfully loaded Choice of Plausible Alternatives validation split with 88 examples
2026-01-28 16:41:59,399 - src.evaluation.indicglue_evaluator - INFO -   Loaded test: 88 examples
2026-01-28 16:41:59,399 - src.evaluation.indicglue_evaluator - INFO - Fine-tuning on Choice of Plausible Alternatives...
2026-01-28 16:41:59,399 - src.evaluation.indicglue.fine_tuning_manager - INFO - Starting fine-tuning for Choice of Plausible Alternatives
2026-01-28 16:41:59,399 - src.evaluation.indicglue.fine_tuning_manager - INFO - Train samples: 362, Val samples: 449
2026-01-28 16:41:59,399 - src.evaluation.indicglue_evaluator - INFO - Creating custom MultipleChoiceWrapper for 'Choice of Plausible Alternatives' with 2 choices
2026-01-28 16:41:59,400 - src.evaluation.indicglue_evaluator - INFO - Auto-detected GPT-like model (HindiGPTModel), using 'last' token pooling
2026-01-28 16:41:59,400 - src.evaluation.indicglue_evaluator - INFO - MultipleChoiceWrapper initialized: num_choices=2, hidden_size=768, pooling=last, dropout=0.15, weight_std=0.0498, bias=0.10
2026-01-28 16:41:59,404 - src.evaluation.indicglue.fine_tuning_manager - INFO - Starting training loop for Choice of Plausible Alternatives
2026-01-28 16:41:59,405 - src.evaluation.indicglue.fine_tuning_manager - INFO - Model parameters: 98,032,897 total, 98,032,897 trainable (100.0%)
2026-01-28 16:41:59,405 - src.evaluation.indicglue.fine_tuning_manager - INFO - ✓ End-to-end training mode (all parameters trainable)
2026-01-28 16:41:59,407 - src.evaluation.indicglue.fine_tuning_manager - INFO - Optimizer: AdamW with 76 params with decay, 74 without decay
2026-01-28 16:41:59,407 - src.evaluation.indicglue.fine_tuning_manager - INFO - Scheduler created: Cosine schedule with 34 warmup steps (total 230 steps)
2026-01-28 16:41:59,407 - src.evaluation.indicglue.fine_tuning_manager - INFO - Training config: total_steps=230, warmup_steps=34 (15.0%)
2026-01-28 16:42:01,353 - src.evaluation.indicglue.fine_tuning_manager - INFO - Epoch 1/10: train_loss=0.8105, val_acc=0.4922, val_loss=0.7310
2026-01-28 16:42:01,408 - src.evaluation.indicglue.fine_tuning_manager - INFO -   → New best validation accuracy: 0.4922 (improvement: 0.4922)
2026-01-28 16:42:03,303 - src.evaluation.indicglue.fine_tuning_manager - INFO - Epoch 2/10: train_loss=0.7826, val_acc=0.4967, val_loss=0.7307
2026-01-28 16:42:03,559 - src.evaluation.indicglue.fine_tuning_manager - INFO -   → New best validation accuracy: 0.4967 (improvement: 0.0045)
2026-01-28 16:42:05,455 - src.evaluation.indicglue.fine_tuning_manager - INFO - Epoch 3/10: train_loss=0.8835, val_acc=0.4878, val_loss=0.7307
2026-01-28 16:42:05,455 - src.evaluation.indicglue.fine_tuning_manager - INFO -   → No improvement (patience: 1/3)
2026-01-28 16:42:07,347 - src.evaluation.indicglue.fine_tuning_manager - INFO - Epoch 4/10: train_loss=0.7940, val_acc=0.4855, val_loss=0.7315
2026-01-28 16:42:07,348 - src.evaluation.indicglue.fine_tuning_manager - INFO -   → No improvement (patience: 2/3)
2026-01-28 16:42:09,239 - src.evaluation.indicglue.fine_tuning_manager - INFO - Epoch 5/10: train_loss=0.8730, val_acc=0.4900, val_loss=0.7292
2026-01-28 16:42:09,239 - src.evaluation.indicglue.fine_tuning_manager - INFO -   → No improvement (patience: 3/3)
2026-01-28 16:42:09,239 - src.evaluation.indicglue.fine_tuning_manager - INFO - Early stopping triggered at epoch 5
2026-01-28 16:42:09,254 - src.evaluation.indicglue.fine_tuning_manager - INFO - Restored best model from epoch 2 with val_acc=0.4967
2026-01-28 16:42:09,693 - src.evaluation.indicglue.fine_tuning_manager - DEBUG - CUDA memory cleanup completed successfully
2026-01-28 16:42:09,693 - src.evaluation.indicglue.fine_tuning_manager - DEBUG - Cleaned up optimizer, scheduler, and GPU memory after fine-tuning
2026-01-28 16:42:09,693 - src.evaluation.indicglue_evaluator - INFO - Evaluation mode switched to: fine-tuned (will use classification heads for all tasks)
2026-01-28 16:42:09,693 - src.evaluation.indicglue_evaluator - INFO - Evaluating fine-tuned model on test set...
2026-01-28 16:42:09,694 - src.evaluation.indicglue_evaluator - INFO - Evaluating on 88 examples
2026-01-28 16:42:09,694 - src.evaluation.indicglue_evaluator - INFO - [ROUTING] Choice of Plausible Alternatives: Fine-tuned MC task → Using classification head (matches official IndicBERT)
2026-01-28 16:42:09,694 - src.evaluation.evaluation_cache - DEBUG - Cache key includes model_type: gpt
2026-01-28 16:42:09,694 - src.evaluation.evaluation_cache - DEBUG - Cache key includes vocab_size: 16384
2026-01-28 16:42:09,694 - src.evaluation.evaluation_cache - DEBUG - Cache key includes tokenizer_type: bpe
2026-01-28 16:42:09,694 - src.evaluation.evaluation_cache - DEBUG - Generated cache key: bd0b99451f60599304fe2b4fd9c361e94e018bf736ae16e7712252fb08b87fb1
2026-01-28 16:42:09,694 - src.evaluation.evaluation_cache - DEBUG - Cache miss: bd0b99451f60599304fe2b4fd9c361e94e018bf736ae16e7712252fb08b87fb1
2026-01-28 16:42:09,694 - src.evaluation.indicglue_evaluator - INFO - Evaluating Choice of Plausible Alternatives with MultipleChoiceWrapper on 88 examples
2026-01-28 16:42:09,827 - src.evaluation.indicglue_evaluator - DEBUG - DataLoader cleanup completed
2026-01-28 16:42:21,726 - src.evaluation.evaluation_cache - INFO - Predictions cached: bd0b99451f60599304fe2b4fd9c361e94e018bf736ae16e7712252fb08b87fb1
2026-01-28 16:42:21,727 - src.evaluation.evaluation_cache - DEBUG -   Samples: 2
2026-01-28 16:42:21,727 - src.evaluation.indicglue_evaluator - DEBUG - Cleared wrapped model cache for Choice of Plausible Alternatives
2026-01-28 16:42:22,179 - src.evaluation.indicglue_evaluator - DEBUG - CUDA memory cleanup completed successfully
2026-01-28 16:42:22,180 - src.evaluation.indicglue_evaluator - INFO - Choice of Plausible Alternatives Results:
2026-01-28 16:42:22,180 - src.evaluation.indicglue_evaluator - INFO -   num_examples: 88.0000
2026-01-28 16:42:22,181 - src.evaluation.indicglue_evaluator - INFO -   accuracy: 0.5114
2026-01-28 16:42:22,181 - src.evaluation.indicglue_evaluator - INFO -   f1_macro: 0.5113
2026-01-28 16:42:22,181 - src.evaluation.indicglue_evaluator - INFO -   f1_weighted: 0.5121
2026-01-28 16:42:22,181 - src.evaluation.indicglue_evaluator - INFO -   precision_macro: 0.5194
2026-01-28 16:42:22,181 - src.evaluation.indicglue_evaluator - INFO -   recall_macro: 0.5195
2026-01-28 16:42:22,181 - src.evaluation.indicglue_evaluator - INFO -   fine_tuned: 1.0000
2026-01-28 16:42:22,181 - src.evaluation.indicglue_evaluator - INFO -   fine_tuning_time_seconds: 10.2944
2026-01-28 16:42:22,576 - src.evaluation.indicglue_evaluator - DEBUG - CUDA memory cleanup completed successfully
2026-01-28 16:42:22,577 - src.evaluation.indicglue_evaluator - INFO - 
Evaluating MovieReviewSentiment...
2026-01-28 16:42:22,577 - src.evaluation.indicglue_evaluator - INFO - Fine-tuning mode enabled for MovieReviewSentiment
2026-01-28 16:42:22,577 - src.evaluation.indicglue_evaluator - INFO - Using original HuggingFace splits for MovieReviewSentiment
2026-01-28 16:42:22,577 - src.evaluation.indicglue_evaluator - INFO - Attempting to load MovieReviewSentiment from ai4bharat/indic_glue with config 'iitp-mr.hi' (split=train)
2026-01-28 16:42:24,072 - filelock - DEBUG - Attempting to acquire lock 140601999389984 on /dss/dsshome1/00/ge95xod2/.cache/huggingface/datasets/_dss_dsshome1_00_ge95xod2_.cache_huggingface_datasets_ai4bharat___indic_glue_iitp-mr.hi_0.0.0_6dcbebd49d6b12965d433bffcd07e9a786211703.lock
2026-01-28 16:42:24,093 - filelock - DEBUG - Lock 140601999389984 acquired on /dss/dsshome1/00/ge95xod2/.cache/huggingface/datasets/_dss_dsshome1_00_ge95xod2_.cache_huggingface_datasets_ai4bharat___indic_glue_iitp-mr.hi_0.0.0_6dcbebd49d6b12965d433bffcd07e9a786211703.lock
2026-01-28 16:42:24,096 - fsspec.local - DEBUG - open file: /dss/dsshome1/00/ge95xod2/.cache/huggingface/datasets/ai4bharat___indic_glue/iitp-mr.hi/0.0.0/6dcbebd49d6b12965d433bffcd07e9a786211703/dataset_info.json
2026-01-28 16:42:24,097 - filelock - DEBUG - Attempting to release lock 140601999389984 on /dss/dsshome1/00/ge95xod2/.cache/huggingface/datasets/_dss_dsshome1_00_ge95xod2_.cache_huggingface_datasets_ai4bharat___indic_glue_iitp-mr.hi_0.0.0_6dcbebd49d6b12965d433bffcd07e9a786211703.lock
2026-01-28 16:42:24,098 - filelock - DEBUG - Lock 140601999389984 released on /dss/dsshome1/00/ge95xod2/.cache/huggingface/datasets/_dss_dsshome1_00_ge95xod2_.cache_huggingface_datasets_ai4bharat___indic_glue_iitp-mr.hi_0.0.0_6dcbebd49d6b12965d433bffcd07e9a786211703.lock
2026-01-28 16:42:24,100 - filelock - DEBUG - Attempting to acquire lock 140601366295648 on /dss/dsshome1/00/ge95xod2/.cache/huggingface/datasets/ai4bharat___indic_glue/iitp-mr.hi/0.0.0/6dcbebd49d6b12965d433bffcd07e9a786211703_builder.lock
2026-01-28 16:42:24,101 - filelock - DEBUG - Lock 140601366295648 acquired on /dss/dsshome1/00/ge95xod2/.cache/huggingface/datasets/ai4bharat___indic_glue/iitp-mr.hi/0.0.0/6dcbebd49d6b12965d433bffcd07e9a786211703_builder.lock
2026-01-28 16:42:24,102 - fsspec.local - DEBUG - open file: /dss/dsshome1/00/ge95xod2/.cache/huggingface/datasets/ai4bharat___indic_glue/iitp-mr.hi/0.0.0/6dcbebd49d6b12965d433bffcd07e9a786211703/dataset_info.json
2026-01-28 16:42:24,102 - filelock - DEBUG - Attempting to release lock 140601366295648 on /dss/dsshome1/00/ge95xod2/.cache/huggingface/datasets/ai4bharat___indic_glue/iitp-mr.hi/0.0.0/6dcbebd49d6b12965d433bffcd07e9a786211703_builder.lock
2026-01-28 16:42:24,102 - filelock - DEBUG - Lock 140601366295648 released on /dss/dsshome1/00/ge95xod2/.cache/huggingface/datasets/ai4bharat___indic_glue/iitp-mr.hi/0.0.0/6dcbebd49d6b12965d433bffcd07e9a786211703_builder.lock
2026-01-28 16:42:24,150 - src.evaluation.indicglue_evaluator - INFO - Successfully loaded MovieReviewSentiment train split with 2480 examples
2026-01-28 16:42:24,151 - src.evaluation.indicglue_evaluator - INFO -   Loaded train: 2480 examples
2026-01-28 16:42:24,151 - src.evaluation.indicglue_evaluator - INFO - Attempting to load MovieReviewSentiment from ai4bharat/indic_glue with config 'iitp-mr.hi' (split=validation)
2026-01-28 16:42:25,131 - filelock - DEBUG - Attempting to acquire lock 140601366296800 on /dss/dsshome1/00/ge95xod2/.cache/huggingface/datasets/_dss_dsshome1_00_ge95xod2_.cache_huggingface_datasets_ai4bharat___indic_glue_iitp-mr.hi_0.0.0_6dcbebd49d6b12965d433bffcd07e9a786211703.lock
2026-01-28 16:42:25,132 - filelock - DEBUG - Lock 140601366296800 acquired on /dss/dsshome1/00/ge95xod2/.cache/huggingface/datasets/_dss_dsshome1_00_ge95xod2_.cache_huggingface_datasets_ai4bharat___indic_glue_iitp-mr.hi_0.0.0_6dcbebd49d6b12965d433bffcd07e9a786211703.lock
2026-01-28 16:42:25,133 - fsspec.local - DEBUG - open file: /dss/dsshome1/00/ge95xod2/.cache/huggingface/datasets/ai4bharat___indic_glue/iitp-mr.hi/0.0.0/6dcbebd49d6b12965d433bffcd07e9a786211703/dataset_info.json
2026-01-28 16:42:25,133 - filelock - DEBUG - Attempting to release lock 140601366296800 on /dss/dsshome1/00/ge95xod2/.cache/huggingface/datasets/_dss_dsshome1_00_ge95xod2_.cache_huggingface_datasets_ai4bharat___indic_glue_iitp-mr.hi_0.0.0_6dcbebd49d6b12965d433bffcd07e9a786211703.lock
2026-01-28 16:42:25,134 - filelock - DEBUG - Lock 140601366296800 released on /dss/dsshome1/00/ge95xod2/.cache/huggingface/datasets/_dss_dsshome1_00_ge95xod2_.cache_huggingface_datasets_ai4bharat___indic_glue_iitp-mr.hi_0.0.0_6dcbebd49d6b12965d433bffcd07e9a786211703.lock
2026-01-28 16:42:25,136 - filelock - DEBUG - Attempting to acquire lock 140601999968144 on /dss/dsshome1/00/ge95xod2/.cache/huggingface/datasets/ai4bharat___indic_glue/iitp-mr.hi/0.0.0/6dcbebd49d6b12965d433bffcd07e9a786211703_builder.lock
2026-01-28 16:42:25,136 - filelock - DEBUG - Lock 140601999968144 acquired on /dss/dsshome1/00/ge95xod2/.cache/huggingface/datasets/ai4bharat___indic_glue/iitp-mr.hi/0.0.0/6dcbebd49d6b12965d433bffcd07e9a786211703_builder.lock
2026-01-28 16:42:25,136 - fsspec.local - DEBUG - open file: /dss/dsshome1/00/ge95xod2/.cache/huggingface/datasets/ai4bharat___indic_glue/iitp-mr.hi/0.0.0/6dcbebd49d6b12965d433bffcd07e9a786211703/dataset_info.json
2026-01-28 16:42:25,137 - filelock - DEBUG - Attempting to release lock 140601999968144 on /dss/dsshome1/00/ge95xod2/.cache/huggingface/datasets/ai4bharat___indic_glue/iitp-mr.hi/0.0.0/6dcbebd49d6b12965d433bffcd07e9a786211703_builder.lock
2026-01-28 16:42:25,137 - filelock - DEBUG - Lock 140601999968144 released on /dss/dsshome1/00/ge95xod2/.cache/huggingface/datasets/ai4bharat___indic_glue/iitp-mr.hi/0.0.0/6dcbebd49d6b12965d433bffcd07e9a786211703_builder.lock
2026-01-28 16:42:25,162 - src.evaluation.indicglue_evaluator - INFO - Successfully loaded MovieReviewSentiment validation split with 310 examples
2026-01-28 16:42:25,162 - src.evaluation.indicglue_evaluator - INFO -   Loaded validation: 310 examples
2026-01-28 16:42:25,163 - src.evaluation.indicglue_evaluator - INFO - Attempting to load MovieReviewSentiment from ai4bharat/indic_glue with config 'iitp-mr.hi' (split=test)
2026-01-28 16:42:26,141 - filelock - DEBUG - Attempting to acquire lock 140601996540512 on /dss/dsshome1/00/ge95xod2/.cache/huggingface/datasets/_dss_dsshome1_00_ge95xod2_.cache_huggingface_datasets_ai4bharat___indic_glue_iitp-mr.hi_0.0.0_6dcbebd49d6b12965d433bffcd07e9a786211703.lock
2026-01-28 16:42:26,142 - filelock - DEBUG - Lock 140601996540512 acquired on /dss/dsshome1/00/ge95xod2/.cache/huggingface/datasets/_dss_dsshome1_00_ge95xod2_.cache_huggingface_datasets_ai4bharat___indic_glue_iitp-mr.hi_0.0.0_6dcbebd49d6b12965d433bffcd07e9a786211703.lock
2026-01-28 16:42:26,142 - fsspec.local - DEBUG - open file: /dss/dsshome1/00/ge95xod2/.cache/huggingface/datasets/ai4bharat___indic_glue/iitp-mr.hi/0.0.0/6dcbebd49d6b12965d433bffcd07e9a786211703/dataset_info.json
2026-01-28 16:42:26,143 - filelock - DEBUG - Attempting to release lock 140601996540512 on /dss/dsshome1/00/ge95xod2/.cache/huggingface/datasets/_dss_dsshome1_00_ge95xod2_.cache_huggingface_datasets_ai4bharat___indic_glue_iitp-mr.hi_0.0.0_6dcbebd49d6b12965d433bffcd07e9a786211703.lock
2026-01-28 16:42:26,143 - filelock - DEBUG - Lock 140601996540512 released on /dss/dsshome1/00/ge95xod2/.cache/huggingface/datasets/_dss_dsshome1_00_ge95xod2_.cache_huggingface_datasets_ai4bharat___indic_glue_iitp-mr.hi_0.0.0_6dcbebd49d6b12965d433bffcd07e9a786211703.lock
2026-01-28 16:42:26,145 - filelock - DEBUG - Attempting to acquire lock 140601363799920 on /dss/dsshome1/00/ge95xod2/.cache/huggingface/datasets/ai4bharat___indic_glue/iitp-mr.hi/0.0.0/6dcbebd49d6b12965d433bffcd07e9a786211703_builder.lock
2026-01-28 16:42:26,146 - filelock - DEBUG - Lock 140601363799920 acquired on /dss/dsshome1/00/ge95xod2/.cache/huggingface/datasets/ai4bharat___indic_glue/iitp-mr.hi/0.0.0/6dcbebd49d6b12965d433bffcd07e9a786211703_builder.lock
2026-01-28 16:42:26,146 - fsspec.local - DEBUG - open file: /dss/dsshome1/00/ge95xod2/.cache/huggingface/datasets/ai4bharat___indic_glue/iitp-mr.hi/0.0.0/6dcbebd49d6b12965d433bffcd07e9a786211703/dataset_info.json
2026-01-28 16:42:26,147 - filelock - DEBUG - Attempting to release lock 140601363799920 on /dss/dsshome1/00/ge95xod2/.cache/huggingface/datasets/ai4bharat___indic_glue/iitp-mr.hi/0.0.0/6dcbebd49d6b12965d433bffcd07e9a786211703_builder.lock
2026-01-28 16:42:26,147 - filelock - DEBUG - Lock 140601363799920 released on /dss/dsshome1/00/ge95xod2/.cache/huggingface/datasets/ai4bharat___indic_glue/iitp-mr.hi/0.0.0/6dcbebd49d6b12965d433bffcd07e9a786211703_builder.lock
2026-01-28 16:42:26,165 - src.evaluation.indicglue_evaluator - INFO - Successfully loaded MovieReviewSentiment test split with 310 examples
2026-01-28 16:42:26,165 - src.evaluation.indicglue_evaluator - INFO -   Loaded test: 310 examples
2026-01-28 16:42:26,165 - src.evaluation.indicglue_evaluator - INFO - Fine-tuning on MovieReviewSentiment...
2026-01-28 16:42:26,165 - src.evaluation.indicglue.fine_tuning_manager - INFO - Starting fine-tuning for MovieReviewSentiment
2026-01-28 16:42:26,165 - src.evaluation.indicglue.fine_tuning_manager - INFO - Train samples: 2480, Val samples: 310
2026-01-28 16:42:26,166 - src.evaluation.indicglue_evaluator - INFO - Wrapping model for task 'MovieReviewSentiment' with 3 classes
2026-01-28 16:42:26,170 - src.evaluation.indicglue.fine_tuning_manager - INFO - Starting training loop for MovieReviewSentiment
2026-01-28 16:42:26,171 - src.evaluation.indicglue.fine_tuning_manager - INFO - Model parameters: 98,034,435 total, 98,034,435 trainable (100.0%)
2026-01-28 16:42:26,171 - src.evaluation.indicglue.fine_tuning_manager - INFO - ✓ End-to-end training mode (all parameters trainable)
2026-01-28 16:42:26,173 - src.evaluation.indicglue.fine_tuning_manager - INFO - Optimizer: AdamW with 76 params with decay, 74 without decay
2026-01-28 16:42:26,173 - src.evaluation.indicglue.fine_tuning_manager - INFO - Scheduler created: Cosine schedule with 232 warmup steps (total 1550 steps)
2026-01-28 16:42:26,173 - src.evaluation.indicglue.fine_tuning_manager - INFO - Training config: total_steps=1550, warmup_steps=232 (15.0%)
2026-01-28 16:42:36,586 - src.evaluation.indicglue.fine_tuning_manager - INFO - Epoch 1/10: train_loss=1.2047, val_acc=0.3839, val_loss=1.1344
2026-01-28 16:42:36,641 - src.evaluation.indicglue.fine_tuning_manager - INFO -   → New best validation accuracy: 0.3839 (improvement: 0.3839)
2026-01-28 16:42:46,871 - src.evaluation.indicglue.fine_tuning_manager - INFO - Epoch 2/10: train_loss=1.2104, val_acc=0.3839, val_loss=1.1352
2026-01-28 16:42:46,872 - src.evaluation.indicglue.fine_tuning_manager - INFO -   → No improvement (patience: 1/3)
2026-01-28 16:42:57,132 - src.evaluation.indicglue.fine_tuning_manager - INFO - Epoch 3/10: train_loss=1.2064, val_acc=0.3871, val_loss=1.1344
2026-01-28 16:42:57,401 - src.evaluation.indicglue.fine_tuning_manager - INFO -   → New best validation accuracy: 0.3871 (improvement: 0.0032)
2026-01-28 16:43:07,569 - src.evaluation.indicglue.fine_tuning_manager - INFO - Epoch 4/10: train_loss=1.2102, val_acc=0.3871, val_loss=1.1320
2026-01-28 16:43:07,570 - src.evaluation.indicglue.fine_tuning_manager - INFO -   → No improvement (patience: 1/3)
2026-01-28 16:43:17,778 - src.evaluation.indicglue.fine_tuning_manager - INFO - Epoch 5/10: train_loss=1.2057, val_acc=0.3839, val_loss=1.1305
2026-01-28 16:43:17,778 - src.evaluation.indicglue.fine_tuning_manager - INFO -   → No improvement (patience: 2/3)
2026-01-28 16:43:27,978 - src.evaluation.indicglue.fine_tuning_manager - INFO - Epoch 6/10: train_loss=1.1976, val_acc=0.3903, val_loss=1.1281
2026-01-28 16:43:28,314 - src.evaluation.indicglue.fine_tuning_manager - INFO -   → New best validation accuracy: 0.3903 (improvement: 0.0032)
2026-01-28 16:43:38,465 - src.evaluation.indicglue.fine_tuning_manager - INFO - Epoch 7/10: train_loss=1.1971, val_acc=0.4000, val_loss=1.1227
2026-01-28 16:43:38,772 - src.evaluation.indicglue.fine_tuning_manager - INFO -   → New best validation accuracy: 0.4000 (improvement: 0.0097)
2026-01-28 16:43:48,956 - src.evaluation.indicglue.fine_tuning_manager - INFO - Epoch 8/10: train_loss=1.1932, val_acc=0.4065, val_loss=1.1148
2026-01-28 16:43:49,208 - src.evaluation.indicglue.fine_tuning_manager - INFO -   → New best validation accuracy: 0.4065 (improvement: 0.0065)
2026-01-28 16:43:59,337 - src.evaluation.indicglue.fine_tuning_manager - INFO - Epoch 9/10: train_loss=1.1806, val_acc=0.4097, val_loss=1.1109
2026-01-28 16:43:59,591 - src.evaluation.indicglue.fine_tuning_manager - INFO -   → New best validation accuracy: 0.4097 (improvement: 0.0032)
2026-01-28 16:44:09,769 - src.evaluation.indicglue.fine_tuning_manager - INFO - Epoch 10/10: train_loss=1.1608, val_acc=0.4097, val_loss=1.1047
2026-01-28 16:44:09,769 - src.evaluation.indicglue.fine_tuning_manager - INFO -   → No improvement (patience: 1/3)
2026-01-28 16:44:09,813 - src.evaluation.indicglue.fine_tuning_manager - INFO - Restored best model from epoch 9 with val_acc=0.4097
2026-01-28 16:44:10,268 - src.evaluation.indicglue.fine_tuning_manager - DEBUG - CUDA memory cleanup completed successfully
2026-01-28 16:44:10,269 - src.evaluation.indicglue.fine_tuning_manager - DEBUG - Cleaned up optimizer, scheduler, and GPU memory after fine-tuning
2026-01-28 16:44:10,269 - src.evaluation.indicglue_evaluator - INFO - Evaluation mode switched to: fine-tuned (will use classification heads for all tasks)
2026-01-28 16:44:10,269 - src.evaluation.indicglue_evaluator - INFO - Evaluating fine-tuned model on test set...
2026-01-28 16:44:10,269 - src.evaluation.indicglue_evaluator - INFO - Evaluating on 310 examples
2026-01-28 16:44:10,269 - src.evaluation.indicglue_evaluator - INFO - [ROUTING] MovieReviewSentiment: Classification/NLI task → Using classification head
2026-01-28 16:44:10,269 - src.evaluation.evaluation_cache - DEBUG - Cache key includes model_type: gpt
2026-01-28 16:44:10,269 - src.evaluation.evaluation_cache - DEBUG - Cache key includes vocab_size: 16384
2026-01-28 16:44:10,269 - src.evaluation.evaluation_cache - DEBUG - Cache key includes tokenizer_type: bpe
2026-01-28 16:44:10,269 - src.evaluation.evaluation_cache - DEBUG - Generated cache key: 168f9b9a0e26016bc2a5646637f7c6ebc6354bc2615a8d6fc8b2546a6af0ac37
2026-01-28 16:44:10,269 - src.evaluation.evaluation_cache - DEBUG - Cache miss: 168f9b9a0e26016bc2a5646637f7c6ebc6354bc2615a8d6fc8b2546a6af0ac37
2026-01-28 16:44:10,270 - src.evaluation.indicglue_evaluator - INFO - Evaluating MovieReviewSentiment on 310 examples
2026-01-28 16:44:10,767 - src.evaluation.indicglue_evaluator - DEBUG - DataLoader cleanup completed
2026-01-28 16:44:26,868 - src.evaluation.evaluation_cache - INFO - Predictions cached: 168f9b9a0e26016bc2a5646637f7c6ebc6354bc2615a8d6fc8b2546a6af0ac37
2026-01-28 16:44:26,869 - src.evaluation.evaluation_cache - DEBUG -   Samples: 2
2026-01-28 16:44:26,869 - src.evaluation.indicglue_evaluator - DEBUG - Cleared wrapped model cache for MovieReviewSentiment
2026-01-28 16:44:27,350 - src.evaluation.indicglue_evaluator - DEBUG - CUDA memory cleanup completed successfully
2026-01-28 16:44:27,351 - src.evaluation.indicglue_evaluator - INFO - MovieReviewSentiment Results:
2026-01-28 16:44:27,352 - src.evaluation.indicglue_evaluator - INFO -   num_examples: 310.0000
2026-01-28 16:44:27,352 - src.evaluation.indicglue_evaluator - INFO -   accuracy: 0.3581
2026-01-28 16:44:27,352 - src.evaluation.indicglue_evaluator - INFO -   f1_macro: 0.3271
2026-01-28 16:44:27,352 - src.evaluation.indicglue_evaluator - INFO -   f1_weighted: 0.3356
2026-01-28 16:44:27,352 - src.evaluation.indicglue_evaluator - INFO -   precision_macro: 0.3593
2026-01-28 16:44:27,352 - src.evaluation.indicglue_evaluator - INFO -   recall_macro: 0.3514
2026-01-28 16:44:27,352 - src.evaluation.indicglue_evaluator - INFO -   fine_tuned: 1.0000
2026-01-28 16:44:27,352 - src.evaluation.indicglue_evaluator - INFO -   fine_tuning_time_seconds: 104.1035
2026-01-28 16:44:27,752 - src.evaluation.indicglue_evaluator - DEBUG - CUDA memory cleanup completed successfully
2026-01-28 16:44:27,752 - src.evaluation.indicglue_evaluator - INFO - 
Evaluating ProductReviewSentiment...
2026-01-28 16:44:27,752 - src.evaluation.indicglue_evaluator - INFO - Fine-tuning mode enabled for ProductReviewSentiment
2026-01-28 16:44:27,752 - src.evaluation.indicglue_evaluator - INFO - Using original HuggingFace splits for ProductReviewSentiment
2026-01-28 16:44:27,752 - src.evaluation.indicglue_evaluator - INFO - Attempting to load ProductReviewSentiment from ai4bharat/indic_glue with config 'iitp-pr.hi' (split=train)
2026-01-28 16:44:29,185 - filelock - DEBUG - Attempting to acquire lock 140601996548752 on /dss/dsshome1/00/ge95xod2/.cache/huggingface/datasets/_dss_dsshome1_00_ge95xod2_.cache_huggingface_datasets_ai4bharat___indic_glue_iitp-pr.hi_0.0.0_6dcbebd49d6b12965d433bffcd07e9a786211703.lock
2026-01-28 16:44:29,190 - filelock - DEBUG - Lock 140601996548752 acquired on /dss/dsshome1/00/ge95xod2/.cache/huggingface/datasets/_dss_dsshome1_00_ge95xod2_.cache_huggingface_datasets_ai4bharat___indic_glue_iitp-pr.hi_0.0.0_6dcbebd49d6b12965d433bffcd07e9a786211703.lock
2026-01-28 16:44:29,193 - fsspec.local - DEBUG - open file: /dss/dsshome1/00/ge95xod2/.cache/huggingface/datasets/ai4bharat___indic_glue/iitp-pr.hi/0.0.0/6dcbebd49d6b12965d433bffcd07e9a786211703/dataset_info.json
2026-01-28 16:44:29,194 - filelock - DEBUG - Attempting to release lock 140601996548752 on /dss/dsshome1/00/ge95xod2/.cache/huggingface/datasets/_dss_dsshome1_00_ge95xod2_.cache_huggingface_datasets_ai4bharat___indic_glue_iitp-pr.hi_0.0.0_6dcbebd49d6b12965d433bffcd07e9a786211703.lock
2026-01-28 16:44:29,194 - filelock - DEBUG - Lock 140601996548752 released on /dss/dsshome1/00/ge95xod2/.cache/huggingface/datasets/_dss_dsshome1_00_ge95xod2_.cache_huggingface_datasets_ai4bharat___indic_glue_iitp-pr.hi_0.0.0_6dcbebd49d6b12965d433bffcd07e9a786211703.lock
2026-01-28 16:44:29,196 - filelock - DEBUG - Attempting to acquire lock 140601365367920 on /dss/dsshome1/00/ge95xod2/.cache/huggingface/datasets/ai4bharat___indic_glue/iitp-pr.hi/0.0.0/6dcbebd49d6b12965d433bffcd07e9a786211703_builder.lock
2026-01-28 16:44:29,219 - filelock - DEBUG - Lock 140601365367920 acquired on /dss/dsshome1/00/ge95xod2/.cache/huggingface/datasets/ai4bharat___indic_glue/iitp-pr.hi/0.0.0/6dcbebd49d6b12965d433bffcd07e9a786211703_builder.lock
2026-01-28 16:44:29,219 - fsspec.local - DEBUG - open file: /dss/dsshome1/00/ge95xod2/.cache/huggingface/datasets/ai4bharat___indic_glue/iitp-pr.hi/0.0.0/6dcbebd49d6b12965d433bffcd07e9a786211703/dataset_info.json
2026-01-28 16:44:29,220 - filelock - DEBUG - Attempting to release lock 140601365367920 on /dss/dsshome1/00/ge95xod2/.cache/huggingface/datasets/ai4bharat___indic_glue/iitp-pr.hi/0.0.0/6dcbebd49d6b12965d433bffcd07e9a786211703_builder.lock
2026-01-28 16:44:29,220 - filelock - DEBUG - Lock 140601365367920 released on /dss/dsshome1/00/ge95xod2/.cache/huggingface/datasets/ai4bharat___indic_glue/iitp-pr.hi/0.0.0/6dcbebd49d6b12965d433bffcd07e9a786211703_builder.lock
2026-01-28 16:44:29,274 - src.evaluation.indicglue_evaluator - INFO - Successfully loaded ProductReviewSentiment train split with 4182 examples
2026-01-28 16:44:29,275 - src.evaluation.indicglue_evaluator - INFO -   Loaded train: 4182 examples
2026-01-28 16:44:29,275 - src.evaluation.indicglue_evaluator - INFO - Attempting to load ProductReviewSentiment from ai4bharat/indic_glue with config 'iitp-pr.hi' (split=validation)
2026-01-28 16:44:30,258 - filelock - DEBUG - Attempting to acquire lock 140601740443952 on /dss/dsshome1/00/ge95xod2/.cache/huggingface/datasets/_dss_dsshome1_00_ge95xod2_.cache_huggingface_datasets_ai4bharat___indic_glue_iitp-pr.hi_0.0.0_6dcbebd49d6b12965d433bffcd07e9a786211703.lock
2026-01-28 16:44:30,259 - filelock - DEBUG - Lock 140601740443952 acquired on /dss/dsshome1/00/ge95xod2/.cache/huggingface/datasets/_dss_dsshome1_00_ge95xod2_.cache_huggingface_datasets_ai4bharat___indic_glue_iitp-pr.hi_0.0.0_6dcbebd49d6b12965d433bffcd07e9a786211703.lock
2026-01-28 16:44:30,260 - fsspec.local - DEBUG - open file: /dss/dsshome1/00/ge95xod2/.cache/huggingface/datasets/ai4bharat___indic_glue/iitp-pr.hi/0.0.0/6dcbebd49d6b12965d433bffcd07e9a786211703/dataset_info.json
2026-01-28 16:44:30,260 - filelock - DEBUG - Attempting to release lock 140601740443952 on /dss/dsshome1/00/ge95xod2/.cache/huggingface/datasets/_dss_dsshome1_00_ge95xod2_.cache_huggingface_datasets_ai4bharat___indic_glue_iitp-pr.hi_0.0.0_6dcbebd49d6b12965d433bffcd07e9a786211703.lock
2026-01-28 16:44:30,261 - filelock - DEBUG - Lock 140601740443952 released on /dss/dsshome1/00/ge95xod2/.cache/huggingface/datasets/_dss_dsshome1_00_ge95xod2_.cache_huggingface_datasets_ai4bharat___indic_glue_iitp-pr.hi_0.0.0_6dcbebd49d6b12965d433bffcd07e9a786211703.lock
2026-01-28 16:44:30,263 - filelock - DEBUG - Attempting to acquire lock 140601364827056 on /dss/dsshome1/00/ge95xod2/.cache/huggingface/datasets/ai4bharat___indic_glue/iitp-pr.hi/0.0.0/6dcbebd49d6b12965d433bffcd07e9a786211703_builder.lock
2026-01-28 16:44:30,263 - filelock - DEBUG - Lock 140601364827056 acquired on /dss/dsshome1/00/ge95xod2/.cache/huggingface/datasets/ai4bharat___indic_glue/iitp-pr.hi/0.0.0/6dcbebd49d6b12965d433bffcd07e9a786211703_builder.lock
2026-01-28 16:44:30,263 - fsspec.local - DEBUG - open file: /dss/dsshome1/00/ge95xod2/.cache/huggingface/datasets/ai4bharat___indic_glue/iitp-pr.hi/0.0.0/6dcbebd49d6b12965d433bffcd07e9a786211703/dataset_info.json
2026-01-28 16:44:30,264 - filelock - DEBUG - Attempting to release lock 140601364827056 on /dss/dsshome1/00/ge95xod2/.cache/huggingface/datasets/ai4bharat___indic_glue/iitp-pr.hi/0.0.0/6dcbebd49d6b12965d433bffcd07e9a786211703_builder.lock
2026-01-28 16:44:30,264 - filelock - DEBUG - Lock 140601364827056 released on /dss/dsshome1/00/ge95xod2/.cache/huggingface/datasets/ai4bharat___indic_glue/iitp-pr.hi/0.0.0/6dcbebd49d6b12965d433bffcd07e9a786211703_builder.lock
2026-01-28 16:44:30,281 - src.evaluation.indicglue_evaluator - INFO - Successfully loaded ProductReviewSentiment validation split with 523 examples
2026-01-28 16:44:30,281 - src.evaluation.indicglue_evaluator - INFO -   Loaded validation: 523 examples
2026-01-28 16:44:30,281 - src.evaluation.indicglue_evaluator - INFO - Attempting to load ProductReviewSentiment from ai4bharat/indic_glue with config 'iitp-pr.hi' (split=test)
2026-01-28 16:44:31,272 - filelock - DEBUG - Attempting to acquire lock 140601999285072 on /dss/dsshome1/00/ge95xod2/.cache/huggingface/datasets/_dss_dsshome1_00_ge95xod2_.cache_huggingface_datasets_ai4bharat___indic_glue_iitp-pr.hi_0.0.0_6dcbebd49d6b12965d433bffcd07e9a786211703.lock
2026-01-28 16:44:31,273 - filelock - DEBUG - Lock 140601999285072 acquired on /dss/dsshome1/00/ge95xod2/.cache/huggingface/datasets/_dss_dsshome1_00_ge95xod2_.cache_huggingface_datasets_ai4bharat___indic_glue_iitp-pr.hi_0.0.0_6dcbebd49d6b12965d433bffcd07e9a786211703.lock
2026-01-28 16:44:31,273 - fsspec.local - DEBUG - open file: /dss/dsshome1/00/ge95xod2/.cache/huggingface/datasets/ai4bharat___indic_glue/iitp-pr.hi/0.0.0/6dcbebd49d6b12965d433bffcd07e9a786211703/dataset_info.json
2026-01-28 16:44:31,274 - filelock - DEBUG - Attempting to release lock 140601999285072 on /dss/dsshome1/00/ge95xod2/.cache/huggingface/datasets/_dss_dsshome1_00_ge95xod2_.cache_huggingface_datasets_ai4bharat___indic_glue_iitp-pr.hi_0.0.0_6dcbebd49d6b12965d433bffcd07e9a786211703.lock
2026-01-28 16:44:31,274 - filelock - DEBUG - Lock 140601999285072 released on /dss/dsshome1/00/ge95xod2/.cache/huggingface/datasets/_dss_dsshome1_00_ge95xod2_.cache_huggingface_datasets_ai4bharat___indic_glue_iitp-pr.hi_0.0.0_6dcbebd49d6b12965d433bffcd07e9a786211703.lock
2026-01-28 16:44:31,276 - filelock - DEBUG - Attempting to acquire lock 140601996818656 on /dss/dsshome1/00/ge95xod2/.cache/huggingface/datasets/ai4bharat___indic_glue/iitp-pr.hi/0.0.0/6dcbebd49d6b12965d433bffcd07e9a786211703_builder.lock
2026-01-28 16:44:31,277 - filelock - DEBUG - Lock 140601996818656 acquired on /dss/dsshome1/00/ge95xod2/.cache/huggingface/datasets/ai4bharat___indic_glue/iitp-pr.hi/0.0.0/6dcbebd49d6b12965d433bffcd07e9a786211703_builder.lock
2026-01-28 16:44:31,277 - fsspec.local - DEBUG - open file: /dss/dsshome1/00/ge95xod2/.cache/huggingface/datasets/ai4bharat___indic_glue/iitp-pr.hi/0.0.0/6dcbebd49d6b12965d433bffcd07e9a786211703/dataset_info.json
2026-01-28 16:44:31,278 - filelock - DEBUG - Attempting to release lock 140601996818656 on /dss/dsshome1/00/ge95xod2/.cache/huggingface/datasets/ai4bharat___indic_glue/iitp-pr.hi/0.0.0/6dcbebd49d6b12965d433bffcd07e9a786211703_builder.lock
2026-01-28 16:44:31,278 - filelock - DEBUG - Lock 140601996818656 released on /dss/dsshome1/00/ge95xod2/.cache/huggingface/datasets/ai4bharat___indic_glue/iitp-pr.hi/0.0.0/6dcbebd49d6b12965d433bffcd07e9a786211703_builder.lock
2026-01-28 16:44:31,334 - src.evaluation.indicglue_evaluator - INFO - Successfully loaded ProductReviewSentiment test split with 523 examples
2026-01-28 16:44:31,335 - src.evaluation.indicglue_evaluator - INFO -   Loaded test: 523 examples
2026-01-28 16:44:31,335 - src.evaluation.indicglue_evaluator - INFO - Fine-tuning on ProductReviewSentiment...
2026-01-28 16:44:31,335 - src.evaluation.indicglue.fine_tuning_manager - INFO - Starting fine-tuning for ProductReviewSentiment
2026-01-28 16:44:31,335 - src.evaluation.indicglue.fine_tuning_manager - INFO - Train samples: 4182, Val samples: 523
2026-01-28 16:44:31,335 - src.evaluation.indicglue_evaluator - INFO - Wrapping model for task 'ProductReviewSentiment' with 3 classes
2026-01-28 16:44:31,339 - src.evaluation.indicglue.fine_tuning_manager - INFO - Starting training loop for ProductReviewSentiment
2026-01-28 16:44:31,340 - src.evaluation.indicglue.fine_tuning_manager - INFO - Model parameters: 98,034,435 total, 98,034,435 trainable (100.0%)
2026-01-28 16:44:31,340 - src.evaluation.indicglue.fine_tuning_manager - INFO - ✓ End-to-end training mode (all parameters trainable)
2026-01-28 16:44:31,342 - src.evaluation.indicglue.fine_tuning_manager - INFO - Optimizer: AdamW with 76 params with decay, 74 without decay
2026-01-28 16:44:31,342 - src.evaluation.indicglue.fine_tuning_manager - INFO - Scheduler created: Cosine schedule with 393 warmup steps (total 2620 steps)
2026-01-28 16:44:31,342 - src.evaluation.indicglue.fine_tuning_manager - INFO - Training config: total_steps=2620, warmup_steps=393 (15.0%)
2026-01-28 16:44:46,412 - src.evaluation.indicglue.fine_tuning_manager - INFO - Epoch 1/10: train_loss=1.0765, val_acc=0.3996, val_loss=1.0816
2026-01-28 16:44:46,455 - src.evaluation.indicglue.fine_tuning_manager - INFO -   → New best validation accuracy: 0.3996 (improvement: 0.3996)
2026-01-28 16:45:01,363 - src.evaluation.indicglue.fine_tuning_manager - INFO - Epoch 2/10: train_loss=1.0661, val_acc=0.3958, val_loss=1.0816
2026-01-28 16:45:01,363 - src.evaluation.indicglue.fine_tuning_manager - INFO -   → No improvement (patience: 1/3)
2026-01-28 16:45:16,346 - src.evaluation.indicglue.fine_tuning_manager - INFO - Epoch 3/10: train_loss=1.0711, val_acc=0.3977, val_loss=1.0825
2026-01-28 16:45:16,346 - src.evaluation.indicglue.fine_tuning_manager - INFO -   → No improvement (patience: 2/3)
2026-01-28 16:45:31,313 - src.evaluation.indicglue.fine_tuning_manager - INFO - Epoch 4/10: train_loss=1.0684, val_acc=0.3977, val_loss=1.0816
2026-01-28 16:45:31,313 - src.evaluation.indicglue.fine_tuning_manager - INFO -   → No improvement (patience: 3/3)
2026-01-28 16:45:31,313 - src.evaluation.indicglue.fine_tuning_manager - INFO - Early stopping triggered at epoch 4
2026-01-28 16:45:31,404 - src.evaluation.indicglue.fine_tuning_manager - INFO - Restored best model from epoch 1 with val_acc=0.3996
2026-01-28 16:45:31,903 - src.evaluation.indicglue.fine_tuning_manager - DEBUG - CUDA memory cleanup completed successfully
2026-01-28 16:45:31,904 - src.evaluation.indicglue.fine_tuning_manager - DEBUG - Cleaned up optimizer, scheduler, and GPU memory after fine-tuning
2026-01-28 16:45:31,904 - src.evaluation.indicglue_evaluator - INFO - Evaluation mode switched to: fine-tuned (will use classification heads for all tasks)
2026-01-28 16:45:31,904 - src.evaluation.indicglue_evaluator - INFO - Evaluating fine-tuned model on test set...
2026-01-28 16:45:31,904 - src.evaluation.indicglue_evaluator - INFO - Evaluating on 523 examples
2026-01-28 16:45:31,904 - src.evaluation.indicglue_evaluator - INFO - [ROUTING] ProductReviewSentiment: Classification/NLI task → Using classification head
2026-01-28 16:45:31,904 - src.evaluation.evaluation_cache - DEBUG - Cache key includes model_type: gpt
2026-01-28 16:45:31,904 - src.evaluation.evaluation_cache - DEBUG - Cache key includes vocab_size: 16384
2026-01-28 16:45:31,904 - src.evaluation.evaluation_cache - DEBUG - Cache key includes tokenizer_type: bpe
2026-01-28 16:45:31,904 - src.evaluation.evaluation_cache - DEBUG - Generated cache key: 414390e7d9c1e6bda1bd143ed009797aa67751a684a961bb761f091d7009b9bd
2026-01-28 16:45:31,904 - src.evaluation.evaluation_cache - DEBUG - Cache miss: 414390e7d9c1e6bda1bd143ed009797aa67751a684a961bb761f091d7009b9bd
2026-01-28 16:45:31,905 - src.evaluation.indicglue_evaluator - INFO - Evaluating ProductReviewSentiment on 523 examples
2026-01-28 16:45:32,546 - src.evaluation.indicglue_evaluator - DEBUG - DataLoader cleanup completed
2026-01-28 16:45:48,588 - src.evaluation.evaluation_cache - INFO - Predictions cached: 414390e7d9c1e6bda1bd143ed009797aa67751a684a961bb761f091d7009b9bd
2026-01-28 16:45:48,588 - src.evaluation.evaluation_cache - DEBUG -   Samples: 2
2026-01-28 16:45:48,588 - src.evaluation.indicglue_evaluator - DEBUG - Cleared wrapped model cache for ProductReviewSentiment
2026-01-28 16:45:49,070 - src.evaluation.indicglue_evaluator - DEBUG - CUDA memory cleanup completed successfully
2026-01-28 16:45:49,071 - src.evaluation.indicglue_evaluator - INFO - ProductReviewSentiment Results:
2026-01-28 16:45:49,071 - src.evaluation.indicglue_evaluator - INFO -   num_examples: 523.0000
2026-01-28 16:45:49,071 - src.evaluation.indicglue_evaluator - INFO -   accuracy: 0.4149
2026-01-28 16:45:49,071 - src.evaluation.indicglue_evaluator - INFO -   f1_macro: 0.2778
2026-01-28 16:45:49,071 - src.evaluation.indicglue_evaluator - INFO -   f1_weighted: 0.3685
2026-01-28 16:45:49,071 - src.evaluation.indicglue_evaluator - INFO -   precision_macro: 0.2652
2026-01-28 16:45:49,072 - src.evaluation.indicglue_evaluator - INFO -   recall_macro: 0.3099
2026-01-28 16:45:49,072 - src.evaluation.indicglue_evaluator - INFO -   fine_tuned: 1.0000
2026-01-28 16:45:49,072 - src.evaluation.indicglue_evaluator - INFO -   fine_tuning_time_seconds: 60.5690
2026-01-28 16:45:49,466 - src.evaluation.indicglue_evaluator - DEBUG - CUDA memory cleanup completed successfully
2026-01-28 16:45:49,466 - src.evaluation.indicglue_evaluator - INFO - 
Evaluating DiscourseMode...
2026-01-28 16:45:49,467 - src.evaluation.indicglue_evaluator - INFO - Fine-tuning mode enabled for DiscourseMode
2026-01-28 16:45:49,467 - src.evaluation.indicglue_evaluator - INFO - Using original HuggingFace splits for DiscourseMode
2026-01-28 16:45:49,467 - src.evaluation.indicglue_evaluator - INFO - Attempting to load DiscourseMode from ai4bharat/indic_glue with config 'md.hi' (split=train)
2026-01-28 16:45:51,003 - filelock - DEBUG - Attempting to acquire lock 140601999756496 on /dss/dsshome1/00/ge95xod2/.cache/huggingface/datasets/_dss_dsshome1_00_ge95xod2_.cache_huggingface_datasets_ai4bharat___indic_glue_md.hi_0.0.0_6dcbebd49d6b12965d433bffcd07e9a786211703.lock
2026-01-28 16:45:51,009 - filelock - DEBUG - Lock 140601999756496 acquired on /dss/dsshome1/00/ge95xod2/.cache/huggingface/datasets/_dss_dsshome1_00_ge95xod2_.cache_huggingface_datasets_ai4bharat___indic_glue_md.hi_0.0.0_6dcbebd49d6b12965d433bffcd07e9a786211703.lock
2026-01-28 16:45:51,012 - fsspec.local - DEBUG - open file: /dss/dsshome1/00/ge95xod2/.cache/huggingface/datasets/ai4bharat___indic_glue/md.hi/0.0.0/6dcbebd49d6b12965d433bffcd07e9a786211703/dataset_info.json
2026-01-28 16:45:51,013 - filelock - DEBUG - Attempting to release lock 140601999756496 on /dss/dsshome1/00/ge95xod2/.cache/huggingface/datasets/_dss_dsshome1_00_ge95xod2_.cache_huggingface_datasets_ai4bharat___indic_glue_md.hi_0.0.0_6dcbebd49d6b12965d433bffcd07e9a786211703.lock
2026-01-28 16:45:51,013 - filelock - DEBUG - Lock 140601999756496 released on /dss/dsshome1/00/ge95xod2/.cache/huggingface/datasets/_dss_dsshome1_00_ge95xod2_.cache_huggingface_datasets_ai4bharat___indic_glue_md.hi_0.0.0_6dcbebd49d6b12965d433bffcd07e9a786211703.lock
2026-01-28 16:45:51,015 - filelock - DEBUG - Attempting to acquire lock 140602000345408 on /dss/dsshome1/00/ge95xod2/.cache/huggingface/datasets/ai4bharat___indic_glue/md.hi/0.0.0/6dcbebd49d6b12965d433bffcd07e9a786211703_builder.lock
2026-01-28 16:45:51,018 - filelock - DEBUG - Lock 140602000345408 acquired on /dss/dsshome1/00/ge95xod2/.cache/huggingface/datasets/ai4bharat___indic_glue/md.hi/0.0.0/6dcbebd49d6b12965d433bffcd07e9a786211703_builder.lock
2026-01-28 16:45:51,018 - fsspec.local - DEBUG - open file: /dss/dsshome1/00/ge95xod2/.cache/huggingface/datasets/ai4bharat___indic_glue/md.hi/0.0.0/6dcbebd49d6b12965d433bffcd07e9a786211703/dataset_info.json
2026-01-28 16:45:51,019 - filelock - DEBUG - Attempting to release lock 140602000345408 on /dss/dsshome1/00/ge95xod2/.cache/huggingface/datasets/ai4bharat___indic_glue/md.hi/0.0.0/6dcbebd49d6b12965d433bffcd07e9a786211703_builder.lock
2026-01-28 16:45:51,019 - filelock - DEBUG - Lock 140602000345408 released on /dss/dsshome1/00/ge95xod2/.cache/huggingface/datasets/ai4bharat___indic_glue/md.hi/0.0.0/6dcbebd49d6b12965d433bffcd07e9a786211703_builder.lock
2026-01-28 16:45:51,054 - src.evaluation.indicglue_evaluator - INFO - Successfully loaded DiscourseMode train split with 7974 examples
2026-01-28 16:45:51,055 - src.evaluation.indicglue_evaluator - INFO -   Loaded train: 7974 examples
2026-01-28 16:45:51,055 - src.evaluation.indicglue_evaluator - INFO - Attempting to load DiscourseMode from ai4bharat/indic_glue with config 'md.hi' (split=validation)
2026-01-28 16:45:52,032 - filelock - DEBUG - Attempting to acquire lock 140601363826144 on /dss/dsshome1/00/ge95xod2/.cache/huggingface/datasets/_dss_dsshome1_00_ge95xod2_.cache_huggingface_datasets_ai4bharat___indic_glue_md.hi_0.0.0_6dcbebd49d6b12965d433bffcd07e9a786211703.lock
2026-01-28 16:45:52,032 - filelock - DEBUG - Lock 140601363826144 acquired on /dss/dsshome1/00/ge95xod2/.cache/huggingface/datasets/_dss_dsshome1_00_ge95xod2_.cache_huggingface_datasets_ai4bharat___indic_glue_md.hi_0.0.0_6dcbebd49d6b12965d433bffcd07e9a786211703.lock
2026-01-28 16:45:52,033 - fsspec.local - DEBUG - open file: /dss/dsshome1/00/ge95xod2/.cache/huggingface/datasets/ai4bharat___indic_glue/md.hi/0.0.0/6dcbebd49d6b12965d433bffcd07e9a786211703/dataset_info.json
2026-01-28 16:45:52,034 - filelock - DEBUG - Attempting to release lock 140601363826144 on /dss/dsshome1/00/ge95xod2/.cache/huggingface/datasets/_dss_dsshome1_00_ge95xod2_.cache_huggingface_datasets_ai4bharat___indic_glue_md.hi_0.0.0_6dcbebd49d6b12965d433bffcd07e9a786211703.lock
2026-01-28 16:45:52,034 - filelock - DEBUG - Lock 140601363826144 released on /dss/dsshome1/00/ge95xod2/.cache/huggingface/datasets/_dss_dsshome1_00_ge95xod2_.cache_huggingface_datasets_ai4bharat___indic_glue_md.hi_0.0.0_6dcbebd49d6b12965d433bffcd07e9a786211703.lock
2026-01-28 16:45:52,036 - filelock - DEBUG - Attempting to acquire lock 140601364635760 on /dss/dsshome1/00/ge95xod2/.cache/huggingface/datasets/ai4bharat___indic_glue/md.hi/0.0.0/6dcbebd49d6b12965d433bffcd07e9a786211703_builder.lock
2026-01-28 16:45:52,036 - filelock - DEBUG - Lock 140601364635760 acquired on /dss/dsshome1/00/ge95xod2/.cache/huggingface/datasets/ai4bharat___indic_glue/md.hi/0.0.0/6dcbebd49d6b12965d433bffcd07e9a786211703_builder.lock
2026-01-28 16:45:52,037 - fsspec.local - DEBUG - open file: /dss/dsshome1/00/ge95xod2/.cache/huggingface/datasets/ai4bharat___indic_glue/md.hi/0.0.0/6dcbebd49d6b12965d433bffcd07e9a786211703/dataset_info.json
2026-01-28 16:45:52,037 - filelock - DEBUG - Attempting to release lock 140601364635760 on /dss/dsshome1/00/ge95xod2/.cache/huggingface/datasets/ai4bharat___indic_glue/md.hi/0.0.0/6dcbebd49d6b12965d433bffcd07e9a786211703_builder.lock
2026-01-28 16:45:52,037 - filelock - DEBUG - Lock 140601364635760 released on /dss/dsshome1/00/ge95xod2/.cache/huggingface/datasets/ai4bharat___indic_glue/md.hi/0.0.0/6dcbebd49d6b12965d433bffcd07e9a786211703_builder.lock
2026-01-28 16:45:52,056 - src.evaluation.indicglue_evaluator - INFO - Successfully loaded DiscourseMode validation split with 997 examples
2026-01-28 16:45:52,057 - src.evaluation.indicglue_evaluator - INFO -   Loaded validation: 997 examples
2026-01-28 16:45:52,057 - src.evaluation.indicglue_evaluator - INFO - Attempting to load DiscourseMode from ai4bharat/indic_glue with config 'md.hi' (split=test)
2026-01-28 16:45:53,039 - filelock - DEBUG - Attempting to acquire lock 140601364010080 on /dss/dsshome1/00/ge95xod2/.cache/huggingface/datasets/_dss_dsshome1_00_ge95xod2_.cache_huggingface_datasets_ai4bharat___indic_glue_md.hi_0.0.0_6dcbebd49d6b12965d433bffcd07e9a786211703.lock
2026-01-28 16:45:53,040 - filelock - DEBUG - Lock 140601364010080 acquired on /dss/dsshome1/00/ge95xod2/.cache/huggingface/datasets/_dss_dsshome1_00_ge95xod2_.cache_huggingface_datasets_ai4bharat___indic_glue_md.hi_0.0.0_6dcbebd49d6b12965d433bffcd07e9a786211703.lock
2026-01-28 16:45:53,041 - fsspec.local - DEBUG - open file: /dss/dsshome1/00/ge95xod2/.cache/huggingface/datasets/ai4bharat___indic_glue/md.hi/0.0.0/6dcbebd49d6b12965d433bffcd07e9a786211703/dataset_info.json
2026-01-28 16:45:53,042 - filelock - DEBUG - Attempting to release lock 140601364010080 on /dss/dsshome1/00/ge95xod2/.cache/huggingface/datasets/_dss_dsshome1_00_ge95xod2_.cache_huggingface_datasets_ai4bharat___indic_glue_md.hi_0.0.0_6dcbebd49d6b12965d433bffcd07e9a786211703.lock
2026-01-28 16:45:53,042 - filelock - DEBUG - Lock 140601364010080 released on /dss/dsshome1/00/ge95xod2/.cache/huggingface/datasets/_dss_dsshome1_00_ge95xod2_.cache_huggingface_datasets_ai4bharat___indic_glue_md.hi_0.0.0_6dcbebd49d6b12965d433bffcd07e9a786211703.lock
2026-01-28 16:45:53,044 - filelock - DEBUG - Attempting to acquire lock 140601999389024 on /dss/dsshome1/00/ge95xod2/.cache/huggingface/datasets/ai4bharat___indic_glue/md.hi/0.0.0/6dcbebd49d6b12965d433bffcd07e9a786211703_builder.lock
2026-01-28 16:45:53,044 - filelock - DEBUG - Lock 140601999389024 acquired on /dss/dsshome1/00/ge95xod2/.cache/huggingface/datasets/ai4bharat___indic_glue/md.hi/0.0.0/6dcbebd49d6b12965d433bffcd07e9a786211703_builder.lock
2026-01-28 16:45:53,045 - fsspec.local - DEBUG - open file: /dss/dsshome1/00/ge95xod2/.cache/huggingface/datasets/ai4bharat___indic_glue/md.hi/0.0.0/6dcbebd49d6b12965d433bffcd07e9a786211703/dataset_info.json
2026-01-28 16:45:53,045 - filelock - DEBUG - Attempting to release lock 140601999389024 on /dss/dsshome1/00/ge95xod2/.cache/huggingface/datasets/ai4bharat___indic_glue/md.hi/0.0.0/6dcbebd49d6b12965d433bffcd07e9a786211703_builder.lock
2026-01-28 16:45:53,045 - filelock - DEBUG - Lock 140601999389024 released on /dss/dsshome1/00/ge95xod2/.cache/huggingface/datasets/ai4bharat___indic_glue/md.hi/0.0.0/6dcbebd49d6b12965d433bffcd07e9a786211703_builder.lock
2026-01-28 16:45:53,060 - src.evaluation.indicglue_evaluator - INFO - Successfully loaded DiscourseMode test split with 997 examples
2026-01-28 16:45:53,060 - src.evaluation.indicglue_evaluator - INFO -   Loaded test: 997 examples
2026-01-28 16:45:53,061 - src.evaluation.indicglue_evaluator - INFO - Fine-tuning on DiscourseMode...
2026-01-28 16:45:53,061 - src.evaluation.indicglue.fine_tuning_manager - INFO - Starting fine-tuning for DiscourseMode
2026-01-28 16:45:53,061 - src.evaluation.indicglue.fine_tuning_manager - INFO - Train samples: 7974, Val samples: 997
2026-01-28 16:45:53,061 - src.evaluation.indicglue_evaluator - INFO - Wrapping model for task 'DiscourseMode' with 6 classes
2026-01-28 16:45:53,064 - src.evaluation.indicglue.fine_tuning_manager - INFO - Starting training loop for DiscourseMode
2026-01-28 16:45:53,066 - src.evaluation.indicglue.fine_tuning_manager - INFO - Model parameters: 98,036,742 total, 98,036,742 trainable (100.0%)
2026-01-28 16:45:53,066 - src.evaluation.indicglue.fine_tuning_manager - INFO - ✓ End-to-end training mode (all parameters trainable)
2026-01-28 16:45:53,068 - src.evaluation.indicglue.fine_tuning_manager - INFO - Optimizer: AdamW with 76 params with decay, 74 without decay
2026-01-28 16:45:53,068 - src.evaluation.indicglue.fine_tuning_manager - INFO - Scheduler created: Cosine schedule with 748 warmup steps (total 4990 steps)
2026-01-28 16:45:53,068 - src.evaluation.indicglue.fine_tuning_manager - INFO - Training config: total_steps=4990, warmup_steps=748 (15.0%)
2026-01-28 16:46:21,678 - src.evaluation.indicglue.fine_tuning_manager - INFO - Epoch 1/10: train_loss=1.9804, val_acc=0.2778, val_loss=1.9819
2026-01-28 16:46:21,721 - src.evaluation.indicglue.fine_tuning_manager - INFO -   → New best validation accuracy: 0.2778 (improvement: 0.2778)
2026-01-28 16:46:50,250 - src.evaluation.indicglue.fine_tuning_manager - INFO - Epoch 2/10: train_loss=1.9777, val_acc=0.2778, val_loss=1.9817
2026-01-28 16:46:50,250 - src.evaluation.indicglue.fine_tuning_manager - INFO -   → No improvement (patience: 1/3)
2026-01-28 16:47:18,823 - src.evaluation.indicglue.fine_tuning_manager - INFO - Epoch 3/10: train_loss=1.9781, val_acc=0.2768, val_loss=1.9802
2026-01-28 16:47:18,823 - src.evaluation.indicglue.fine_tuning_manager - INFO -   → No improvement (patience: 2/3)
2026-01-28 16:47:47,701 - src.evaluation.indicglue.fine_tuning_manager - INFO - Epoch 4/10: train_loss=1.9796, val_acc=0.2778, val_loss=1.9788
2026-01-28 16:47:47,701 - src.evaluation.indicglue.fine_tuning_manager - INFO -   → No improvement (patience: 3/3)
2026-01-28 16:47:47,701 - src.evaluation.indicglue.fine_tuning_manager - INFO - Early stopping triggered at epoch 4
2026-01-28 16:47:47,796 - src.evaluation.indicglue.fine_tuning_manager - INFO - Restored best model from epoch 1 with val_acc=0.2778
2026-01-28 16:47:48,287 - src.evaluation.indicglue.fine_tuning_manager - DEBUG - CUDA memory cleanup completed successfully
2026-01-28 16:47:48,288 - src.evaluation.indicglue.fine_tuning_manager - DEBUG - Cleaned up optimizer, scheduler, and GPU memory after fine-tuning
2026-01-28 16:47:48,288 - src.evaluation.indicglue_evaluator - INFO - Evaluation mode switched to: fine-tuned (will use classification heads for all tasks)
2026-01-28 16:47:48,288 - src.evaluation.indicglue_evaluator - INFO - Evaluating fine-tuned model on test set...
2026-01-28 16:47:48,288 - src.evaluation.indicglue_evaluator - INFO - Evaluating on 997 examples
2026-01-28 16:47:48,288 - src.evaluation.indicglue_evaluator - INFO - [ROUTING] DiscourseMode: Classification/NLI task → Using classification head
2026-01-28 16:47:48,288 - src.evaluation.evaluation_cache - DEBUG - Cache key includes model_type: gpt
2026-01-28 16:47:48,288 - src.evaluation.evaluation_cache - DEBUG - Cache key includes vocab_size: 16384
2026-01-28 16:47:48,288 - src.evaluation.evaluation_cache - DEBUG - Cache key includes tokenizer_type: bpe
2026-01-28 16:47:48,288 - src.evaluation.evaluation_cache - DEBUG - Generated cache key: 5317b001316c3ec50e74decd3ccbef7d78796efde1ec8b41112d44aaf0cb960d
2026-01-28 16:47:48,289 - src.evaluation.evaluation_cache - DEBUG - Cache miss: 5317b001316c3ec50e74decd3ccbef7d78796efde1ec8b41112d44aaf0cb960d
2026-01-28 16:47:48,289 - src.evaluation.indicglue_evaluator - INFO - Evaluating DiscourseMode on 997 examples
2026-01-28 16:47:49,521 - src.evaluation.indicglue_evaluator - DEBUG - DataLoader cleanup completed
2026-01-28 16:48:17,614 - src.evaluation.evaluation_cache - INFO - Predictions cached: 5317b001316c3ec50e74decd3ccbef7d78796efde1ec8b41112d44aaf0cb960d
2026-01-28 16:48:17,614 - src.evaluation.evaluation_cache - DEBUG -   Samples: 2
2026-01-28 16:48:17,614 - src.evaluation.indicglue_evaluator - DEBUG - Cleared wrapped model cache for DiscourseMode
2026-01-28 16:48:18,035 - src.evaluation.indicglue_evaluator - DEBUG - CUDA memory cleanup completed successfully
2026-01-28 16:48:18,036 - src.evaluation.indicglue_evaluator - INFO - DiscourseMode Results:
2026-01-28 16:48:18,036 - src.evaluation.indicglue_evaluator - INFO -   num_examples: 997.0000
2026-01-28 16:48:18,036 - src.evaluation.indicglue_evaluator - INFO -   accuracy: 0.3009
2026-01-28 16:48:18,036 - src.evaluation.indicglue_evaluator - INFO -   f1_macro: 0.1055
2026-01-28 16:48:18,036 - src.evaluation.indicglue_evaluator - INFO -   f1_weighted: 0.2119
2026-01-28 16:48:18,036 - src.evaluation.indicglue_evaluator - INFO -   precision_macro: 0.0979
2026-01-28 16:48:18,036 - src.evaluation.indicglue_evaluator - INFO -   recall_macro: 0.1626
2026-01-28 16:48:18,037 - src.evaluation.indicglue_evaluator - INFO -   fine_tuned: 1.0000
2026-01-28 16:48:18,037 - src.evaluation.indicglue_evaluator - INFO -   fine_tuning_time_seconds: 115.2274
2026-01-28 16:48:18,440 - src.evaluation.indicglue_evaluator - DEBUG - CUDA memory cleanup completed successfully
2026-01-28 16:48:18,441 - src.evaluation.indicglue_evaluator - INFO - 
============================================================
2026-01-28 16:48:18,441 - src.evaluation.indicglue_evaluator - INFO - IndicGLUE Evaluation Complete
2026-01-28 16:48:18,441 - src.evaluation.indicglue_evaluator - INFO - Overall Accuracy: 0.3171
2026-01-28 16:48:18,441 - src.evaluation.indicglue_evaluator - INFO - ============================================================
2026-01-28 16:48:18,441 - src.evaluation.multiblimp_evaluator - INFO - Starting MultiBLiMP evaluation on all phenomena...
2026-01-28 16:48:18,441 - src.evaluation.multiblimp_evaluator - INFO - 
Evaluating SV-#...
2026-01-28 16:48:26,021 - src.evaluation.multiblimp_evaluator - INFO - SV-# Results:
2026-01-28 16:48:26,021 - src.evaluation.multiblimp_evaluator - INFO -   Accuracy: 0.8624
2026-01-28 16:48:26,021 - src.evaluation.multiblimp_evaluator - INFO -   Correct: 351/407
2026-01-28 16:48:26,021 - src.evaluation.multiblimp_evaluator - INFO - 
Evaluating SV-G...
2026-01-28 16:48:33,442 - src.evaluation.multiblimp_evaluator - INFO - SV-G Results:
2026-01-28 16:48:33,443 - src.evaluation.multiblimp_evaluator - INFO -   Accuracy: 0.8210
2026-01-28 16:48:33,443 - src.evaluation.multiblimp_evaluator - INFO -   Correct: 344/419
2026-01-28 16:48:33,443 - src.evaluation.multiblimp_evaluator - INFO - 
Evaluating SV-P...
2026-01-28 16:48:40,779 - src.evaluation.multiblimp_evaluator - INFO - SV-P Results:
2026-01-28 16:48:40,779 - src.evaluation.multiblimp_evaluator - INFO -   Accuracy: 0.9587
2026-01-28 16:48:40,779 - src.evaluation.multiblimp_evaluator - INFO -   Correct: 395/412
2026-01-28 16:48:40,779 - src.evaluation.multiblimp_evaluator - INFO - 
Evaluating SP-#...
2026-01-28 16:48:42,561 - src.evaluation.multiblimp_evaluator - INFO - SP-# Results:
2026-01-28 16:48:42,561 - src.evaluation.multiblimp_evaluator - INFO -   Accuracy: 0.9400
2026-01-28 16:48:42,561 - src.evaluation.multiblimp_evaluator - INFO -   Correct: 94/100
2026-01-28 16:48:42,561 - src.evaluation.multiblimp_evaluator - INFO - 
Evaluating SP-G...
2026-01-28 16:48:44,548 - src.evaluation.multiblimp_evaluator - INFO - SP-G Results:
2026-01-28 16:48:44,548 - src.evaluation.multiblimp_evaluator - INFO -   Accuracy: 0.8532
2026-01-28 16:48:44,548 - src.evaluation.multiblimp_evaluator - INFO -   Correct: 93/109
2026-01-28 16:48:44,548 - src.evaluation.multiblimp_evaluator - INFO - 
============================================================
2026-01-28 16:48:44,548 - src.evaluation.multiblimp_evaluator - INFO - MultiBLiMP Evaluation Complete
2026-01-28 16:48:44,548 - src.evaluation.multiblimp_evaluator - INFO - Overall Accuracy: 0.8871
2026-01-28 16:48:44,548 - src.evaluation.multiblimp_evaluator - INFO - ============================================================
2026-01-28 16:48:44,612 - root - INFO - 
💾 Saving evaluation results...
2026-01-28 16:48:44,627 - root - ERROR - 
❌ Pipeline failed with error: Object of type bool is not JSON serializable
Traceback (most recent call last):
  File "/dss/dsshome1/00/ge95xod2/Hindi-BabyLM-Data-Efficient-Language-Modeling-for-Hindi/main.py", line 545, in main
    stage_evaluation(
  File "/dss/dsshome1/00/ge95xod2/Hindi-BabyLM-Data-Efficient-Language-Modeling-for-Hindi/main.py", line 331, in stage_evaluation
    json.dump(results, f, indent=2)
  File "/dss/dsshome1/00/ge95xod2/miniconda3/envs/hindi_babylm/lib/python3.9/json/__init__.py", line 179, in dump
    for chunk in iterable:
  File "/dss/dsshome1/00/ge95xod2/miniconda3/envs/hindi_babylm/lib/python3.9/json/encoder.py", line 431, in _iterencode
    yield from _iterencode_dict(o, _current_indent_level)
  File "/dss/dsshome1/00/ge95xod2/miniconda3/envs/hindi_babylm/lib/python3.9/json/encoder.py", line 405, in _iterencode_dict
    yield from chunks
  File "/dss/dsshome1/00/ge95xod2/miniconda3/envs/hindi_babylm/lib/python3.9/json/encoder.py", line 405, in _iterencode_dict
    yield from chunks
  File "/dss/dsshome1/00/ge95xod2/miniconda3/envs/hindi_babylm/lib/python3.9/json/encoder.py", line 405, in _iterencode_dict
    yield from chunks
  [Previous line repeated 1 more time]
  File "/dss/dsshome1/00/ge95xod2/miniconda3/envs/hindi_babylm/lib/python3.9/json/encoder.py", line 438, in _iterencode
    o = _default(o)
  File "/dss/dsshome1/00/ge95xod2/miniconda3/envs/hindi_babylm/lib/python3.9/json/encoder.py", line 179, in default
    raise TypeError(f'Object of type {o.__class__.__name__} '
TypeError: Object of type bool is not JSON serializable
2026-02-01 14:03:02,465 - root - INFO - Experiment: gpt_10M_bpe_16k
2026-02-01 14:03:02,486 - root - INFO - Stage: eval
2026-02-01 14:03:02,486 - root - INFO - Results directory: results/gpt_10M_bpe_16k
2026-02-01 14:03:02,486 - root - INFO - Configuration: configs/ablations/vocab_sizes/gpt_bpe_10M_16k.yaml
2026-02-01 14:03:02,486 - root - INFO - 
🎲 Setting up reproducibility...
2026-02-01 14:03:02,486 - root - INFO -    Seed: 42
2026-02-01 14:03:02,486 - root - INFO -    Deterministic: True
2026-02-01 14:03:02,486 - src.utils.seed_manager - INFO - Setting all seeds to 42
2026-02-01 14:03:02,487 - src.utils.seed_manager - DEBUG - ✓ Python random seed set
2026-02-01 14:03:02,551 - src.utils.seed_manager - DEBUG - ✓ NumPy seed set
2026-02-01 14:03:02,643 - src.utils.seed_manager - DEBUG - ✓ PyTorch CPU seed set
2026-02-01 14:03:02,903 - src.utils.seed_manager - DEBUG - ✓ PyTorch CUDA seeds set
2026-02-01 14:03:02,903 - src.utils.seed_manager - INFO - Enabling deterministic mode for PyTorch
2026-02-01 14:03:02,903 - src.utils.seed_manager - DEBUG - ✓ PyTorch deterministic algorithms enabled
2026-02-01 14:03:02,903 - src.utils.seed_manager - DEBUG - ✓ CuDNN deterministic mode enabled
2026-02-01 14:03:02,903 - src.utils.seed_manager - WARNING - CuDNN benchmark disabled - may reduce training speed
2026-02-01 14:03:02,904 - src.utils.seed_manager - DEBUG - ✓ Set PYTHONHASHSEED=42
2026-02-01 14:03:02,904 - src.utils.seed_manager - DEBUG - ✓ Set CUBLAS_WORKSPACE_CONFIG=:4096:8
2026-02-01 14:03:02,904 - root - INFO - 
💻 Device configuration:
2026-02-01 14:03:02,904 - root - INFO -    Device: cuda
2026-02-01 14:03:02,930 - root - INFO -    GPU: NVIDIA H100
2026-02-01 14:03:02,930 - root - INFO -    CUDA Version: 12.8
2026-02-01 14:03:02,942 - root - INFO - Metadata saved to results/gpt_10M_bpe_16k/metadata.json
2026-02-01 14:03:02,942 - root - INFO - Config saved to results/gpt_10M_bpe_16k/config.yaml
2026-02-01 14:03:02,942 - root - INFO - 
Loading trained model and tokenizer...
2026-02-01 14:03:06,885 - root - INFO - Starting evaluation stage...
2026-02-01 14:03:06,886 - root - INFO - 
📋 Initializing evaluation manager...
2026-02-01 14:03:06,886 - root - INFO -    Added evaluation config to evaluator
2026-02-01 14:03:06,886 - src.evaluation.indicglue_evaluator - INFO - IndicGLUE evaluator initialized on device: cuda:0
2026-02-01 14:03:06,887 - src.evaluation.indicglue_evaluator - INFO - Max sequence length: 512 tokens (IndicBERT paper uses 128)
2026-02-01 14:03:06,887 - src.evaluation.indicglue_evaluator - INFO - Tokenizer pad_token: <pad> (id: 0)
2026-02-01 14:03:06,887 - src.evaluation.indicglue_evaluator - INFO - Model type detected: Language Model
2026-02-01 14:03:06,887 - src.evaluation.indicglue_evaluator - INFO - Initialized TaskRegistry with 8 tasks
2026-02-01 14:03:06,887 - src.evaluation.metrics_utils - DEBUG - MetricsAggregator initialized: bootstrap_samples=1000, confidence_level=0.95
2026-02-01 14:03:06,887 - src.evaluation.indicglue_evaluator - INFO - Label validation mode: STRICT (invalid labels will raise errors)
2026-02-01 14:03:06,890 - src.evaluation.evaluation_cache - INFO - Evaluation cache initialized at: .eval_cache
2026-02-01 14:03:06,890 - src.evaluation.evaluation_cache - INFO - Cache expiration: 30 days
2026-02-01 14:03:06,890 - src.evaluation.indicglue_evaluator - INFO - Evaluation mode initialized: zero-shot (will switch to fine-tuned after training)
2026-02-01 14:03:06,890 - src.evaluation.indicglue_evaluator - INFO - Initialized TaskDataExtractor
2026-02-01 14:03:06,890 - src.evaluation.indicglue_evaluator - INFO - Initialized DataLoaderFactory
2026-02-01 14:03:06,891 - src.evaluation.indicglue_evaluator - INFO - Initialized evaluation strategies (Classification, MC, Perplexity)
2026-02-01 14:03:06,891 - src.evaluation.indicglue_evaluator - INFO - Using internal _get_model_for_task for fine-tuning
2026-02-01 14:03:06,891 - src.evaluation.indicglue.fine_tuning_manager - INFO - FineTuningManager initialized: freeze_base=False, use_auto_models=False, lr=0.0005, epochs=10, batch_size=16, grad_accum=4, warmup_ratio=0.05, scheduler_type=linear, weight_decay=0.01, dropout=0.15, max_grad_norm=1.0, label_smoothing=0.01, patience=5, min_delta=0.001
2026-02-01 14:03:06,891 - src.evaluation.indicglue_evaluator - INFO - Initialized FineTuningManager (refactored with config, dataloader_factory, model_provider)
2026-02-01 14:03:06,892 - src.evaluation.indicglue_evaluator - INFO - Initialized ResultVisualizer
2026-02-01 14:03:06,892 - src.evaluation.multiblimp_evaluator - INFO - Final model type for MultiBLiMP: HindiGPTModel
2026-02-01 14:03:06,892 - src.evaluation.multiblimp_evaluator - INFO - Model module: src.models.gpt_model
2026-02-01 14:03:06,892 - src.evaluation.multiblimp_evaluator - INFO - Model has 60 public attributes
2026-02-01 14:03:06,892 - src.evaluation.multiblimp_evaluator - DEBUG - Model attributes: ['MODEL_SIZES', 'T_destination', 'add_module', 'apply', 'bfloat16', 'buffers', 'call_super_init', 'children', 'compile', 'config', 'cpu', 'cuda', 'double', 'dump_patches', 'eval', 'extra_repr', 'float', 'forward', 'generate', 'get_buffer', 'get_extra_state', 'get_parameter', 'get_submodule', 'half', 'ipu', 'load_state_dict', 'model', 'modules', 'mtia', 'named_buffers', 'named_children', 'named_modules', 'named_parameters', 'num_parameters', 'parameters', 'register_backward_hook', 'register_buffer', 'register_forward_hook', 'register_forward_pre_hook', 'register_full_backward_hook', 'register_full_backward_pre_hook', 'register_load_state_dict_post_hook', 'register_load_state_dict_pre_hook', 'register_module', 'register_parameter', 'register_state_dict_post_hook', 'register_state_dict_pre_hook', 'requires_grad_', 'set_extra_state', 'set_submodule', 'share_memory', 'smart_apply', 'state_dict', 'to', 'to_empty', 'train', 'training', 'type', 'xpu', 'zero_grad']
2026-02-01 14:03:06,892 - src.evaluation.multiblimp_evaluator - INFO - MultiBLiMP evaluator initialized on device: cuda:0
2026-02-01 14:03:06,892 - src.evaluation.multiblimp_evaluator - INFO - Model type: CLM (autoregressive)
2026-02-01 14:03:06,892 - src.evaluation.multiblimp_evaluator - INFO - Attempting to load MultiBLiMP dataset from HuggingFace (jumelet/multiblimp)...
2026-02-01 14:03:09,178 - filelock - DEBUG - Attempting to acquire lock 139647314667168 on /dss/dsshome1/00/ge95xod2/.cache/huggingface/datasets/_dss_dsshome1_00_ge95xod2_.cache_huggingface_datasets_jumelet___multiblimp_hin_0.0.0_de923efa8d2483d6b13364ee68e65308e990a991.lock
2026-02-01 14:03:09,181 - filelock - DEBUG - Lock 139647314667168 acquired on /dss/dsshome1/00/ge95xod2/.cache/huggingface/datasets/_dss_dsshome1_00_ge95xod2_.cache_huggingface_datasets_jumelet___multiblimp_hin_0.0.0_de923efa8d2483d6b13364ee68e65308e990a991.lock
2026-02-01 14:03:09,183 - fsspec.local - DEBUG - open file: /dss/dsshome1/00/ge95xod2/.cache/huggingface/datasets/jumelet___multiblimp/hin/0.0.0/de923efa8d2483d6b13364ee68e65308e990a991/dataset_info.json
2026-02-01 14:03:09,185 - filelock - DEBUG - Attempting to release lock 139647314667168 on /dss/dsshome1/00/ge95xod2/.cache/huggingface/datasets/_dss_dsshome1_00_ge95xod2_.cache_huggingface_datasets_jumelet___multiblimp_hin_0.0.0_de923efa8d2483d6b13364ee68e65308e990a991.lock
2026-02-01 14:03:09,185 - filelock - DEBUG - Lock 139647314667168 released on /dss/dsshome1/00/ge95xod2/.cache/huggingface/datasets/_dss_dsshome1_00_ge95xod2_.cache_huggingface_datasets_jumelet___multiblimp_hin_0.0.0_de923efa8d2483d6b13364ee68e65308e990a991.lock
2026-02-01 14:03:09,387 - filelock - DEBUG - Attempting to acquire lock 139647314070880 on /dss/dsshome1/00/ge95xod2/.cache/huggingface/datasets/jumelet___multiblimp/hin/0.0.0/de923efa8d2483d6b13364ee68e65308e990a991_builder.lock
2026-02-01 14:03:09,408 - filelock - DEBUG - Lock 139647314070880 acquired on /dss/dsshome1/00/ge95xod2/.cache/huggingface/datasets/jumelet___multiblimp/hin/0.0.0/de923efa8d2483d6b13364ee68e65308e990a991_builder.lock
2026-02-01 14:03:09,408 - fsspec.local - DEBUG - open file: /dss/dsshome1/00/ge95xod2/.cache/huggingface/datasets/jumelet___multiblimp/hin/0.0.0/de923efa8d2483d6b13364ee68e65308e990a991/dataset_info.json
2026-02-01 14:03:09,410 - filelock - DEBUG - Attempting to release lock 139647314070880 on /dss/dsshome1/00/ge95xod2/.cache/huggingface/datasets/jumelet___multiblimp/hin/0.0.0/de923efa8d2483d6b13364ee68e65308e990a991_builder.lock
2026-02-01 14:03:09,410 - filelock - DEBUG - Lock 139647314070880 released on /dss/dsshome1/00/ge95xod2/.cache/huggingface/datasets/jumelet___multiblimp/hin/0.0.0/de923efa8d2483d6b13364ee68e65308e990a991_builder.lock
2026-02-01 14:03:09,462 - src.evaluation.multiblimp_evaluator - INFO - Successfully loaded external dataset with 1447 examples
2026-02-01 14:03:09,741 - src.evaluation.multiblimp_evaluator - INFO - Converted to 1447 minimal pairs across 5 phenomena
2026-02-01 14:03:09,741 - src.evaluation.multiblimp_evaluator - DEBUG -   SP-#: 100 pairs
2026-02-01 14:03:09,741 - src.evaluation.multiblimp_evaluator - DEBUG -   SP-G: 109 pairs
2026-02-01 14:03:09,741 - src.evaluation.multiblimp_evaluator - DEBUG -   SV-#: 407 pairs
2026-02-01 14:03:09,741 - src.evaluation.multiblimp_evaluator - DEBUG -   SV-G: 419 pairs
2026-02-01 14:03:09,741 - src.evaluation.multiblimp_evaluator - DEBUG -   SV-P: 412 pairs
2026-02-01 14:03:09,742 - src.evaluation.multiblimp_evaluator - INFO - MultiBLiMP test coverage: 1447 minimal pairs across 5 phenomena
2026-02-01 14:03:09,742 - src.evaluation.multiblimp_evaluator - INFO - Per-phenomenon test coverage:
2026-02-01 14:03:09,742 - src.evaluation.multiblimp_evaluator - INFO -   SP-#: 100 pairs
2026-02-01 14:03:09,742 - src.evaluation.multiblimp_evaluator - INFO -   SP-G: 109 pairs
2026-02-01 14:03:09,742 - src.evaluation.multiblimp_evaluator - INFO -   SV-#: 407 pairs
2026-02-01 14:03:09,742 - src.evaluation.multiblimp_evaluator - INFO -   SV-G: 419 pairs
2026-02-01 14:03:09,742 - src.evaluation.multiblimp_evaluator - INFO -   SV-P: 412 pairs
2026-02-01 14:03:09,742 - src.evaluation.multiblimp_evaluator - INFO - Validating model output structure...
2026-02-01 14:03:11,248 - src.evaluation.multiblimp_evaluator - INFO - ✓ Model validation passed!
2026-02-01 14:03:11,248 - src.evaluation.multiblimp_evaluator - INFO -   Output shape: torch.Size([1, 5, 16384])
2026-02-01 14:03:11,248 - src.evaluation.multiblimp_evaluator - INFO -   Vocabulary size: 16384
2026-02-01 14:03:11,249 - root - INFO - 
🔍 Running comprehensive evaluation...
2026-02-01 14:03:11,249 - root - INFO -    This may take several minutes...
2026-02-01 14:03:11,249 - root - INFO -    Enabled benchmarks: indicglue, multiblimp
2026-02-01 14:03:11,249 - src.evaluation.indicglue_evaluator - INFO - Starting IndicGLUE evaluation on all tasks...
2026-02-01 14:03:11,249 - src.evaluation.indicglue_evaluator - INFO - 
Evaluating BBCArticlesClassification...
2026-02-01 14:03:11,249 - src.evaluation.evaluation_cache - DEBUG - Cache key includes model_type: gpt
2026-02-01 14:03:11,249 - src.evaluation.evaluation_cache - DEBUG - Cache key includes vocab_size: 16384
2026-02-01 14:03:11,249 - src.evaluation.evaluation_cache - DEBUG - Cache key includes tokenizer_type: bpe
2026-02-01 14:03:11,250 - src.evaluation.evaluation_cache - DEBUG - Generated cache key: 9d8e9d944a9f22c42fb1841661f0653243e591223ae41289663e0f3d34ebd6a0
2026-02-01 14:03:11,252 - src.evaluation.evaluation_cache - DEBUG - Cache miss: 9d8e9d944a9f22c42fb1841661f0653243e591223ae41289663e0f3d34ebd6a0
2026-02-01 14:03:11,252 - src.evaluation.indicglue_evaluator - INFO - ✗ Cache miss for BBCArticlesClassification (fine-tuned mode)
2026-02-01 14:03:11,252 - src.evaluation.indicglue_evaluator - INFO -   Proceeding with fine-tuning and inference
2026-02-01 14:03:11,252 - src.evaluation.indicglue_evaluator - INFO - Fine-tuning mode enabled for BBCArticlesClassification
2026-02-01 14:03:11,253 - src.evaluation.indicglue_evaluator - INFO - Using original HuggingFace splits for BBCArticlesClassification
2026-02-01 14:03:11,253 - src.evaluation.indicglue_evaluator - INFO - Attempting to load BBCArticlesClassification from ai4bharat/indic_glue with config 'bbca.hi' (split=train)
2026-02-01 14:03:13,230 - filelock - DEBUG - Attempting to acquire lock 139647314070016 on /dss/dsshome1/00/ge95xod2/.cache/huggingface/datasets/_dss_dsshome1_00_ge95xod2_.cache_huggingface_datasets_ai4bharat___indic_glue_bbca.hi_0.0.0_6dcbebd49d6b12965d433bffcd07e9a786211703.lock
2026-02-01 14:03:13,234 - filelock - DEBUG - Lock 139647314070016 acquired on /dss/dsshome1/00/ge95xod2/.cache/huggingface/datasets/_dss_dsshome1_00_ge95xod2_.cache_huggingface_datasets_ai4bharat___indic_glue_bbca.hi_0.0.0_6dcbebd49d6b12965d433bffcd07e9a786211703.lock
2026-02-01 14:03:13,237 - fsspec.local - DEBUG - open file: /dss/dsshome1/00/ge95xod2/.cache/huggingface/datasets/ai4bharat___indic_glue/bbca.hi/0.0.0/6dcbebd49d6b12965d433bffcd07e9a786211703/dataset_info.json
2026-02-01 14:03:13,237 - filelock - DEBUG - Attempting to release lock 139647314070016 on /dss/dsshome1/00/ge95xod2/.cache/huggingface/datasets/_dss_dsshome1_00_ge95xod2_.cache_huggingface_datasets_ai4bharat___indic_glue_bbca.hi_0.0.0_6dcbebd49d6b12965d433bffcd07e9a786211703.lock
2026-02-01 14:03:13,238 - filelock - DEBUG - Lock 139647314070016 released on /dss/dsshome1/00/ge95xod2/.cache/huggingface/datasets/_dss_dsshome1_00_ge95xod2_.cache_huggingface_datasets_ai4bharat___indic_glue_bbca.hi_0.0.0_6dcbebd49d6b12965d433bffcd07e9a786211703.lock
2026-02-01 14:03:13,241 - filelock - DEBUG - Attempting to acquire lock 139647314289616 on /dss/dsshome1/00/ge95xod2/.cache/huggingface/datasets/ai4bharat___indic_glue/bbca.hi/0.0.0/6dcbebd49d6b12965d433bffcd07e9a786211703_builder.lock
2026-02-01 14:03:13,243 - filelock - DEBUG - Lock 139647314289616 acquired on /dss/dsshome1/00/ge95xod2/.cache/huggingface/datasets/ai4bharat___indic_glue/bbca.hi/0.0.0/6dcbebd49d6b12965d433bffcd07e9a786211703_builder.lock
2026-02-01 14:03:13,244 - fsspec.local - DEBUG - open file: /dss/dsshome1/00/ge95xod2/.cache/huggingface/datasets/ai4bharat___indic_glue/bbca.hi/0.0.0/6dcbebd49d6b12965d433bffcd07e9a786211703/dataset_info.json
2026-02-01 14:03:13,244 - filelock - DEBUG - Attempting to release lock 139647314289616 on /dss/dsshome1/00/ge95xod2/.cache/huggingface/datasets/ai4bharat___indic_glue/bbca.hi/0.0.0/6dcbebd49d6b12965d433bffcd07e9a786211703_builder.lock
2026-02-01 14:03:13,244 - filelock - DEBUG - Lock 139647314289616 released on /dss/dsshome1/00/ge95xod2/.cache/huggingface/datasets/ai4bharat___indic_glue/bbca.hi/0.0.0/6dcbebd49d6b12965d433bffcd07e9a786211703_builder.lock
2026-02-01 14:03:13,396 - src.evaluation.indicglue_evaluator - INFO - Successfully loaded BBCArticlesClassification train split with 3467 examples
2026-02-01 14:03:13,396 - src.evaluation.indicglue_evaluator - INFO -   Loaded train: 3467 examples
2026-02-01 14:03:13,396 - src.evaluation.indicglue_evaluator - INFO - Attempting to load BBCArticlesClassification from ai4bharat/indic_glue with config 'bbca.hi' (split=validation)
2026-02-01 14:03:14,375 - filelock - DEBUG - Attempting to acquire lock 139647314068912 on /dss/dsshome1/00/ge95xod2/.cache/huggingface/datasets/_dss_dsshome1_00_ge95xod2_.cache_huggingface_datasets_ai4bharat___indic_glue_bbca.hi_0.0.0_6dcbebd49d6b12965d433bffcd07e9a786211703.lock
2026-02-01 14:03:14,375 - filelock - DEBUG - Lock 139647314068912 acquired on /dss/dsshome1/00/ge95xod2/.cache/huggingface/datasets/_dss_dsshome1_00_ge95xod2_.cache_huggingface_datasets_ai4bharat___indic_glue_bbca.hi_0.0.0_6dcbebd49d6b12965d433bffcd07e9a786211703.lock
2026-02-01 14:03:14,376 - fsspec.local - DEBUG - open file: /dss/dsshome1/00/ge95xod2/.cache/huggingface/datasets/ai4bharat___indic_glue/bbca.hi/0.0.0/6dcbebd49d6b12965d433bffcd07e9a786211703/dataset_info.json
2026-02-01 14:03:14,376 - filelock - DEBUG - Attempting to release lock 139647314068912 on /dss/dsshome1/00/ge95xod2/.cache/huggingface/datasets/_dss_dsshome1_00_ge95xod2_.cache_huggingface_datasets_ai4bharat___indic_glue_bbca.hi_0.0.0_6dcbebd49d6b12965d433bffcd07e9a786211703.lock
2026-02-01 14:03:14,377 - filelock - DEBUG - Lock 139647314068912 released on /dss/dsshome1/00/ge95xod2/.cache/huggingface/datasets/_dss_dsshome1_00_ge95xod2_.cache_huggingface_datasets_ai4bharat___indic_glue_bbca.hi_0.0.0_6dcbebd49d6b12965d433bffcd07e9a786211703.lock
2026-02-01 14:03:14,378 - filelock - DEBUG - Attempting to acquire lock 139647315067424 on /dss/dsshome1/00/ge95xod2/.cache/huggingface/datasets/ai4bharat___indic_glue/bbca.hi/0.0.0/6dcbebd49d6b12965d433bffcd07e9a786211703_builder.lock
2026-02-01 14:03:14,379 - filelock - DEBUG - Lock 139647315067424 acquired on /dss/dsshome1/00/ge95xod2/.cache/huggingface/datasets/ai4bharat___indic_glue/bbca.hi/0.0.0/6dcbebd49d6b12965d433bffcd07e9a786211703_builder.lock
2026-02-01 14:03:14,379 - fsspec.local - DEBUG - open file: /dss/dsshome1/00/ge95xod2/.cache/huggingface/datasets/ai4bharat___indic_glue/bbca.hi/0.0.0/6dcbebd49d6b12965d433bffcd07e9a786211703/dataset_info.json
2026-02-01 14:03:14,379 - filelock - DEBUG - Attempting to release lock 139647315067424 on /dss/dsshome1/00/ge95xod2/.cache/huggingface/datasets/ai4bharat___indic_glue/bbca.hi/0.0.0/6dcbebd49d6b12965d433bffcd07e9a786211703_builder.lock
2026-02-01 14:03:14,380 - filelock - DEBUG - Lock 139647315067424 released on /dss/dsshome1/00/ge95xod2/.cache/huggingface/datasets/ai4bharat___indic_glue/bbca.hi/0.0.0/6dcbebd49d6b12965d433bffcd07e9a786211703_builder.lock
2026-02-01 14:03:14,380 - src.evaluation.indicglue_evaluator - DEBUG - Failed to load BBCArticlesClassification validation split from HuggingFace: Unknown split "validation". Should be one of ['train', 'test'].
2026-02-01 14:03:14,380 - src.evaluation.indicglue_evaluator - INFO - Attempting to load BBCArticlesClassification from ai4bharat/indic_glue with config 'bbca.hi' (split=test)
2026-02-01 14:03:15,660 - filelock - DEBUG - Attempting to acquire lock 139647193632528 on /dss/dsshome1/00/ge95xod2/.cache/huggingface/datasets/_dss_dsshome1_00_ge95xod2_.cache_huggingface_datasets_ai4bharat___indic_glue_bbca.hi_0.0.0_6dcbebd49d6b12965d433bffcd07e9a786211703.lock
2026-02-01 14:03:15,661 - filelock - DEBUG - Lock 139647193632528 acquired on /dss/dsshome1/00/ge95xod2/.cache/huggingface/datasets/_dss_dsshome1_00_ge95xod2_.cache_huggingface_datasets_ai4bharat___indic_glue_bbca.hi_0.0.0_6dcbebd49d6b12965d433bffcd07e9a786211703.lock
2026-02-01 14:03:15,661 - fsspec.local - DEBUG - open file: /dss/dsshome1/00/ge95xod2/.cache/huggingface/datasets/ai4bharat___indic_glue/bbca.hi/0.0.0/6dcbebd49d6b12965d433bffcd07e9a786211703/dataset_info.json
2026-02-01 14:03:15,662 - filelock - DEBUG - Attempting to release lock 139647193632528 on /dss/dsshome1/00/ge95xod2/.cache/huggingface/datasets/_dss_dsshome1_00_ge95xod2_.cache_huggingface_datasets_ai4bharat___indic_glue_bbca.hi_0.0.0_6dcbebd49d6b12965d433bffcd07e9a786211703.lock
2026-02-01 14:03:15,662 - filelock - DEBUG - Lock 139647193632528 released on /dss/dsshome1/00/ge95xod2/.cache/huggingface/datasets/_dss_dsshome1_00_ge95xod2_.cache_huggingface_datasets_ai4bharat___indic_glue_bbca.hi_0.0.0_6dcbebd49d6b12965d433bffcd07e9a786211703.lock
2026-02-01 14:03:15,664 - filelock - DEBUG - Attempting to acquire lock 139647195676096 on /dss/dsshome1/00/ge95xod2/.cache/huggingface/datasets/ai4bharat___indic_glue/bbca.hi/0.0.0/6dcbebd49d6b12965d433bffcd07e9a786211703_builder.lock
2026-02-01 14:03:15,664 - filelock - DEBUG - Lock 139647195676096 acquired on /dss/dsshome1/00/ge95xod2/.cache/huggingface/datasets/ai4bharat___indic_glue/bbca.hi/0.0.0/6dcbebd49d6b12965d433bffcd07e9a786211703_builder.lock
2026-02-01 14:03:15,664 - fsspec.local - DEBUG - open file: /dss/dsshome1/00/ge95xod2/.cache/huggingface/datasets/ai4bharat___indic_glue/bbca.hi/0.0.0/6dcbebd49d6b12965d433bffcd07e9a786211703/dataset_info.json
2026-02-01 14:03:15,665 - filelock - DEBUG - Attempting to release lock 139647195676096 on /dss/dsshome1/00/ge95xod2/.cache/huggingface/datasets/ai4bharat___indic_glue/bbca.hi/0.0.0/6dcbebd49d6b12965d433bffcd07e9a786211703_builder.lock
2026-02-01 14:03:15,665 - filelock - DEBUG - Lock 139647195676096 released on /dss/dsshome1/00/ge95xod2/.cache/huggingface/datasets/ai4bharat___indic_glue/bbca.hi/0.0.0/6dcbebd49d6b12965d433bffcd07e9a786211703_builder.lock
2026-02-01 14:03:15,708 - src.evaluation.indicglue_evaluator - INFO - Successfully loaded BBCArticlesClassification test split with 866 examples
2026-02-01 14:03:15,709 - src.evaluation.indicglue_evaluator - INFO -   Loaded test: 866 examples
2026-02-01 14:03:15,709 - src.evaluation.indicglue_evaluator - INFO - Fine-tuning BBCArticlesClassification without validation set
2026-02-01 14:03:15,709 - src.evaluation.indicglue_evaluator - INFO - Fine-tuning on BBCArticlesClassification...
2026-02-01 14:03:15,709 - src.evaluation.indicglue.fine_tuning_manager - INFO - Starting fine-tuning for BBCArticlesClassification
2026-02-01 14:03:15,709 - src.evaluation.indicglue.fine_tuning_manager - INFO - Train samples: 3467, No validation set
2026-02-01 14:03:15,709 - src.evaluation.indicglue_evaluator - INFO - Wrapping model for task 'BBCArticlesClassification' with 14 classes
2026-02-01 14:03:15,711 - src.models.classification_models - INFO - GPTForSequenceClassification initialized: num_classes=14, hidden_size=768, weight_std=0.0505, bias=0.10
2026-02-01 14:03:15,714 - src.evaluation.indicglue.fine_tuning_manager - INFO - Starting training loop for BBCArticlesClassification
2026-02-01 14:03:15,716 - src.evaluation.indicglue.fine_tuning_manager - INFO - Model parameters: 98,042,894 total, 98,042,894 trainable (100.0%)
2026-02-01 14:03:15,716 - src.evaluation.indicglue.fine_tuning_manager - INFO - ✓ End-to-end training mode (all parameters trainable)
2026-02-01 14:03:15,717 - src.evaluation.indicglue.fine_tuning_manager - INFO - Optimizer: AdamW with 76 params with decay, 74 without decay
2026-02-01 14:03:15,718 - src.evaluation.indicglue.fine_tuning_manager - INFO - Scheduler created: Linear schedule with 108 warmup steps (total 2170 steps)
2026-02-01 14:03:15,718 - src.evaluation.indicglue.fine_tuning_manager - INFO - Training config: total_steps=2170, warmup_steps=108 (5.0%)
2026-02-01 14:04:02,962 - src.evaluation.indicglue.fine_tuning_manager - INFO - Epoch 1/10: train_loss=3.5221
2026-02-01 14:04:47,153 - src.evaluation.indicglue.fine_tuning_manager - INFO - Epoch 2/10: train_loss=2.0399
2026-02-01 14:05:31,354 - src.evaluation.indicglue.fine_tuning_manager - INFO - Epoch 3/10: train_loss=1.3446
2026-02-01 14:06:15,558 - src.evaluation.indicglue.fine_tuning_manager - INFO - Epoch 4/10: train_loss=0.9941
2026-02-01 14:06:59,745 - src.evaluation.indicglue.fine_tuning_manager - INFO - Epoch 5/10: train_loss=0.7907
2026-02-01 14:07:43,929 - src.evaluation.indicglue.fine_tuning_manager - INFO - Epoch 6/10: train_loss=0.6463
2026-02-01 14:08:28,123 - src.evaluation.indicglue.fine_tuning_manager - INFO - Epoch 7/10: train_loss=0.5328
2026-02-01 14:09:12,308 - src.evaluation.indicglue.fine_tuning_manager - INFO - Epoch 8/10: train_loss=0.3991
2026-02-01 14:09:56,495 - src.evaluation.indicglue.fine_tuning_manager - INFO - Epoch 9/10: train_loss=0.3132
2026-02-01 14:10:40,693 - src.evaluation.indicglue.fine_tuning_manager - INFO - Epoch 10/10: train_loss=0.2439
2026-02-01 14:10:40,693 - src.evaluation.indicglue.fine_tuning_manager - INFO - Using final model from epoch 10
2026-02-01 14:10:41,259 - src.evaluation.indicglue.fine_tuning_manager - DEBUG - CUDA memory cleanup completed successfully
2026-02-01 14:10:41,259 - src.evaluation.indicglue.fine_tuning_manager - DEBUG - Cleaned up optimizer, scheduler, and GPU memory after fine-tuning
2026-02-01 14:10:41,260 - src.evaluation.indicglue_evaluator - INFO - Evaluation mode switched to: fine-tuned (will use classification heads for all tasks)
2026-02-01 14:10:41,260 - src.evaluation.indicglue_evaluator - INFO - Evaluating fine-tuned model on test set...
2026-02-01 14:10:41,260 - src.evaluation.indicglue_evaluator - INFO - Evaluating on 866 examples
2026-02-01 14:10:41,260 - src.evaluation.indicglue_evaluator - INFO - [ROUTING] BBCArticlesClassification: Classification/NLI task → Using classification head
2026-02-01 14:10:41,260 - src.evaluation.indicglue_evaluator - INFO - Evaluating BBCArticlesClassification on 866 examples
2026-02-01 14:10:47,190 - src.evaluation.indicglue_evaluator - DEBUG - DataLoader cleanup completed
2026-02-01 14:11:43,125 - src.evaluation.evaluation_cache - INFO - Predictions cached: 9d8e9d944a9f22c42fb1841661f0653243e591223ae41289663e0f3d34ebd6a0
2026-02-01 14:11:43,125 - src.evaluation.evaluation_cache - DEBUG -   Samples: 2
2026-02-01 14:11:43,125 - src.evaluation.indicglue_evaluator - INFO - Saved predictions to cache for BBCArticlesClassification
2026-02-01 14:11:43,125 - src.evaluation.indicglue_evaluator - DEBUG - Cleared wrapped model cache for BBCArticlesClassification
2026-02-01 14:11:43,644 - src.evaluation.indicglue_evaluator - DEBUG - CUDA memory cleanup completed successfully
2026-02-01 14:11:43,647 - src.evaluation.indicglue_evaluator - INFO - BBCArticlesClassification Results:
2026-02-01 14:11:43,647 - src.evaluation.indicglue_evaluator - INFO -   num_examples: 866.0000
2026-02-01 14:11:43,647 - src.evaluation.indicglue_evaluator - INFO -   accuracy: 0.7413
2026-02-01 14:11:43,647 - src.evaluation.indicglue_evaluator - INFO -   f1_macro: 0.4025
2026-02-01 14:11:43,647 - src.evaluation.indicglue_evaluator - INFO -   f1_weighted: 0.7353
2026-02-01 14:11:43,647 - src.evaluation.indicglue_evaluator - INFO -   precision_macro: 0.4012
2026-02-01 14:11:43,647 - src.evaluation.indicglue_evaluator - INFO -   recall_macro: 0.4202
2026-02-01 14:11:43,647 - src.evaluation.indicglue_evaluator - INFO -   fine_tuned: 1.0000
2026-02-01 14:11:43,647 - src.evaluation.indicglue_evaluator - INFO -   fine_tuning_time_seconds: 445.5506
2026-02-01 14:11:44,067 - src.evaluation.indicglue_evaluator - DEBUG - CUDA memory cleanup completed successfully
2026-02-01 14:11:44,067 - src.evaluation.indicglue_evaluator - INFO - 
Evaluating Wikipedia Section Title Prediction...
2026-02-01 14:11:44,068 - src.evaluation.evaluation_cache - DEBUG - Cache key includes model_type: gpt
2026-02-01 14:11:44,068 - src.evaluation.evaluation_cache - DEBUG - Cache key includes vocab_size: 16384
2026-02-01 14:11:44,068 - src.evaluation.evaluation_cache - DEBUG - Cache key includes tokenizer_type: bpe
2026-02-01 14:11:44,068 - src.evaluation.evaluation_cache - DEBUG - Generated cache key: 354c224d63a5d151fdf991a8774cf3f983f711ff69ccd2f94ea5d8600e5d7e23
2026-02-01 14:11:44,068 - src.evaluation.evaluation_cache - DEBUG - Cache miss: 354c224d63a5d151fdf991a8774cf3f983f711ff69ccd2f94ea5d8600e5d7e23
2026-02-01 14:11:44,068 - src.evaluation.indicglue_evaluator - INFO - ✗ Cache miss for Wikipedia Section Title Prediction (fine-tuned mode)
2026-02-01 14:11:44,068 - src.evaluation.indicglue_evaluator - INFO -   Proceeding with fine-tuning and inference
2026-02-01 14:11:44,068 - src.evaluation.indicglue_evaluator - INFO - Fine-tuning mode enabled for Wikipedia Section Title Prediction
2026-02-01 14:11:44,068 - src.evaluation.indicglue_evaluator - INFO - Using original HuggingFace splits for Wikipedia Section Title Prediction
2026-02-01 14:11:44,068 - src.evaluation.indicglue_evaluator - INFO - Attempting to load Wikipedia Section Title Prediction from ai4bharat/indic_glue with config 'wstp.hi' (split=train)
2026-02-01 14:11:45,628 - filelock - DEBUG - Attempting to acquire lock 139647886717808 on /dss/dsshome1/00/ge95xod2/.cache/huggingface/datasets/_dss_dsshome1_00_ge95xod2_.cache_huggingface_datasets_ai4bharat___indic_glue_wstp.hi_0.0.0_6dcbebd49d6b12965d433bffcd07e9a786211703.lock
2026-02-01 14:11:45,650 - filelock - DEBUG - Lock 139647886717808 acquired on /dss/dsshome1/00/ge95xod2/.cache/huggingface/datasets/_dss_dsshome1_00_ge95xod2_.cache_huggingface_datasets_ai4bharat___indic_glue_wstp.hi_0.0.0_6dcbebd49d6b12965d433bffcd07e9a786211703.lock
2026-02-01 14:11:45,654 - fsspec.local - DEBUG - open file: /dss/dsshome1/00/ge95xod2/.cache/huggingface/datasets/ai4bharat___indic_glue/wstp.hi/0.0.0/6dcbebd49d6b12965d433bffcd07e9a786211703/dataset_info.json
2026-02-01 14:11:45,655 - filelock - DEBUG - Attempting to release lock 139647886717808 on /dss/dsshome1/00/ge95xod2/.cache/huggingface/datasets/_dss_dsshome1_00_ge95xod2_.cache_huggingface_datasets_ai4bharat___indic_glue_wstp.hi_0.0.0_6dcbebd49d6b12965d433bffcd07e9a786211703.lock
2026-02-01 14:11:45,655 - filelock - DEBUG - Lock 139647886717808 released on /dss/dsshome1/00/ge95xod2/.cache/huggingface/datasets/_dss_dsshome1_00_ge95xod2_.cache_huggingface_datasets_ai4bharat___indic_glue_wstp.hi_0.0.0_6dcbebd49d6b12965d433bffcd07e9a786211703.lock
2026-02-01 14:11:45,657 - filelock - DEBUG - Attempting to acquire lock 139647316127504 on /dss/dsshome1/00/ge95xod2/.cache/huggingface/datasets/ai4bharat___indic_glue/wstp.hi/0.0.0/6dcbebd49d6b12965d433bffcd07e9a786211703_builder.lock
2026-02-01 14:11:45,659 - filelock - DEBUG - Lock 139647316127504 acquired on /dss/dsshome1/00/ge95xod2/.cache/huggingface/datasets/ai4bharat___indic_glue/wstp.hi/0.0.0/6dcbebd49d6b12965d433bffcd07e9a786211703_builder.lock
2026-02-01 14:11:45,660 - fsspec.local - DEBUG - open file: /dss/dsshome1/00/ge95xod2/.cache/huggingface/datasets/ai4bharat___indic_glue/wstp.hi/0.0.0/6dcbebd49d6b12965d433bffcd07e9a786211703/dataset_info.json
2026-02-01 14:11:45,660 - filelock - DEBUG - Attempting to release lock 139647316127504 on /dss/dsshome1/00/ge95xod2/.cache/huggingface/datasets/ai4bharat___indic_glue/wstp.hi/0.0.0/6dcbebd49d6b12965d433bffcd07e9a786211703_builder.lock
2026-02-01 14:11:45,660 - filelock - DEBUG - Lock 139647316127504 released on /dss/dsshome1/00/ge95xod2/.cache/huggingface/datasets/ai4bharat___indic_glue/wstp.hi/0.0.0/6dcbebd49d6b12965d433bffcd07e9a786211703_builder.lock
2026-02-01 14:11:46,099 - src.evaluation.indicglue_evaluator - INFO - Successfully loaded Wikipedia Section Title Prediction train split with 44069 examples
2026-02-01 14:11:46,099 - src.evaluation.indicglue_evaluator - INFO -   Loaded train: 44069 examples
2026-02-01 14:11:46,099 - src.evaluation.indicglue_evaluator - INFO - Attempting to load Wikipedia Section Title Prediction from ai4bharat/indic_glue with config 'wstp.hi' (split=validation)
2026-02-01 14:11:47,058 - filelock - DEBUG - Attempting to acquire lock 139647887036032 on /dss/dsshome1/00/ge95xod2/.cache/huggingface/datasets/_dss_dsshome1_00_ge95xod2_.cache_huggingface_datasets_ai4bharat___indic_glue_wstp.hi_0.0.0_6dcbebd49d6b12965d433bffcd07e9a786211703.lock
2026-02-01 14:11:47,059 - filelock - DEBUG - Lock 139647887036032 acquired on /dss/dsshome1/00/ge95xod2/.cache/huggingface/datasets/_dss_dsshome1_00_ge95xod2_.cache_huggingface_datasets_ai4bharat___indic_glue_wstp.hi_0.0.0_6dcbebd49d6b12965d433bffcd07e9a786211703.lock
2026-02-01 14:11:47,060 - fsspec.local - DEBUG - open file: /dss/dsshome1/00/ge95xod2/.cache/huggingface/datasets/ai4bharat___indic_glue/wstp.hi/0.0.0/6dcbebd49d6b12965d433bffcd07e9a786211703/dataset_info.json
2026-02-01 14:11:47,060 - filelock - DEBUG - Attempting to release lock 139647887036032 on /dss/dsshome1/00/ge95xod2/.cache/huggingface/datasets/_dss_dsshome1_00_ge95xod2_.cache_huggingface_datasets_ai4bharat___indic_glue_wstp.hi_0.0.0_6dcbebd49d6b12965d433bffcd07e9a786211703.lock
2026-02-01 14:11:47,061 - filelock - DEBUG - Lock 139647887036032 released on /dss/dsshome1/00/ge95xod2/.cache/huggingface/datasets/_dss_dsshome1_00_ge95xod2_.cache_huggingface_datasets_ai4bharat___indic_glue_wstp.hi_0.0.0_6dcbebd49d6b12965d433bffcd07e9a786211703.lock
2026-02-01 14:11:47,062 - filelock - DEBUG - Attempting to acquire lock 139656547674528 on /dss/dsshome1/00/ge95xod2/.cache/huggingface/datasets/ai4bharat___indic_glue/wstp.hi/0.0.0/6dcbebd49d6b12965d433bffcd07e9a786211703_builder.lock
2026-02-01 14:11:47,063 - filelock - DEBUG - Lock 139656547674528 acquired on /dss/dsshome1/00/ge95xod2/.cache/huggingface/datasets/ai4bharat___indic_glue/wstp.hi/0.0.0/6dcbebd49d6b12965d433bffcd07e9a786211703_builder.lock
2026-02-01 14:11:47,063 - fsspec.local - DEBUG - open file: /dss/dsshome1/00/ge95xod2/.cache/huggingface/datasets/ai4bharat___indic_glue/wstp.hi/0.0.0/6dcbebd49d6b12965d433bffcd07e9a786211703/dataset_info.json
2026-02-01 14:11:47,064 - filelock - DEBUG - Attempting to release lock 139656547674528 on /dss/dsshome1/00/ge95xod2/.cache/huggingface/datasets/ai4bharat___indic_glue/wstp.hi/0.0.0/6dcbebd49d6b12965d433bffcd07e9a786211703_builder.lock
2026-02-01 14:11:47,064 - filelock - DEBUG - Lock 139656547674528 released on /dss/dsshome1/00/ge95xod2/.cache/huggingface/datasets/ai4bharat___indic_glue/wstp.hi/0.0.0/6dcbebd49d6b12965d433bffcd07e9a786211703_builder.lock
2026-02-01 14:11:47,239 - src.evaluation.indicglue_evaluator - INFO - Successfully loaded Wikipedia Section Title Prediction validation split with 5509 examples
2026-02-01 14:11:47,239 - src.evaluation.indicglue_evaluator - INFO -   Loaded validation: 5509 examples
2026-02-01 14:11:47,239 - src.evaluation.indicglue_evaluator - INFO - Attempting to load Wikipedia Section Title Prediction from ai4bharat/indic_glue with config 'wstp.hi' (split=test)
2026-02-01 14:11:48,192 - filelock - DEBUG - Attempting to acquire lock 139656547675008 on /dss/dsshome1/00/ge95xod2/.cache/huggingface/datasets/_dss_dsshome1_00_ge95xod2_.cache_huggingface_datasets_ai4bharat___indic_glue_wstp.hi_0.0.0_6dcbebd49d6b12965d433bffcd07e9a786211703.lock
2026-02-01 14:11:48,193 - filelock - DEBUG - Lock 139656547675008 acquired on /dss/dsshome1/00/ge95xod2/.cache/huggingface/datasets/_dss_dsshome1_00_ge95xod2_.cache_huggingface_datasets_ai4bharat___indic_glue_wstp.hi_0.0.0_6dcbebd49d6b12965d433bffcd07e9a786211703.lock
2026-02-01 14:11:48,193 - fsspec.local - DEBUG - open file: /dss/dsshome1/00/ge95xod2/.cache/huggingface/datasets/ai4bharat___indic_glue/wstp.hi/0.0.0/6dcbebd49d6b12965d433bffcd07e9a786211703/dataset_info.json
2026-02-01 14:11:48,194 - filelock - DEBUG - Attempting to release lock 139656547675008 on /dss/dsshome1/00/ge95xod2/.cache/huggingface/datasets/_dss_dsshome1_00_ge95xod2_.cache_huggingface_datasets_ai4bharat___indic_glue_wstp.hi_0.0.0_6dcbebd49d6b12965d433bffcd07e9a786211703.lock
2026-02-01 14:11:48,194 - filelock - DEBUG - Lock 139656547675008 released on /dss/dsshome1/00/ge95xod2/.cache/huggingface/datasets/_dss_dsshome1_00_ge95xod2_.cache_huggingface_datasets_ai4bharat___indic_glue_wstp.hi_0.0.0_6dcbebd49d6b12965d433bffcd07e9a786211703.lock
2026-02-01 14:11:48,196 - filelock - DEBUG - Attempting to acquire lock 139647193158608 on /dss/dsshome1/00/ge95xod2/.cache/huggingface/datasets/ai4bharat___indic_glue/wstp.hi/0.0.0/6dcbebd49d6b12965d433bffcd07e9a786211703_builder.lock
2026-02-01 14:11:48,196 - filelock - DEBUG - Lock 139647193158608 acquired on /dss/dsshome1/00/ge95xod2/.cache/huggingface/datasets/ai4bharat___indic_glue/wstp.hi/0.0.0/6dcbebd49d6b12965d433bffcd07e9a786211703_builder.lock
2026-02-01 14:11:48,197 - fsspec.local - DEBUG - open file: /dss/dsshome1/00/ge95xod2/.cache/huggingface/datasets/ai4bharat___indic_glue/wstp.hi/0.0.0/6dcbebd49d6b12965d433bffcd07e9a786211703/dataset_info.json
2026-02-01 14:11:48,197 - filelock - DEBUG - Attempting to release lock 139647193158608 on /dss/dsshome1/00/ge95xod2/.cache/huggingface/datasets/ai4bharat___indic_glue/wstp.hi/0.0.0/6dcbebd49d6b12965d433bffcd07e9a786211703_builder.lock
2026-02-01 14:11:48,197 - filelock - DEBUG - Lock 139647193158608 released on /dss/dsshome1/00/ge95xod2/.cache/huggingface/datasets/ai4bharat___indic_glue/wstp.hi/0.0.0/6dcbebd49d6b12965d433bffcd07e9a786211703_builder.lock
2026-02-01 14:11:48,352 - src.evaluation.indicglue_evaluator - INFO - Successfully loaded Wikipedia Section Title Prediction test split with 5509 examples
2026-02-01 14:11:48,352 - src.evaluation.indicglue_evaluator - INFO -   Loaded test: 5509 examples
2026-02-01 14:11:48,352 - src.evaluation.indicglue_evaluator - INFO - Fine-tuning on Wikipedia Section Title Prediction...
2026-02-01 14:11:48,352 - src.evaluation.indicglue.fine_tuning_manager - INFO - Starting fine-tuning for Wikipedia Section Title Prediction
2026-02-01 14:11:48,352 - src.evaluation.indicglue.fine_tuning_manager - INFO - Train samples: 44069, Val samples: 5509
2026-02-01 14:11:48,353 - src.evaluation.indicglue_evaluator - INFO - Creating custom MultipleChoiceWrapper for 'Wikipedia Section Title Prediction' with 4 choices
2026-02-01 14:11:48,353 - src.evaluation.indicglue_evaluator - INFO - Auto-detected GPT-like model (HindiGPTModel), using 'last' token pooling
2026-02-01 14:11:48,354 - src.evaluation.indicglue_evaluator - INFO - MultipleChoiceWrapper initialized: num_choices=4, hidden_size=768, pooling=last, dropout=0.15, weight_std=0.0503, bias=0.10
2026-02-01 14:11:48,357 - src.evaluation.indicglue.fine_tuning_manager - INFO - Starting training loop for Wikipedia Section Title Prediction
2026-02-01 14:11:48,359 - src.evaluation.indicglue.fine_tuning_manager - INFO - Model parameters: 98,032,897 total, 98,032,897 trainable (100.0%)
2026-02-01 14:11:48,359 - src.evaluation.indicglue.fine_tuning_manager - INFO - ✓ End-to-end training mode (all parameters trainable)
2026-02-01 14:11:48,360 - src.evaluation.indicglue.fine_tuning_manager - INFO - Optimizer: AdamW with 76 params with decay, 74 without decay
2026-02-01 14:11:48,361 - src.evaluation.indicglue.fine_tuning_manager - INFO - Scheduler created: Linear schedule with 1377 warmup steps (total 27550 steps)
2026-02-01 14:11:48,361 - src.evaluation.indicglue.fine_tuning_manager - INFO - Training config: total_steps=27550, warmup_steps=1377 (5.0%)
2026-02-01 14:37:01,969 - src.evaluation.indicglue.fine_tuning_manager - INFO - Epoch 1/10: train_loss=1.7362, val_acc=0.2420, val_loss=1.5732
2026-02-01 14:37:02,141 - src.evaluation.indicglue.fine_tuning_manager - INFO -   → New best validation accuracy: 0.2420 (improvement: 0.2420)
2026-02-01 15:02:15,253 - src.evaluation.indicglue.fine_tuning_manager - INFO - Epoch 2/10: train_loss=1.6720, val_acc=0.2530, val_loss=1.4655
2026-02-01 15:02:15,771 - src.evaluation.indicglue.fine_tuning_manager - INFO -   → New best validation accuracy: 0.2530 (improvement: 0.0111)
2026-02-01 15:27:28,650 - src.evaluation.indicglue.fine_tuning_manager - INFO - Epoch 3/10: train_loss=1.5823, val_acc=0.2757, val_loss=1.4063
2026-02-01 15:27:29,129 - src.evaluation.indicglue.fine_tuning_manager - INFO -   → New best validation accuracy: 0.2757 (improvement: 0.0227)
2026-02-01 15:52:42,201 - src.evaluation.indicglue.fine_tuning_manager - INFO - Epoch 4/10: train_loss=1.5250, val_acc=0.3031, val_loss=1.3729
2026-02-01 15:52:42,702 - src.evaluation.indicglue.fine_tuning_manager - INFO -   → New best validation accuracy: 0.3031 (improvement: 0.0274)
2026-02-01 16:17:55,672 - src.evaluation.indicglue.fine_tuning_manager - INFO - Epoch 5/10: train_loss=1.4832, val_acc=0.3209, val_loss=1.3522
2026-02-01 16:17:56,136 - src.evaluation.indicglue.fine_tuning_manager - INFO -   → New best validation accuracy: 0.3209 (improvement: 0.0178)
2026-02-01 16:43:09,074 - src.evaluation.indicglue.fine_tuning_manager - INFO - Epoch 6/10: train_loss=1.4464, val_acc=0.3404, val_loss=1.3338
2026-02-01 16:43:09,537 - src.evaluation.indicglue.fine_tuning_manager - INFO -   → New best validation accuracy: 0.3404 (improvement: 0.0194)
2026-02-01 17:08:22,542 - src.evaluation.indicglue.fine_tuning_manager - INFO - Epoch 7/10: train_loss=1.4052, val_acc=0.3618, val_loss=1.3135
2026-02-01 17:08:22,991 - src.evaluation.indicglue.fine_tuning_manager - INFO -   → New best validation accuracy: 0.3618 (improvement: 0.0214)
2026-02-01 17:33:35,946 - src.evaluation.indicglue.fine_tuning_manager - INFO - Epoch 8/10: train_loss=1.3645, val_acc=0.3874, val_loss=1.2827
2026-02-01 17:33:36,411 - src.evaluation.indicglue.fine_tuning_manager - INFO -   → New best validation accuracy: 0.3874 (improvement: 0.0256)
2026-02-01 17:58:49,202 - src.evaluation.indicglue.fine_tuning_manager - INFO - Epoch 9/10: train_loss=1.3221, val_acc=0.4148, val_loss=1.2510
2026-02-01 17:58:49,687 - src.evaluation.indicglue.fine_tuning_manager - INFO -   → New best validation accuracy: 0.4148 (improvement: 0.0274)
2026-02-01 18:24:02,628 - src.evaluation.indicglue.fine_tuning_manager - INFO - Epoch 10/10: train_loss=1.2762, val_acc=0.4340, val_loss=1.2195
2026-02-01 18:24:03,109 - src.evaluation.indicglue.fine_tuning_manager - INFO -   → New best validation accuracy: 0.4340 (improvement: 0.0192)
2026-02-01 18:24:03,134 - src.evaluation.indicglue.fine_tuning_manager - INFO - Restored best model from epoch 10 with val_acc=0.4340
2026-02-01 18:24:03,592 - src.evaluation.indicglue.fine_tuning_manager - DEBUG - CUDA memory cleanup completed successfully
2026-02-01 18:24:03,593 - src.evaluation.indicglue.fine_tuning_manager - DEBUG - Cleaned up optimizer, scheduler, and GPU memory after fine-tuning
2026-02-01 18:24:03,593 - src.evaluation.indicglue_evaluator - INFO - Evaluation mode switched to: fine-tuned (will use classification heads for all tasks)
2026-02-01 18:24:03,593 - src.evaluation.indicglue_evaluator - INFO - Evaluating fine-tuned model on test set...
2026-02-01 18:24:03,593 - src.evaluation.indicglue_evaluator - INFO - Evaluating on 5509 examples
2026-02-01 18:24:03,593 - src.evaluation.indicglue_evaluator - INFO - [ROUTING] Wikipedia Section Title Prediction: Fine-tuned MC task → Using classification head (matches official IndicBERT)
2026-02-01 18:24:03,593 - src.evaluation.indicglue_evaluator - INFO - Evaluating Wikipedia Section Title Prediction with MultipleChoiceWrapper on 5509 examples
2026-02-01 18:25:12,525 - src.evaluation.indicglue_evaluator - DEBUG - DataLoader cleanup completed
2026-02-01 18:25:39,952 - src.evaluation.evaluation_cache - INFO - Predictions cached: 354c224d63a5d151fdf991a8774cf3f983f711ff69ccd2f94ea5d8600e5d7e23
2026-02-01 18:25:39,953 - src.evaluation.evaluation_cache - DEBUG -   Samples: 2
2026-02-01 18:25:39,953 - src.evaluation.indicglue_evaluator - INFO - Saved predictions to cache for Wikipedia Section Title Prediction
2026-02-01 18:25:39,953 - src.evaluation.indicglue_evaluator - DEBUG - Cleared wrapped model cache for Wikipedia Section Title Prediction
2026-02-01 18:25:40,475 - src.evaluation.indicglue_evaluator - DEBUG - CUDA memory cleanup completed successfully
2026-02-01 18:25:40,490 - src.evaluation.indicglue_evaluator - INFO - Wikipedia Section Title Prediction Results:
2026-02-01 18:25:40,490 - src.evaluation.indicglue_evaluator - INFO -   num_examples: 5509.0000
2026-02-01 18:25:40,490 - src.evaluation.indicglue_evaluator - INFO -   accuracy: 0.4226
2026-02-01 18:25:40,490 - src.evaluation.indicglue_evaluator - INFO -   f1_macro: 0.4203
2026-02-01 18:25:40,490 - src.evaluation.indicglue_evaluator - INFO -   f1_weighted: 0.4206
2026-02-01 18:25:40,490 - src.evaluation.indicglue_evaluator - INFO -   precision_macro: 0.4352
2026-02-01 18:25:40,490 - src.evaluation.indicglue_evaluator - INFO -   recall_macro: 0.4217
2026-02-01 18:25:40,490 - src.evaluation.indicglue_evaluator - INFO -   fine_tuned: 1.0000
2026-02-01 18:25:40,490 - src.evaluation.indicglue_evaluator - INFO -   fine_tuning_time_seconds: 15135.2407
2026-02-01 18:25:40,872 - src.evaluation.indicglue_evaluator - DEBUG - CUDA memory cleanup completed successfully
2026-02-01 18:25:40,872 - src.evaluation.indicglue_evaluator - INFO - 
Evaluating Cloze-style multiple-choice QA...
2026-02-01 18:25:40,873 - src.evaluation.evaluation_cache - DEBUG - Cache key includes model_type: gpt
2026-02-01 18:25:40,873 - src.evaluation.evaluation_cache - DEBUG - Cache key includes vocab_size: 16384
2026-02-01 18:25:40,873 - src.evaluation.evaluation_cache - DEBUG - Cache key includes tokenizer_type: bpe
2026-02-01 18:25:40,873 - src.evaluation.evaluation_cache - DEBUG - Generated cache key: 88750067d956e850fe3736e8db2a2461097519c14ad196503a2e69d672c46d64
2026-02-01 18:25:40,873 - src.evaluation.evaluation_cache - DEBUG - Cache miss: 88750067d956e850fe3736e8db2a2461097519c14ad196503a2e69d672c46d64
2026-02-01 18:25:40,873 - src.evaluation.indicglue_evaluator - INFO - ✗ Cache miss for Cloze-style multiple-choice QA (fine-tuned mode)
2026-02-01 18:25:40,873 - src.evaluation.indicglue_evaluator - INFO -   Proceeding with fine-tuning and inference
2026-02-01 18:25:40,873 - src.evaluation.indicglue_evaluator - INFO - Fine-tuning mode enabled for Cloze-style multiple-choice QA
2026-02-01 18:25:40,873 - src.evaluation.indicglue_evaluator - INFO - Creating custom splits for Cloze-style multiple-choice QA
2026-02-01 18:25:40,873 - src.evaluation.indicglue_evaluator - INFO -   Reason: Dataset only has test split (35,140 examples); custom splits required for fine-tuning
2026-02-01 18:25:40,873 - src.evaluation.indicglue_evaluator - INFO - Creating custom splits for Cloze-style multiple-choice QA...
2026-02-01 18:25:40,873 - src.evaluation.indicglue_evaluator - INFO - Using task-specific split ratios for Cloze-style multiple-choice QA
2026-02-01 18:25:40,874 - src.evaluation.indicglue_evaluator - INFO -   Train: 80.0%, Val: 10.0%, Test: 10.0%, Seed: 42
2026-02-01 18:25:40,874 - src.evaluation.indicglue_evaluator - INFO - Loading complete dataset for Cloze-style multiple-choice QA (all available splits)...
2026-02-01 18:25:40,874 - src.evaluation.indicglue_evaluator - INFO - Attempting to load Cloze-style multiple-choice QA from ai4bharat/indic_glue with config 'csqa.hi' (split=train)
2026-02-01 18:25:42,507 - filelock - DEBUG - Attempting to acquire lock 139647193647664 on /dss/dsshome1/00/ge95xod2/.cache/huggingface/datasets/_dss_dsshome1_00_ge95xod2_.cache_huggingface_datasets_ai4bharat___indic_glue_csqa.hi_0.0.0_6dcbebd49d6b12965d433bffcd07e9a786211703.lock
2026-02-01 18:25:42,511 - filelock - DEBUG - Lock 139647193647664 acquired on /dss/dsshome1/00/ge95xod2/.cache/huggingface/datasets/_dss_dsshome1_00_ge95xod2_.cache_huggingface_datasets_ai4bharat___indic_glue_csqa.hi_0.0.0_6dcbebd49d6b12965d433bffcd07e9a786211703.lock
2026-02-01 18:25:42,517 - fsspec.local - DEBUG - open file: /dss/dsshome1/00/ge95xod2/.cache/huggingface/datasets/ai4bharat___indic_glue/csqa.hi/0.0.0/6dcbebd49d6b12965d433bffcd07e9a786211703/dataset_info.json
2026-02-01 18:25:42,518 - filelock - DEBUG - Attempting to release lock 139647193647664 on /dss/dsshome1/00/ge95xod2/.cache/huggingface/datasets/_dss_dsshome1_00_ge95xod2_.cache_huggingface_datasets_ai4bharat___indic_glue_csqa.hi_0.0.0_6dcbebd49d6b12965d433bffcd07e9a786211703.lock
2026-02-01 18:25:42,518 - filelock - DEBUG - Lock 139647193647664 released on /dss/dsshome1/00/ge95xod2/.cache/huggingface/datasets/_dss_dsshome1_00_ge95xod2_.cache_huggingface_datasets_ai4bharat___indic_glue_csqa.hi_0.0.0_6dcbebd49d6b12965d433bffcd07e9a786211703.lock
2026-02-01 18:25:42,520 - filelock - DEBUG - Attempting to acquire lock 139647171208624 on /dss/dsshome1/00/ge95xod2/.cache/huggingface/datasets/ai4bharat___indic_glue/csqa.hi/0.0.0/6dcbebd49d6b12965d433bffcd07e9a786211703_builder.lock
2026-02-01 18:25:42,523 - filelock - DEBUG - Lock 139647171208624 acquired on /dss/dsshome1/00/ge95xod2/.cache/huggingface/datasets/ai4bharat___indic_glue/csqa.hi/0.0.0/6dcbebd49d6b12965d433bffcd07e9a786211703_builder.lock
2026-02-01 18:25:42,523 - fsspec.local - DEBUG - open file: /dss/dsshome1/00/ge95xod2/.cache/huggingface/datasets/ai4bharat___indic_glue/csqa.hi/0.0.0/6dcbebd49d6b12965d433bffcd07e9a786211703/dataset_info.json
2026-02-01 18:25:42,524 - filelock - DEBUG - Attempting to release lock 139647171208624 on /dss/dsshome1/00/ge95xod2/.cache/huggingface/datasets/ai4bharat___indic_glue/csqa.hi/0.0.0/6dcbebd49d6b12965d433bffcd07e9a786211703_builder.lock
2026-02-01 18:25:42,524 - filelock - DEBUG - Lock 139647171208624 released on /dss/dsshome1/00/ge95xod2/.cache/huggingface/datasets/ai4bharat___indic_glue/csqa.hi/0.0.0/6dcbebd49d6b12965d433bffcd07e9a786211703_builder.lock
2026-02-01 18:25:42,524 - src.evaluation.indicglue_evaluator - DEBUG - Failed to load Cloze-style multiple-choice QA train split from HuggingFace: Unknown split "train". Should be one of ['test'].
2026-02-01 18:25:42,524 - src.evaluation.indicglue_evaluator - INFO - Attempting to load Cloze-style multiple-choice QA from ai4bharat/indic_glue with config 'csqa.hi' (split=validation)
2026-02-01 18:25:43,501 - filelock - DEBUG - Attempting to acquire lock 139647194269296 on /dss/dsshome1/00/ge95xod2/.cache/huggingface/datasets/_dss_dsshome1_00_ge95xod2_.cache_huggingface_datasets_ai4bharat___indic_glue_csqa.hi_0.0.0_6dcbebd49d6b12965d433bffcd07e9a786211703.lock
2026-02-01 18:25:43,502 - filelock - DEBUG - Lock 139647194269296 acquired on /dss/dsshome1/00/ge95xod2/.cache/huggingface/datasets/_dss_dsshome1_00_ge95xod2_.cache_huggingface_datasets_ai4bharat___indic_glue_csqa.hi_0.0.0_6dcbebd49d6b12965d433bffcd07e9a786211703.lock
2026-02-01 18:25:43,503 - fsspec.local - DEBUG - open file: /dss/dsshome1/00/ge95xod2/.cache/huggingface/datasets/ai4bharat___indic_glue/csqa.hi/0.0.0/6dcbebd49d6b12965d433bffcd07e9a786211703/dataset_info.json
2026-02-01 18:25:43,503 - filelock - DEBUG - Attempting to release lock 139647194269296 on /dss/dsshome1/00/ge95xod2/.cache/huggingface/datasets/_dss_dsshome1_00_ge95xod2_.cache_huggingface_datasets_ai4bharat___indic_glue_csqa.hi_0.0.0_6dcbebd49d6b12965d433bffcd07e9a786211703.lock
2026-02-01 18:25:43,504 - filelock - DEBUG - Lock 139647194269296 released on /dss/dsshome1/00/ge95xod2/.cache/huggingface/datasets/_dss_dsshome1_00_ge95xod2_.cache_huggingface_datasets_ai4bharat___indic_glue_csqa.hi_0.0.0_6dcbebd49d6b12965d433bffcd07e9a786211703.lock
2026-02-01 18:25:43,505 - filelock - DEBUG - Attempting to acquire lock 139647886865744 on /dss/dsshome1/00/ge95xod2/.cache/huggingface/datasets/ai4bharat___indic_glue/csqa.hi/0.0.0/6dcbebd49d6b12965d433bffcd07e9a786211703_builder.lock
2026-02-01 18:25:43,506 - filelock - DEBUG - Lock 139647886865744 acquired on /dss/dsshome1/00/ge95xod2/.cache/huggingface/datasets/ai4bharat___indic_glue/csqa.hi/0.0.0/6dcbebd49d6b12965d433bffcd07e9a786211703_builder.lock
2026-02-01 18:25:43,506 - fsspec.local - DEBUG - open file: /dss/dsshome1/00/ge95xod2/.cache/huggingface/datasets/ai4bharat___indic_glue/csqa.hi/0.0.0/6dcbebd49d6b12965d433bffcd07e9a786211703/dataset_info.json
2026-02-01 18:25:43,507 - filelock - DEBUG - Attempting to release lock 139647886865744 on /dss/dsshome1/00/ge95xod2/.cache/huggingface/datasets/ai4bharat___indic_glue/csqa.hi/0.0.0/6dcbebd49d6b12965d433bffcd07e9a786211703_builder.lock
2026-02-01 18:25:43,507 - filelock - DEBUG - Lock 139647886865744 released on /dss/dsshome1/00/ge95xod2/.cache/huggingface/datasets/ai4bharat___indic_glue/csqa.hi/0.0.0/6dcbebd49d6b12965d433bffcd07e9a786211703_builder.lock
2026-02-01 18:25:43,507 - src.evaluation.indicglue_evaluator - DEBUG - Failed to load Cloze-style multiple-choice QA validation split from HuggingFace: Unknown split "validation". Should be one of ['test'].
2026-02-01 18:25:43,507 - src.evaluation.indicglue_evaluator - INFO - Attempting to load Cloze-style multiple-choice QA from ai4bharat/indic_glue with config 'csqa.hi' (split=test)
2026-02-01 18:25:44,464 - filelock - DEBUG - Attempting to acquire lock 139647171208528 on /dss/dsshome1/00/ge95xod2/.cache/huggingface/datasets/_dss_dsshome1_00_ge95xod2_.cache_huggingface_datasets_ai4bharat___indic_glue_csqa.hi_0.0.0_6dcbebd49d6b12965d433bffcd07e9a786211703.lock
2026-02-01 18:25:44,464 - filelock - DEBUG - Lock 139647171208528 acquired on /dss/dsshome1/00/ge95xod2/.cache/huggingface/datasets/_dss_dsshome1_00_ge95xod2_.cache_huggingface_datasets_ai4bharat___indic_glue_csqa.hi_0.0.0_6dcbebd49d6b12965d433bffcd07e9a786211703.lock
2026-02-01 18:25:44,465 - fsspec.local - DEBUG - open file: /dss/dsshome1/00/ge95xod2/.cache/huggingface/datasets/ai4bharat___indic_glue/csqa.hi/0.0.0/6dcbebd49d6b12965d433bffcd07e9a786211703/dataset_info.json
2026-02-01 18:25:44,465 - filelock - DEBUG - Attempting to release lock 139647171208528 on /dss/dsshome1/00/ge95xod2/.cache/huggingface/datasets/_dss_dsshome1_00_ge95xod2_.cache_huggingface_datasets_ai4bharat___indic_glue_csqa.hi_0.0.0_6dcbebd49d6b12965d433bffcd07e9a786211703.lock
2026-02-01 18:25:44,466 - filelock - DEBUG - Lock 139647171208528 released on /dss/dsshome1/00/ge95xod2/.cache/huggingface/datasets/_dss_dsshome1_00_ge95xod2_.cache_huggingface_datasets_ai4bharat___indic_glue_csqa.hi_0.0.0_6dcbebd49d6b12965d433bffcd07e9a786211703.lock
2026-02-01 18:25:44,467 - filelock - DEBUG - Attempting to acquire lock 139647886562208 on /dss/dsshome1/00/ge95xod2/.cache/huggingface/datasets/ai4bharat___indic_glue/csqa.hi/0.0.0/6dcbebd49d6b12965d433bffcd07e9a786211703_builder.lock
2026-02-01 18:25:44,468 - filelock - DEBUG - Lock 139647886562208 acquired on /dss/dsshome1/00/ge95xod2/.cache/huggingface/datasets/ai4bharat___indic_glue/csqa.hi/0.0.0/6dcbebd49d6b12965d433bffcd07e9a786211703_builder.lock
2026-02-01 18:25:44,468 - fsspec.local - DEBUG - open file: /dss/dsshome1/00/ge95xod2/.cache/huggingface/datasets/ai4bharat___indic_glue/csqa.hi/0.0.0/6dcbebd49d6b12965d433bffcd07e9a786211703/dataset_info.json
2026-02-01 18:25:44,469 - filelock - DEBUG - Attempting to release lock 139647886562208 on /dss/dsshome1/00/ge95xod2/.cache/huggingface/datasets/ai4bharat___indic_glue/csqa.hi/0.0.0/6dcbebd49d6b12965d433bffcd07e9a786211703_builder.lock
2026-02-01 18:25:44,469 - filelock - DEBUG - Lock 139647886562208 released on /dss/dsshome1/00/ge95xod2/.cache/huggingface/datasets/ai4bharat___indic_glue/csqa.hi/0.0.0/6dcbebd49d6b12965d433bffcd07e9a786211703_builder.lock
2026-02-01 18:25:44,692 - src.evaluation.indicglue_evaluator - INFO - Successfully loaded Cloze-style multiple-choice QA test split with 35140 examples
2026-02-01 18:25:44,693 - src.evaluation.indicglue_evaluator - INFO -   Loaded test: 35140 examples
2026-02-01 18:25:44,693 - src.evaluation.indicglue_evaluator - INFO -   Combined dataset: 35140 total examples from [test(35140)]
2026-02-01 18:25:44,787 - src.evaluation.indicglue_evaluator - INFO - Custom splits created for Cloze-style multiple-choice QA:
2026-02-01 18:25:44,788 - src.evaluation.indicglue_evaluator - INFO -   Train:      28112 examples (80.0%)
2026-02-01 18:25:44,788 - src.evaluation.indicglue_evaluator - INFO -   Validation:  3514 examples (10.0%)
2026-02-01 18:25:44,788 - src.evaluation.indicglue_evaluator - INFO -   Test:        3514 examples (10.0%)
2026-02-01 18:25:44,788 - src.evaluation.indicglue_evaluator - INFO -   Total:      35140 examples
2026-02-01 18:25:44,788 - src.evaluation.indicglue_evaluator - INFO - Fine-tuning on Cloze-style multiple-choice QA...
2026-02-01 18:25:44,788 - src.evaluation.indicglue.fine_tuning_manager - INFO - Starting fine-tuning for Cloze-style multiple-choice QA
2026-02-01 18:25:44,788 - src.evaluation.indicglue.fine_tuning_manager - INFO - Train samples: 28112, Val samples: 3514
2026-02-01 18:25:44,788 - src.evaluation.indicglue_evaluator - INFO - Creating custom MultipleChoiceWrapper for 'Cloze-style multiple-choice QA' with 4 choices
2026-02-01 18:25:44,788 - src.evaluation.indicglue_evaluator - INFO - Auto-detected GPT-like model (HindiGPTModel), using 'last' token pooling
2026-02-01 18:25:44,789 - src.evaluation.indicglue_evaluator - INFO - MultipleChoiceWrapper initialized: num_choices=4, hidden_size=768, pooling=last, dropout=0.15, weight_std=0.0508, bias=0.10
2026-02-01 18:25:44,791 - src.evaluation.indicglue.fine_tuning_manager - INFO - Starting training loop for Cloze-style multiple-choice QA
2026-02-01 18:25:44,792 - src.evaluation.indicglue.fine_tuning_manager - INFO - Model parameters: 98,032,897 total, 98,032,897 trainable (100.0%)
2026-02-01 18:25:44,792 - src.evaluation.indicglue.fine_tuning_manager - INFO - ✓ End-to-end training mode (all parameters trainable)
2026-02-01 18:25:44,793 - src.evaluation.indicglue.fine_tuning_manager - INFO - Optimizer: AdamW with 76 params with decay, 74 without decay
2026-02-01 18:25:44,793 - src.evaluation.indicglue.fine_tuning_manager - INFO - Scheduler created: Linear schedule with 878 warmup steps (total 17570 steps)
2026-02-01 18:25:44,793 - src.evaluation.indicglue.fine_tuning_manager - INFO - Training config: total_steps=17570, warmup_steps=878 (5.0%)
2026-02-01 18:40:56,510 - src.evaluation.indicglue.fine_tuning_manager - INFO - Epoch 1/10: train_loss=1.7281, val_acc=0.2100, val_loss=1.5822
2026-02-01 18:40:56,629 - src.evaluation.indicglue.fine_tuning_manager - INFO -   → New best validation accuracy: 0.2100 (improvement: 0.2100)
2026-02-01 18:56:08,646 - src.evaluation.indicglue.fine_tuning_manager - INFO - Epoch 2/10: train_loss=1.5670, val_acc=0.3199, val_loss=1.3663
2026-02-01 18:56:09,106 - src.evaluation.indicglue.fine_tuning_manager - INFO -   → New best validation accuracy: 0.3199 (improvement: 0.1098)
2026-02-01 19:11:20,735 - src.evaluation.indicglue.fine_tuning_manager - INFO - Epoch 3/10: train_loss=1.4895, val_acc=0.3324, val_loss=1.3382
2026-02-01 19:11:21,201 - src.evaluation.indicglue.fine_tuning_manager - INFO -   → New best validation accuracy: 0.3324 (improvement: 0.0125)
2026-02-01 19:26:32,792 - src.evaluation.indicglue.fine_tuning_manager - INFO - Epoch 4/10: train_loss=1.4514, val_acc=0.3466, val_loss=1.3238
2026-02-01 19:26:33,268 - src.evaluation.indicglue.fine_tuning_manager - INFO -   → New best validation accuracy: 0.3466 (improvement: 0.0142)
2026-02-01 19:41:44,855 - src.evaluation.indicglue.fine_tuning_manager - INFO - Epoch 5/10: train_loss=1.4128, val_acc=0.3552, val_loss=1.3137
2026-02-01 19:41:45,315 - src.evaluation.indicglue.fine_tuning_manager - INFO -   → New best validation accuracy: 0.3552 (improvement: 0.0085)
2026-02-01 19:56:56,947 - src.evaluation.indicglue.fine_tuning_manager - INFO - Epoch 6/10: train_loss=1.3798, val_acc=0.3719, val_loss=1.3058
2026-02-01 19:56:57,420 - src.evaluation.indicglue.fine_tuning_manager - INFO -   → New best validation accuracy: 0.3719 (improvement: 0.0168)
2026-02-01 20:12:08,991 - src.evaluation.indicglue.fine_tuning_manager - INFO - Epoch 7/10: train_loss=1.3486, val_acc=0.3722, val_loss=1.2986
2026-02-01 20:12:08,991 - src.evaluation.indicglue.fine_tuning_manager - INFO -   → No significant improvement (improvement: 0.0003 < min_delta: 0.0010, patience: 1/5)
2026-02-01 20:27:20,630 - src.evaluation.indicglue.fine_tuning_manager - INFO - Epoch 8/10: train_loss=1.3202, val_acc=0.3691, val_loss=1.2939
2026-02-01 20:27:20,631 - src.evaluation.indicglue.fine_tuning_manager - INFO -   → No improvement (patience: 2/5)
2026-02-01 20:42:32,059 - src.evaluation.indicglue.fine_tuning_manager - INFO - Epoch 9/10: train_loss=1.2917, val_acc=0.3910, val_loss=1.2825
2026-02-01 20:42:32,537 - src.evaluation.indicglue.fine_tuning_manager - INFO -   → New best validation accuracy: 0.3910 (improvement: 0.0191)
2026-02-01 20:57:43,996 - src.evaluation.indicglue.fine_tuning_manager - INFO - Epoch 10/10: train_loss=1.2689, val_acc=0.3890, val_loss=1.2819
2026-02-01 20:57:43,998 - src.evaluation.indicglue.fine_tuning_manager - INFO -   → No improvement (patience: 1/5)
2026-02-01 20:57:44,179 - src.evaluation.indicglue.fine_tuning_manager - INFO - Restored best model from epoch 9 with val_acc=0.3910
2026-02-01 20:57:44,751 - src.evaluation.indicglue.fine_tuning_manager - DEBUG - CUDA memory cleanup completed successfully
2026-02-01 20:57:44,751 - src.evaluation.indicglue.fine_tuning_manager - DEBUG - Cleaned up optimizer, scheduler, and GPU memory after fine-tuning
2026-02-01 20:57:44,751 - src.evaluation.indicglue_evaluator - INFO - Evaluation mode switched to: fine-tuned (will use classification heads for all tasks)
2026-02-01 20:57:44,752 - src.evaluation.indicglue_evaluator - INFO - Evaluating fine-tuned model on test set...
2026-02-01 20:57:44,752 - src.evaluation.indicglue_evaluator - INFO - Evaluating on 3514 examples
2026-02-01 20:57:44,752 - src.evaluation.indicglue_evaluator - INFO - [ROUTING] Cloze-style multiple-choice QA: Fine-tuned MC task → Using classification head (matches official IndicBERT)
2026-02-01 20:57:44,752 - src.evaluation.indicglue_evaluator - INFO - Evaluating Cloze-style multiple-choice QA with MultipleChoiceWrapper on 3514 examples
2026-02-01 20:58:22,808 - src.evaluation.indicglue_evaluator - DEBUG - DataLoader cleanup completed
2026-02-01 20:58:46,851 - src.evaluation.evaluation_cache - INFO - Predictions cached: 88750067d956e850fe3736e8db2a2461097519c14ad196503a2e69d672c46d64
2026-02-01 20:58:46,851 - src.evaluation.evaluation_cache - DEBUG -   Samples: 2
2026-02-01 20:58:46,851 - src.evaluation.indicglue_evaluator - INFO - Saved predictions to cache for Cloze-style multiple-choice QA
2026-02-01 20:58:46,851 - src.evaluation.indicglue_evaluator - DEBUG - Cleared wrapped model cache for Cloze-style multiple-choice QA
2026-02-01 20:58:47,375 - src.evaluation.indicglue_evaluator - DEBUG - CUDA memory cleanup completed successfully
2026-02-01 20:58:47,379 - src.evaluation.indicglue_evaluator - INFO - Cloze-style multiple-choice QA Results:
2026-02-01 20:58:47,379 - src.evaluation.indicglue_evaluator - INFO -   num_examples: 3514.0000
2026-02-01 20:58:47,379 - src.evaluation.indicglue_evaluator - INFO -   accuracy: 0.3936
2026-02-01 20:58:47,379 - src.evaluation.indicglue_evaluator - INFO -   f1_macro: 0.3935
2026-02-01 20:58:47,379 - src.evaluation.indicglue_evaluator - INFO -   f1_weighted: 0.3935
2026-02-01 20:58:47,379 - src.evaluation.indicglue_evaluator - INFO -   precision_macro: 0.3934
2026-02-01 20:58:47,379 - src.evaluation.indicglue_evaluator - INFO -   recall_macro: 0.3937
2026-02-01 20:58:47,379 - src.evaluation.indicglue_evaluator - INFO -   fine_tuned: 1.0000
2026-02-01 20:58:47,380 - src.evaluation.indicglue_evaluator - INFO -   fine_tuning_time_seconds: 9119.9636
2026-02-01 20:58:47,762 - src.evaluation.indicglue_evaluator - DEBUG - CUDA memory cleanup completed successfully
2026-02-01 20:58:47,763 - src.evaluation.indicglue_evaluator - INFO - 
Evaluating WinogradNLI...
2026-02-01 20:58:47,763 - src.evaluation.indicglue_evaluator - WARNING - Skipping WinogradNLI: WNLI contains only entailment class for train and validation sets while the test set contains None
2026-02-01 20:58:47,763 - src.evaluation.indicglue_evaluator - DEBUG - Cleared wrapped model cache for WinogradNLI
2026-02-01 20:58:48,143 - src.evaluation.indicglue_evaluator - DEBUG - CUDA memory cleanup completed successfully
2026-02-01 20:58:48,144 - src.evaluation.indicglue_evaluator - INFO - WinogradNLI Results:
2026-02-01 20:58:48,525 - src.evaluation.indicglue_evaluator - DEBUG - CUDA memory cleanup completed successfully
2026-02-01 20:58:48,525 - src.evaluation.indicglue_evaluator - INFO - 
Evaluating Choice of Plausible Alternatives...
2026-02-01 20:58:48,525 - src.evaluation.evaluation_cache - DEBUG - Cache key includes model_type: gpt
2026-02-01 20:58:48,525 - src.evaluation.evaluation_cache - DEBUG - Cache key includes vocab_size: 16384
2026-02-01 20:58:48,525 - src.evaluation.evaluation_cache - DEBUG - Cache key includes tokenizer_type: bpe
2026-02-01 20:58:48,525 - src.evaluation.evaluation_cache - DEBUG - Generated cache key: c3ac3341598b64503fbcfbb3c7e4d3071c8e138166f9e90fa69c52459ae70d52
2026-02-01 20:58:48,525 - src.evaluation.evaluation_cache - DEBUG - Cache miss: c3ac3341598b64503fbcfbb3c7e4d3071c8e138166f9e90fa69c52459ae70d52
2026-02-01 20:58:48,526 - src.evaluation.indicglue_evaluator - INFO - ✗ Cache miss for Choice of Plausible Alternatives (fine-tuned mode)
2026-02-01 20:58:48,526 - src.evaluation.indicglue_evaluator - INFO -   Proceeding with fine-tuning and inference
2026-02-01 20:58:48,526 - src.evaluation.indicglue_evaluator - INFO - Fine-tuning mode enabled for Choice of Plausible Alternatives
2026-02-01 20:58:48,526 - src.evaluation.indicglue_evaluator - INFO - Using original HuggingFace splits for Choice of Plausible Alternatives
2026-02-01 20:58:48,526 - src.evaluation.indicglue_evaluator - INFO - Attempting to load Choice of Plausible Alternatives from ai4bharat/indic_glue with config 'copa.hi' (split=train)
2026-02-01 20:58:50,094 - filelock - DEBUG - Attempting to acquire lock 139647886719536 on /dss/dsshome1/00/ge95xod2/.cache/huggingface/datasets/_dss_dsshome1_00_ge95xod2_.cache_huggingface_datasets_ai4bharat___indic_glue_copa.hi_0.0.0_6dcbebd49d6b12965d433bffcd07e9a786211703.lock
2026-02-01 20:58:50,098 - filelock - DEBUG - Lock 139647886719536 acquired on /dss/dsshome1/00/ge95xod2/.cache/huggingface/datasets/_dss_dsshome1_00_ge95xod2_.cache_huggingface_datasets_ai4bharat___indic_glue_copa.hi_0.0.0_6dcbebd49d6b12965d433bffcd07e9a786211703.lock
2026-02-01 20:58:50,100 - fsspec.local - DEBUG - open file: /dss/dsshome1/00/ge95xod2/.cache/huggingface/datasets/ai4bharat___indic_glue/copa.hi/0.0.0/6dcbebd49d6b12965d433bffcd07e9a786211703/dataset_info.json
2026-02-01 20:58:50,101 - filelock - DEBUG - Attempting to release lock 139647886719536 on /dss/dsshome1/00/ge95xod2/.cache/huggingface/datasets/_dss_dsshome1_00_ge95xod2_.cache_huggingface_datasets_ai4bharat___indic_glue_copa.hi_0.0.0_6dcbebd49d6b12965d433bffcd07e9a786211703.lock
2026-02-01 20:58:50,101 - filelock - DEBUG - Lock 139647886719536 released on /dss/dsshome1/00/ge95xod2/.cache/huggingface/datasets/_dss_dsshome1_00_ge95xod2_.cache_huggingface_datasets_ai4bharat___indic_glue_copa.hi_0.0.0_6dcbebd49d6b12965d433bffcd07e9a786211703.lock
2026-02-01 20:58:50,103 - filelock - DEBUG - Attempting to acquire lock 139647886331664 on /dss/dsshome1/00/ge95xod2/.cache/huggingface/datasets/ai4bharat___indic_glue/copa.hi/0.0.0/6dcbebd49d6b12965d433bffcd07e9a786211703_builder.lock
2026-02-01 20:58:50,106 - filelock - DEBUG - Lock 139647886331664 acquired on /dss/dsshome1/00/ge95xod2/.cache/huggingface/datasets/ai4bharat___indic_glue/copa.hi/0.0.0/6dcbebd49d6b12965d433bffcd07e9a786211703_builder.lock
2026-02-01 20:58:50,107 - fsspec.local - DEBUG - open file: /dss/dsshome1/00/ge95xod2/.cache/huggingface/datasets/ai4bharat___indic_glue/copa.hi/0.0.0/6dcbebd49d6b12965d433bffcd07e9a786211703/dataset_info.json
2026-02-01 20:58:50,107 - filelock - DEBUG - Attempting to release lock 139647886331664 on /dss/dsshome1/00/ge95xod2/.cache/huggingface/datasets/ai4bharat___indic_glue/copa.hi/0.0.0/6dcbebd49d6b12965d433bffcd07e9a786211703_builder.lock
2026-02-01 20:58:50,107 - filelock - DEBUG - Lock 139647886331664 released on /dss/dsshome1/00/ge95xod2/.cache/huggingface/datasets/ai4bharat___indic_glue/copa.hi/0.0.0/6dcbebd49d6b12965d433bffcd07e9a786211703_builder.lock
2026-02-01 20:58:50,131 - src.evaluation.indicglue_evaluator - INFO - Successfully loaded Choice of Plausible Alternatives train split with 362 examples
2026-02-01 20:58:50,131 - src.evaluation.indicglue_evaluator - INFO -   Loaded train: 362 examples
2026-02-01 20:58:50,132 - src.evaluation.indicglue_evaluator - INFO - Choice of Plausible Alternatives: Remapping split 'validation' → 'test' (working around corrupted dataset)
2026-02-01 20:58:50,132 - src.evaluation.indicglue_evaluator - INFO - Attempting to load Choice of Plausible Alternatives from ai4bharat/indic_glue with config 'copa.hi' (split=test)
2026-02-01 20:58:51,082 - filelock - DEBUG - Attempting to acquire lock 139647195676240 on /dss/dsshome1/00/ge95xod2/.cache/huggingface/datasets/_dss_dsshome1_00_ge95xod2_.cache_huggingface_datasets_ai4bharat___indic_glue_copa.hi_0.0.0_6dcbebd49d6b12965d433bffcd07e9a786211703.lock
2026-02-01 20:58:51,083 - filelock - DEBUG - Lock 139647195676240 acquired on /dss/dsshome1/00/ge95xod2/.cache/huggingface/datasets/_dss_dsshome1_00_ge95xod2_.cache_huggingface_datasets_ai4bharat___indic_glue_copa.hi_0.0.0_6dcbebd49d6b12965d433bffcd07e9a786211703.lock
2026-02-01 20:58:51,083 - fsspec.local - DEBUG - open file: /dss/dsshome1/00/ge95xod2/.cache/huggingface/datasets/ai4bharat___indic_glue/copa.hi/0.0.0/6dcbebd49d6b12965d433bffcd07e9a786211703/dataset_info.json
2026-02-01 20:58:51,084 - filelock - DEBUG - Attempting to release lock 139647195676240 on /dss/dsshome1/00/ge95xod2/.cache/huggingface/datasets/_dss_dsshome1_00_ge95xod2_.cache_huggingface_datasets_ai4bharat___indic_glue_copa.hi_0.0.0_6dcbebd49d6b12965d433bffcd07e9a786211703.lock
2026-02-01 20:58:51,084 - filelock - DEBUG - Lock 139647195676240 released on /dss/dsshome1/00/ge95xod2/.cache/huggingface/datasets/_dss_dsshome1_00_ge95xod2_.cache_huggingface_datasets_ai4bharat___indic_glue_copa.hi_0.0.0_6dcbebd49d6b12965d433bffcd07e9a786211703.lock
2026-02-01 20:58:51,086 - filelock - DEBUG - Attempting to acquire lock 139647314666400 on /dss/dsshome1/00/ge95xod2/.cache/huggingface/datasets/ai4bharat___indic_glue/copa.hi/0.0.0/6dcbebd49d6b12965d433bffcd07e9a786211703_builder.lock
2026-02-01 20:58:51,087 - filelock - DEBUG - Lock 139647314666400 acquired on /dss/dsshome1/00/ge95xod2/.cache/huggingface/datasets/ai4bharat___indic_glue/copa.hi/0.0.0/6dcbebd49d6b12965d433bffcd07e9a786211703_builder.lock
2026-02-01 20:58:51,087 - fsspec.local - DEBUG - open file: /dss/dsshome1/00/ge95xod2/.cache/huggingface/datasets/ai4bharat___indic_glue/copa.hi/0.0.0/6dcbebd49d6b12965d433bffcd07e9a786211703/dataset_info.json
2026-02-01 20:58:51,087 - filelock - DEBUG - Attempting to release lock 139647314666400 on /dss/dsshome1/00/ge95xod2/.cache/huggingface/datasets/ai4bharat___indic_glue/copa.hi/0.0.0/6dcbebd49d6b12965d433bffcd07e9a786211703_builder.lock
2026-02-01 20:58:51,087 - filelock - DEBUG - Lock 139647314666400 released on /dss/dsshome1/00/ge95xod2/.cache/huggingface/datasets/ai4bharat___indic_glue/copa.hi/0.0.0/6dcbebd49d6b12965d433bffcd07e9a786211703_builder.lock
2026-02-01 20:58:51,104 - src.evaluation.indicglue_evaluator - INFO - Successfully loaded Choice of Plausible Alternatives test split with 449 examples
2026-02-01 20:58:51,104 - src.evaluation.indicglue_evaluator - INFO -   Loaded validation: 449 examples
2026-02-01 20:58:51,104 - src.evaluation.indicglue_evaluator - INFO - Choice of Plausible Alternatives: Remapping split 'test' → 'validation' (working around corrupted dataset)
2026-02-01 20:58:51,104 - src.evaluation.indicglue_evaluator - INFO - Attempting to load Choice of Plausible Alternatives from ai4bharat/indic_glue with config 'copa.hi' (split=validation)
2026-02-01 20:58:52,067 - filelock - DEBUG - Attempting to acquire lock 139647193427008 on /dss/dsshome1/00/ge95xod2/.cache/huggingface/datasets/_dss_dsshome1_00_ge95xod2_.cache_huggingface_datasets_ai4bharat___indic_glue_copa.hi_0.0.0_6dcbebd49d6b12965d433bffcd07e9a786211703.lock
2026-02-01 20:58:52,068 - filelock - DEBUG - Lock 139647193427008 acquired on /dss/dsshome1/00/ge95xod2/.cache/huggingface/datasets/_dss_dsshome1_00_ge95xod2_.cache_huggingface_datasets_ai4bharat___indic_glue_copa.hi_0.0.0_6dcbebd49d6b12965d433bffcd07e9a786211703.lock
2026-02-01 20:58:52,069 - fsspec.local - DEBUG - open file: /dss/dsshome1/00/ge95xod2/.cache/huggingface/datasets/ai4bharat___indic_glue/copa.hi/0.0.0/6dcbebd49d6b12965d433bffcd07e9a786211703/dataset_info.json
2026-02-01 20:58:52,069 - filelock - DEBUG - Attempting to release lock 139647193427008 on /dss/dsshome1/00/ge95xod2/.cache/huggingface/datasets/_dss_dsshome1_00_ge95xod2_.cache_huggingface_datasets_ai4bharat___indic_glue_copa.hi_0.0.0_6dcbebd49d6b12965d433bffcd07e9a786211703.lock
2026-02-01 20:58:52,069 - filelock - DEBUG - Lock 139647193427008 released on /dss/dsshome1/00/ge95xod2/.cache/huggingface/datasets/_dss_dsshome1_00_ge95xod2_.cache_huggingface_datasets_ai4bharat___indic_glue_copa.hi_0.0.0_6dcbebd49d6b12965d433bffcd07e9a786211703.lock
2026-02-01 20:58:52,071 - filelock - DEBUG - Attempting to acquire lock 139647314409504 on /dss/dsshome1/00/ge95xod2/.cache/huggingface/datasets/ai4bharat___indic_glue/copa.hi/0.0.0/6dcbebd49d6b12965d433bffcd07e9a786211703_builder.lock
2026-02-01 20:58:52,072 - filelock - DEBUG - Lock 139647314409504 acquired on /dss/dsshome1/00/ge95xod2/.cache/huggingface/datasets/ai4bharat___indic_glue/copa.hi/0.0.0/6dcbebd49d6b12965d433bffcd07e9a786211703_builder.lock
2026-02-01 20:58:52,072 - fsspec.local - DEBUG - open file: /dss/dsshome1/00/ge95xod2/.cache/huggingface/datasets/ai4bharat___indic_glue/copa.hi/0.0.0/6dcbebd49d6b12965d433bffcd07e9a786211703/dataset_info.json
2026-02-01 20:58:52,072 - filelock - DEBUG - Attempting to release lock 139647314409504 on /dss/dsshome1/00/ge95xod2/.cache/huggingface/datasets/ai4bharat___indic_glue/copa.hi/0.0.0/6dcbebd49d6b12965d433bffcd07e9a786211703_builder.lock
2026-02-01 20:58:52,073 - filelock - DEBUG - Lock 139647314409504 released on /dss/dsshome1/00/ge95xod2/.cache/huggingface/datasets/ai4bharat___indic_glue/copa.hi/0.0.0/6dcbebd49d6b12965d433bffcd07e9a786211703_builder.lock
2026-02-01 20:58:52,106 - src.evaluation.indicglue_evaluator - INFO - Successfully loaded Choice of Plausible Alternatives validation split with 88 examples
2026-02-01 20:58:52,106 - src.evaluation.indicglue_evaluator - INFO -   Loaded test: 88 examples
2026-02-01 20:58:52,106 - src.evaluation.indicglue_evaluator - INFO - Fine-tuning on Choice of Plausible Alternatives...
2026-02-01 20:58:52,106 - src.evaluation.indicglue.fine_tuning_manager - INFO - Starting fine-tuning for Choice of Plausible Alternatives
2026-02-01 20:58:52,107 - src.evaluation.indicglue.fine_tuning_manager - INFO - Train samples: 362, Val samples: 449
2026-02-01 20:58:52,107 - src.evaluation.indicglue_evaluator - INFO - Creating custom MultipleChoiceWrapper for 'Choice of Plausible Alternatives' with 2 choices
2026-02-01 20:58:52,107 - src.evaluation.indicglue_evaluator - INFO - Auto-detected GPT-like model (HindiGPTModel), using 'last' token pooling
2026-02-01 20:58:52,108 - src.evaluation.indicglue_evaluator - INFO - MultipleChoiceWrapper initialized: num_choices=2, hidden_size=768, pooling=last, dropout=0.15, weight_std=0.0512, bias=0.10
2026-02-01 20:58:52,111 - src.evaluation.indicglue.fine_tuning_manager - INFO - Starting training loop for Choice of Plausible Alternatives
2026-02-01 20:58:52,112 - src.evaluation.indicglue.fine_tuning_manager - INFO - Model parameters: 98,032,897 total, 98,032,897 trainable (100.0%)
2026-02-01 20:58:52,112 - src.evaluation.indicglue.fine_tuning_manager - INFO - ✓ End-to-end training mode (all parameters trainable)
2026-02-01 20:58:52,114 - src.evaluation.indicglue.fine_tuning_manager - INFO - Optimizer: AdamW with 76 params with decay, 74 without decay
2026-02-01 20:58:52,114 - src.evaluation.indicglue.fine_tuning_manager - INFO - Scheduler created: Linear schedule with 11 warmup steps (total 230 steps)
2026-02-01 20:58:52,114 - src.evaluation.indicglue.fine_tuning_manager - INFO - Training config: total_steps=230, warmup_steps=11 (5.0%)
2026-02-01 20:59:00,175 - src.evaluation.indicglue.fine_tuning_manager - INFO - Epoch 1/10: train_loss=0.8351, val_acc=0.5212, val_loss=0.7014
2026-02-01 20:59:00,321 - src.evaluation.indicglue.fine_tuning_manager - INFO -   → New best validation accuracy: 0.5212 (improvement: 0.5212)
2026-02-01 20:59:08,364 - src.evaluation.indicglue.fine_tuning_manager - INFO - Epoch 2/10: train_loss=0.7963, val_acc=0.4677, val_loss=0.7039
2026-02-01 20:59:08,364 - src.evaluation.indicglue.fine_tuning_manager - INFO -   → No improvement (patience: 1/5)
2026-02-01 20:59:16,407 - src.evaluation.indicglue.fine_tuning_manager - INFO - Epoch 3/10: train_loss=0.6843, val_acc=0.4766, val_loss=0.7389
2026-02-01 20:59:16,408 - src.evaluation.indicglue.fine_tuning_manager - INFO -   → No improvement (patience: 2/5)
2026-02-01 20:59:24,452 - src.evaluation.indicglue.fine_tuning_manager - INFO - Epoch 4/10: train_loss=0.5511, val_acc=0.4699, val_loss=0.9571
2026-02-01 20:59:24,453 - src.evaluation.indicglue.fine_tuning_manager - INFO -   → No improvement (patience: 3/5)
2026-02-01 20:59:32,497 - src.evaluation.indicglue.fine_tuning_manager - INFO - Epoch 5/10: train_loss=0.3467, val_acc=0.4588, val_loss=1.5904
2026-02-01 20:59:32,498 - src.evaluation.indicglue.fine_tuning_manager - INFO -   → No improvement (patience: 4/5)
2026-02-01 20:59:40,541 - src.evaluation.indicglue.fine_tuning_manager - INFO - Epoch 6/10: train_loss=0.2274, val_acc=0.4855, val_loss=1.6459
2026-02-01 20:59:40,542 - src.evaluation.indicglue.fine_tuning_manager - INFO -   → No improvement (patience: 5/5)
2026-02-01 20:59:40,542 - src.evaluation.indicglue.fine_tuning_manager - INFO - Early stopping triggered at epoch 6
2026-02-01 20:59:40,567 - src.evaluation.indicglue.fine_tuning_manager - INFO - Restored best model from epoch 1 with val_acc=0.5212
2026-02-01 20:59:41,130 - src.evaluation.indicglue.fine_tuning_manager - DEBUG - CUDA memory cleanup completed successfully
2026-02-01 20:59:41,130 - src.evaluation.indicglue.fine_tuning_manager - DEBUG - Cleaned up optimizer, scheduler, and GPU memory after fine-tuning
2026-02-01 20:59:41,130 - src.evaluation.indicglue_evaluator - INFO - Evaluation mode switched to: fine-tuned (will use classification heads for all tasks)
2026-02-01 20:59:41,130 - src.evaluation.indicglue_evaluator - INFO - Evaluating fine-tuned model on test set...
2026-02-01 20:59:41,130 - src.evaluation.indicglue_evaluator - INFO - Evaluating on 88 examples
2026-02-01 20:59:41,130 - src.evaluation.indicglue_evaluator - INFO - [ROUTING] Choice of Plausible Alternatives: Fine-tuned MC task → Using classification head (matches official IndicBERT)
2026-02-01 20:59:41,130 - src.evaluation.indicglue_evaluator - INFO - Evaluating Choice of Plausible Alternatives with MultipleChoiceWrapper on 88 examples
2026-02-01 20:59:41,632 - src.evaluation.indicglue_evaluator - DEBUG - DataLoader cleanup completed
2026-02-01 20:59:53,437 - src.evaluation.evaluation_cache - INFO - Predictions cached: c3ac3341598b64503fbcfbb3c7e4d3071c8e138166f9e90fa69c52459ae70d52
2026-02-01 20:59:53,437 - src.evaluation.evaluation_cache - DEBUG -   Samples: 2
2026-02-01 20:59:53,437 - src.evaluation.indicglue_evaluator - INFO - Saved predictions to cache for Choice of Plausible Alternatives
2026-02-01 20:59:53,437 - src.evaluation.indicglue_evaluator - DEBUG - Cleared wrapped model cache for Choice of Plausible Alternatives
2026-02-01 20:59:53,908 - src.evaluation.indicglue_evaluator - DEBUG - CUDA memory cleanup completed successfully
2026-02-01 20:59:53,908 - src.evaluation.indicglue_evaluator - INFO - Choice of Plausible Alternatives Results:
2026-02-01 20:59:53,908 - src.evaluation.indicglue_evaluator - INFO -   num_examples: 88.0000
2026-02-01 20:59:53,909 - src.evaluation.indicglue_evaluator - INFO -   accuracy: 0.4773
2026-02-01 20:59:53,909 - src.evaluation.indicglue_evaluator - INFO -   f1_macro: 0.4762
2026-02-01 20:59:53,909 - src.evaluation.indicglue_evaluator - INFO -   f1_weighted: 0.4794
2026-02-01 20:59:53,909 - src.evaluation.indicglue_evaluator - INFO -   precision_macro: 0.4803
2026-02-01 20:59:53,909 - src.evaluation.indicglue_evaluator - INFO -   recall_macro: 0.4800
2026-02-01 20:59:53,909 - src.evaluation.indicglue_evaluator - INFO -   fine_tuned: 1.0000
2026-02-01 20:59:53,909 - src.evaluation.indicglue_evaluator - INFO -   fine_tuning_time_seconds: 49.0238
2026-02-01 20:59:54,290 - src.evaluation.indicglue_evaluator - DEBUG - CUDA memory cleanup completed successfully
2026-02-01 20:59:54,291 - src.evaluation.indicglue_evaluator - INFO - 
Evaluating MovieReviewSentiment...
2026-02-01 20:59:54,291 - src.evaluation.evaluation_cache - DEBUG - Cache key includes model_type: gpt
2026-02-01 20:59:54,291 - src.evaluation.evaluation_cache - DEBUG - Cache key includes vocab_size: 16384
2026-02-01 20:59:54,291 - src.evaluation.evaluation_cache - DEBUG - Cache key includes tokenizer_type: bpe
2026-02-01 20:59:54,291 - src.evaluation.evaluation_cache - DEBUG - Generated cache key: 631b805d633ccbfb6ceaa4e0d6d8f59919340c27bd6f4801c19f2e40acc02b76
2026-02-01 20:59:54,291 - src.evaluation.evaluation_cache - DEBUG - Cache miss: 631b805d633ccbfb6ceaa4e0d6d8f59919340c27bd6f4801c19f2e40acc02b76
2026-02-01 20:59:54,291 - src.evaluation.indicglue_evaluator - INFO - ✗ Cache miss for MovieReviewSentiment (fine-tuned mode)
2026-02-01 20:59:54,291 - src.evaluation.indicglue_evaluator - INFO -   Proceeding with fine-tuning and inference
2026-02-01 20:59:54,291 - src.evaluation.indicglue_evaluator - INFO - Fine-tuning mode enabled for MovieReviewSentiment
2026-02-01 20:59:54,291 - src.evaluation.indicglue_evaluator - INFO - Using original HuggingFace splits for MovieReviewSentiment
2026-02-01 20:59:54,291 - src.evaluation.indicglue_evaluator - INFO - Attempting to load MovieReviewSentiment from ai4bharat/indic_glue with config 'iitp-mr.hi' (split=train)
2026-02-01 20:59:55,640 - filelock - DEBUG - Attempting to acquire lock 139647886616752 on /dss/dsshome1/00/ge95xod2/.cache/huggingface/datasets/_dss_dsshome1_00_ge95xod2_.cache_huggingface_datasets_ai4bharat___indic_glue_iitp-mr.hi_0.0.0_6dcbebd49d6b12965d433bffcd07e9a786211703.lock
2026-02-01 20:59:55,644 - filelock - DEBUG - Lock 139647886616752 acquired on /dss/dsshome1/00/ge95xod2/.cache/huggingface/datasets/_dss_dsshome1_00_ge95xod2_.cache_huggingface_datasets_ai4bharat___indic_glue_iitp-mr.hi_0.0.0_6dcbebd49d6b12965d433bffcd07e9a786211703.lock
2026-02-01 20:59:55,650 - fsspec.local - DEBUG - open file: /dss/dsshome1/00/ge95xod2/.cache/huggingface/datasets/ai4bharat___indic_glue/iitp-mr.hi/0.0.0/6dcbebd49d6b12965d433bffcd07e9a786211703/dataset_info.json
2026-02-01 20:59:55,651 - filelock - DEBUG - Attempting to release lock 139647886616752 on /dss/dsshome1/00/ge95xod2/.cache/huggingface/datasets/_dss_dsshome1_00_ge95xod2_.cache_huggingface_datasets_ai4bharat___indic_glue_iitp-mr.hi_0.0.0_6dcbebd49d6b12965d433bffcd07e9a786211703.lock
2026-02-01 20:59:55,651 - filelock - DEBUG - Lock 139647886616752 released on /dss/dsshome1/00/ge95xod2/.cache/huggingface/datasets/_dss_dsshome1_00_ge95xod2_.cache_huggingface_datasets_ai4bharat___indic_glue_iitp-mr.hi_0.0.0_6dcbebd49d6b12965d433bffcd07e9a786211703.lock
2026-02-01 20:59:55,653 - filelock - DEBUG - Attempting to acquire lock 139647314067808 on /dss/dsshome1/00/ge95xod2/.cache/huggingface/datasets/ai4bharat___indic_glue/iitp-mr.hi/0.0.0/6dcbebd49d6b12965d433bffcd07e9a786211703_builder.lock
2026-02-01 20:59:55,656 - filelock - DEBUG - Lock 139647314067808 acquired on /dss/dsshome1/00/ge95xod2/.cache/huggingface/datasets/ai4bharat___indic_glue/iitp-mr.hi/0.0.0/6dcbebd49d6b12965d433bffcd07e9a786211703_builder.lock
2026-02-01 20:59:55,656 - fsspec.local - DEBUG - open file: /dss/dsshome1/00/ge95xod2/.cache/huggingface/datasets/ai4bharat___indic_glue/iitp-mr.hi/0.0.0/6dcbebd49d6b12965d433bffcd07e9a786211703/dataset_info.json
2026-02-01 20:59:55,656 - filelock - DEBUG - Attempting to release lock 139647314067808 on /dss/dsshome1/00/ge95xod2/.cache/huggingface/datasets/ai4bharat___indic_glue/iitp-mr.hi/0.0.0/6dcbebd49d6b12965d433bffcd07e9a786211703_builder.lock
2026-02-01 20:59:55,656 - filelock - DEBUG - Lock 139647314067808 released on /dss/dsshome1/00/ge95xod2/.cache/huggingface/datasets/ai4bharat___indic_glue/iitp-mr.hi/0.0.0/6dcbebd49d6b12965d433bffcd07e9a786211703_builder.lock
2026-02-01 20:59:55,709 - src.evaluation.indicglue_evaluator - INFO - Successfully loaded MovieReviewSentiment train split with 2480 examples
2026-02-01 20:59:55,709 - src.evaluation.indicglue_evaluator - INFO -   Loaded train: 2480 examples
2026-02-01 20:59:55,709 - src.evaluation.indicglue_evaluator - INFO - Attempting to load MovieReviewSentiment from ai4bharat/indic_glue with config 'iitp-mr.hi' (split=validation)
2026-02-01 20:59:56,672 - filelock - DEBUG - Attempting to acquire lock 139647314068144 on /dss/dsshome1/00/ge95xod2/.cache/huggingface/datasets/_dss_dsshome1_00_ge95xod2_.cache_huggingface_datasets_ai4bharat___indic_glue_iitp-mr.hi_0.0.0_6dcbebd49d6b12965d433bffcd07e9a786211703.lock
2026-02-01 20:59:56,673 - filelock - DEBUG - Lock 139647314068144 acquired on /dss/dsshome1/00/ge95xod2/.cache/huggingface/datasets/_dss_dsshome1_00_ge95xod2_.cache_huggingface_datasets_ai4bharat___indic_glue_iitp-mr.hi_0.0.0_6dcbebd49d6b12965d433bffcd07e9a786211703.lock
2026-02-01 20:59:56,674 - fsspec.local - DEBUG - open file: /dss/dsshome1/00/ge95xod2/.cache/huggingface/datasets/ai4bharat___indic_glue/iitp-mr.hi/0.0.0/6dcbebd49d6b12965d433bffcd07e9a786211703/dataset_info.json
2026-02-01 20:59:56,674 - filelock - DEBUG - Attempting to release lock 139647314068144 on /dss/dsshome1/00/ge95xod2/.cache/huggingface/datasets/_dss_dsshome1_00_ge95xod2_.cache_huggingface_datasets_ai4bharat___indic_glue_iitp-mr.hi_0.0.0_6dcbebd49d6b12965d433bffcd07e9a786211703.lock
2026-02-01 20:59:56,674 - filelock - DEBUG - Lock 139647314068144 released on /dss/dsshome1/00/ge95xod2/.cache/huggingface/datasets/_dss_dsshome1_00_ge95xod2_.cache_huggingface_datasets_ai4bharat___indic_glue_iitp-mr.hi_0.0.0_6dcbebd49d6b12965d433bffcd07e9a786211703.lock
2026-02-01 20:59:56,676 - filelock - DEBUG - Attempting to acquire lock 139656547742240 on /dss/dsshome1/00/ge95xod2/.cache/huggingface/datasets/ai4bharat___indic_glue/iitp-mr.hi/0.0.0/6dcbebd49d6b12965d433bffcd07e9a786211703_builder.lock
2026-02-01 20:59:56,677 - filelock - DEBUG - Lock 139656547742240 acquired on /dss/dsshome1/00/ge95xod2/.cache/huggingface/datasets/ai4bharat___indic_glue/iitp-mr.hi/0.0.0/6dcbebd49d6b12965d433bffcd07e9a786211703_builder.lock
2026-02-01 20:59:56,677 - fsspec.local - DEBUG - open file: /dss/dsshome1/00/ge95xod2/.cache/huggingface/datasets/ai4bharat___indic_glue/iitp-mr.hi/0.0.0/6dcbebd49d6b12965d433bffcd07e9a786211703/dataset_info.json
2026-02-01 20:59:56,678 - filelock - DEBUG - Attempting to release lock 139656547742240 on /dss/dsshome1/00/ge95xod2/.cache/huggingface/datasets/ai4bharat___indic_glue/iitp-mr.hi/0.0.0/6dcbebd49d6b12965d433bffcd07e9a786211703_builder.lock
2026-02-01 20:59:56,678 - filelock - DEBUG - Lock 139656547742240 released on /dss/dsshome1/00/ge95xod2/.cache/huggingface/datasets/ai4bharat___indic_glue/iitp-mr.hi/0.0.0/6dcbebd49d6b12965d433bffcd07e9a786211703_builder.lock
2026-02-01 20:59:56,712 - src.evaluation.indicglue_evaluator - INFO - Successfully loaded MovieReviewSentiment validation split with 310 examples
2026-02-01 20:59:56,712 - src.evaluation.indicglue_evaluator - INFO -   Loaded validation: 310 examples
2026-02-01 20:59:56,712 - src.evaluation.indicglue_evaluator - INFO - Attempting to load MovieReviewSentiment from ai4bharat/indic_glue with config 'iitp-mr.hi' (split=test)
2026-02-01 20:59:57,664 - filelock - DEBUG - Attempting to acquire lock 139656547744400 on /dss/dsshome1/00/ge95xod2/.cache/huggingface/datasets/_dss_dsshome1_00_ge95xod2_.cache_huggingface_datasets_ai4bharat___indic_glue_iitp-mr.hi_0.0.0_6dcbebd49d6b12965d433bffcd07e9a786211703.lock
2026-02-01 20:59:57,665 - filelock - DEBUG - Lock 139656547744400 acquired on /dss/dsshome1/00/ge95xod2/.cache/huggingface/datasets/_dss_dsshome1_00_ge95xod2_.cache_huggingface_datasets_ai4bharat___indic_glue_iitp-mr.hi_0.0.0_6dcbebd49d6b12965d433bffcd07e9a786211703.lock
2026-02-01 20:59:57,666 - fsspec.local - DEBUG - open file: /dss/dsshome1/00/ge95xod2/.cache/huggingface/datasets/ai4bharat___indic_glue/iitp-mr.hi/0.0.0/6dcbebd49d6b12965d433bffcd07e9a786211703/dataset_info.json
2026-02-01 20:59:57,666 - filelock - DEBUG - Attempting to release lock 139656547744400 on /dss/dsshome1/00/ge95xod2/.cache/huggingface/datasets/_dss_dsshome1_00_ge95xod2_.cache_huggingface_datasets_ai4bharat___indic_glue_iitp-mr.hi_0.0.0_6dcbebd49d6b12965d433bffcd07e9a786211703.lock
2026-02-01 20:59:57,666 - filelock - DEBUG - Lock 139656547744400 released on /dss/dsshome1/00/ge95xod2/.cache/huggingface/datasets/_dss_dsshome1_00_ge95xod2_.cache_huggingface_datasets_ai4bharat___indic_glue_iitp-mr.hi_0.0.0_6dcbebd49d6b12965d433bffcd07e9a786211703.lock
2026-02-01 20:59:57,668 - filelock - DEBUG - Attempting to acquire lock 139647305328192 on /dss/dsshome1/00/ge95xod2/.cache/huggingface/datasets/ai4bharat___indic_glue/iitp-mr.hi/0.0.0/6dcbebd49d6b12965d433bffcd07e9a786211703_builder.lock
2026-02-01 20:59:57,669 - filelock - DEBUG - Lock 139647305328192 acquired on /dss/dsshome1/00/ge95xod2/.cache/huggingface/datasets/ai4bharat___indic_glue/iitp-mr.hi/0.0.0/6dcbebd49d6b12965d433bffcd07e9a786211703_builder.lock
2026-02-01 20:59:57,669 - fsspec.local - DEBUG - open file: /dss/dsshome1/00/ge95xod2/.cache/huggingface/datasets/ai4bharat___indic_glue/iitp-mr.hi/0.0.0/6dcbebd49d6b12965d433bffcd07e9a786211703/dataset_info.json
2026-02-01 20:59:57,669 - filelock - DEBUG - Attempting to release lock 139647305328192 on /dss/dsshome1/00/ge95xod2/.cache/huggingface/datasets/ai4bharat___indic_glue/iitp-mr.hi/0.0.0/6dcbebd49d6b12965d433bffcd07e9a786211703_builder.lock
2026-02-01 20:59:57,670 - filelock - DEBUG - Lock 139647305328192 released on /dss/dsshome1/00/ge95xod2/.cache/huggingface/datasets/ai4bharat___indic_glue/iitp-mr.hi/0.0.0/6dcbebd49d6b12965d433bffcd07e9a786211703_builder.lock
2026-02-01 20:59:57,702 - src.evaluation.indicglue_evaluator - INFO - Successfully loaded MovieReviewSentiment test split with 310 examples
2026-02-01 20:59:57,702 - src.evaluation.indicglue_evaluator - INFO -   Loaded test: 310 examples
2026-02-01 20:59:57,702 - src.evaluation.indicglue_evaluator - INFO - Fine-tuning on MovieReviewSentiment...
2026-02-01 20:59:57,702 - src.evaluation.indicglue.fine_tuning_manager - INFO - Starting fine-tuning for MovieReviewSentiment
2026-02-01 20:59:57,702 - src.evaluation.indicglue.fine_tuning_manager - INFO - Train samples: 2480, Val samples: 310
2026-02-01 20:59:57,703 - src.evaluation.indicglue_evaluator - INFO - Wrapping model for task 'MovieReviewSentiment' with 3 classes
2026-02-01 20:59:57,704 - src.models.classification_models - INFO - GPTForSequenceClassification initialized: num_classes=3, hidden_size=768, weight_std=0.0514, bias=0.10
2026-02-01 20:59:57,706 - src.evaluation.indicglue.fine_tuning_manager - INFO - Starting training loop for MovieReviewSentiment
2026-02-01 20:59:57,708 - src.evaluation.indicglue.fine_tuning_manager - INFO - Model parameters: 98,034,435 total, 98,034,435 trainable (100.0%)
2026-02-01 20:59:57,708 - src.evaluation.indicglue.fine_tuning_manager - INFO - ✓ End-to-end training mode (all parameters trainable)
2026-02-01 20:59:57,709 - src.evaluation.indicglue.fine_tuning_manager - INFO - Optimizer: AdamW with 76 params with decay, 74 without decay
2026-02-01 20:59:57,710 - src.evaluation.indicglue.fine_tuning_manager - INFO - Scheduler created: Linear schedule with 77 warmup steps (total 1550 steps)
2026-02-01 20:59:57,710 - src.evaluation.indicglue.fine_tuning_manager - INFO - Training config: total_steps=1550, warmup_steps=77 (5.0%)
2026-02-01 21:00:29,557 - src.evaluation.indicglue.fine_tuning_manager - INFO - Epoch 1/10: train_loss=1.5885, val_acc=0.3871, val_loss=1.5859
2026-02-01 21:00:29,690 - src.evaluation.indicglue.fine_tuning_manager - INFO -   → New best validation accuracy: 0.3871 (improvement: 0.3871)
2026-02-01 21:01:01,474 - src.evaluation.indicglue.fine_tuning_manager - INFO - Epoch 2/10: train_loss=1.3151, val_acc=0.4258, val_loss=1.0927
2026-02-01 21:01:01,869 - src.evaluation.indicglue.fine_tuning_manager - INFO -   → New best validation accuracy: 0.4258 (improvement: 0.0387)
2026-02-01 21:01:33,661 - src.evaluation.indicglue.fine_tuning_manager - INFO - Epoch 3/10: train_loss=1.1186, val_acc=0.4871, val_loss=1.0439
2026-02-01 21:01:34,164 - src.evaluation.indicglue.fine_tuning_manager - INFO -   → New best validation accuracy: 0.4871 (improvement: 0.0613)
2026-02-01 21:02:05,958 - src.evaluation.indicglue.fine_tuning_manager - INFO - Epoch 4/10: train_loss=0.9999, val_acc=0.4774, val_loss=1.0960
2026-02-01 21:02:05,959 - src.evaluation.indicglue.fine_tuning_manager - INFO -   → No improvement (patience: 1/5)
2026-02-01 21:02:37,757 - src.evaluation.indicglue.fine_tuning_manager - INFO - Epoch 5/10: train_loss=0.8595, val_acc=0.5065, val_loss=1.0288
2026-02-01 21:02:38,224 - src.evaluation.indicglue.fine_tuning_manager - INFO -   → New best validation accuracy: 0.5065 (improvement: 0.0194)
2026-02-01 21:03:10,015 - src.evaluation.indicglue.fine_tuning_manager - INFO - Epoch 6/10: train_loss=0.7073, val_acc=0.5161, val_loss=1.0909
2026-02-01 21:03:10,398 - src.evaluation.indicglue.fine_tuning_manager - INFO -   → New best validation accuracy: 0.5161 (improvement: 0.0097)
2026-02-01 21:03:42,184 - src.evaluation.indicglue.fine_tuning_manager - INFO - Epoch 7/10: train_loss=0.5477, val_acc=0.5226, val_loss=1.2583
2026-02-01 21:03:42,636 - src.evaluation.indicglue.fine_tuning_manager - INFO -   → New best validation accuracy: 0.5226 (improvement: 0.0065)
2026-02-01 21:04:14,423 - src.evaluation.indicglue.fine_tuning_manager - INFO - Epoch 8/10: train_loss=0.3612, val_acc=0.5258, val_loss=1.3878
2026-02-01 21:04:14,775 - src.evaluation.indicglue.fine_tuning_manager - INFO -   → New best validation accuracy: 0.5258 (improvement: 0.0032)
2026-02-01 21:04:46,575 - src.evaluation.indicglue.fine_tuning_manager - INFO - Epoch 9/10: train_loss=0.2726, val_acc=0.5355, val_loss=1.6718
2026-02-01 21:04:47,033 - src.evaluation.indicglue.fine_tuning_manager - INFO -   → New best validation accuracy: 0.5355 (improvement: 0.0097)
2026-02-01 21:05:18,824 - src.evaluation.indicglue.fine_tuning_manager - INFO - Epoch 10/10: train_loss=0.2228, val_acc=0.5097, val_loss=1.8625
2026-02-01 21:05:18,824 - src.evaluation.indicglue.fine_tuning_manager - INFO -   → No improvement (patience: 1/5)
2026-02-01 21:05:19,006 - src.evaluation.indicglue.fine_tuning_manager - INFO - Restored best model from epoch 9 with val_acc=0.5355
2026-02-01 21:05:19,547 - src.evaluation.indicglue.fine_tuning_manager - DEBUG - CUDA memory cleanup completed successfully
2026-02-01 21:05:19,547 - src.evaluation.indicglue.fine_tuning_manager - DEBUG - Cleaned up optimizer, scheduler, and GPU memory after fine-tuning
2026-02-01 21:05:19,547 - src.evaluation.indicglue_evaluator - INFO - Evaluation mode switched to: fine-tuned (will use classification heads for all tasks)
2026-02-01 21:05:19,547 - src.evaluation.indicglue_evaluator - INFO - Evaluating fine-tuned model on test set...
2026-02-01 21:05:19,547 - src.evaluation.indicglue_evaluator - INFO - Evaluating on 310 examples
2026-02-01 21:05:19,547 - src.evaluation.indicglue_evaluator - INFO - [ROUTING] MovieReviewSentiment: Classification/NLI task → Using classification head
2026-02-01 21:05:19,548 - src.evaluation.indicglue_evaluator - INFO - Evaluating MovieReviewSentiment on 310 examples
2026-02-01 21:05:21,389 - src.evaluation.indicglue_evaluator - DEBUG - DataLoader cleanup completed
2026-02-01 21:05:37,036 - src.evaluation.evaluation_cache - INFO - Predictions cached: 631b805d633ccbfb6ceaa4e0d6d8f59919340c27bd6f4801c19f2e40acc02b76
2026-02-01 21:05:37,036 - src.evaluation.evaluation_cache - DEBUG -   Samples: 2
2026-02-01 21:05:37,037 - src.evaluation.indicglue_evaluator - INFO - Saved predictions to cache for MovieReviewSentiment
2026-02-01 21:05:37,037 - src.evaluation.indicglue_evaluator - DEBUG - Cleared wrapped model cache for MovieReviewSentiment
2026-02-01 21:05:37,520 - src.evaluation.indicglue_evaluator - DEBUG - CUDA memory cleanup completed successfully
2026-02-01 21:05:37,522 - src.evaluation.indicglue_evaluator - INFO - MovieReviewSentiment Results:
2026-02-01 21:05:37,522 - src.evaluation.indicglue_evaluator - INFO -   num_examples: 310.0000
2026-02-01 21:05:37,522 - src.evaluation.indicglue_evaluator - INFO -   accuracy: 0.5581
2026-02-01 21:05:37,522 - src.evaluation.indicglue_evaluator - INFO -   f1_macro: 0.5276
2026-02-01 21:05:37,522 - src.evaluation.indicglue_evaluator - INFO -   f1_weighted: 0.5391
2026-02-01 21:05:37,522 - src.evaluation.indicglue_evaluator - INFO -   precision_macro: 0.5678
2026-02-01 21:05:37,522 - src.evaluation.indicglue_evaluator - INFO -   recall_macro: 0.5327
2026-02-01 21:05:37,522 - src.evaluation.indicglue_evaluator - INFO -   fine_tuned: 1.0000
2026-02-01 21:05:37,522 - src.evaluation.indicglue_evaluator - INFO -   fine_tuning_time_seconds: 321.8451
2026-02-01 21:05:37,908 - src.evaluation.indicglue_evaluator - DEBUG - CUDA memory cleanup completed successfully
2026-02-01 21:05:37,908 - src.evaluation.indicglue_evaluator - INFO - 
Evaluating ProductReviewSentiment...
2026-02-01 21:05:37,908 - src.evaluation.evaluation_cache - DEBUG - Cache key includes model_type: gpt
2026-02-01 21:05:37,909 - src.evaluation.evaluation_cache - DEBUG - Cache key includes vocab_size: 16384
2026-02-01 21:05:37,909 - src.evaluation.evaluation_cache - DEBUG - Cache key includes tokenizer_type: bpe
2026-02-01 21:05:37,909 - src.evaluation.evaluation_cache - DEBUG - Generated cache key: 0254658f4f2b28efc2b0c7bc64eb55a1f540ea2b5670845f8a77a8cc55866736
2026-02-01 21:05:37,909 - src.evaluation.evaluation_cache - DEBUG - Cache miss: 0254658f4f2b28efc2b0c7bc64eb55a1f540ea2b5670845f8a77a8cc55866736
2026-02-01 21:05:37,909 - src.evaluation.indicglue_evaluator - INFO - ✗ Cache miss for ProductReviewSentiment (fine-tuned mode)
2026-02-01 21:05:37,909 - src.evaluation.indicglue_evaluator - INFO -   Proceeding with fine-tuning and inference
2026-02-01 21:05:37,909 - src.evaluation.indicglue_evaluator - INFO - Fine-tuning mode enabled for ProductReviewSentiment
2026-02-01 21:05:37,909 - src.evaluation.indicglue_evaluator - INFO - Using original HuggingFace splits for ProductReviewSentiment
2026-02-01 21:05:37,909 - src.evaluation.indicglue_evaluator - INFO - Attempting to load ProductReviewSentiment from ai4bharat/indic_glue with config 'iitp-pr.hi' (split=train)
2026-02-01 21:05:39,412 - filelock - DEBUG - Attempting to acquire lock 139647183454320 on /dss/dsshome1/00/ge95xod2/.cache/huggingface/datasets/_dss_dsshome1_00_ge95xod2_.cache_huggingface_datasets_ai4bharat___indic_glue_iitp-pr.hi_0.0.0_6dcbebd49d6b12965d433bffcd07e9a786211703.lock
2026-02-01 21:05:39,416 - filelock - DEBUG - Lock 139647183454320 acquired on /dss/dsshome1/00/ge95xod2/.cache/huggingface/datasets/_dss_dsshome1_00_ge95xod2_.cache_huggingface_datasets_ai4bharat___indic_glue_iitp-pr.hi_0.0.0_6dcbebd49d6b12965d433bffcd07e9a786211703.lock
2026-02-01 21:05:39,423 - fsspec.local - DEBUG - open file: /dss/dsshome1/00/ge95xod2/.cache/huggingface/datasets/ai4bharat___indic_glue/iitp-pr.hi/0.0.0/6dcbebd49d6b12965d433bffcd07e9a786211703/dataset_info.json
2026-02-01 21:05:39,424 - filelock - DEBUG - Attempting to release lock 139647183454320 on /dss/dsshome1/00/ge95xod2/.cache/huggingface/datasets/_dss_dsshome1_00_ge95xod2_.cache_huggingface_datasets_ai4bharat___indic_glue_iitp-pr.hi_0.0.0_6dcbebd49d6b12965d433bffcd07e9a786211703.lock
2026-02-01 21:05:39,424 - filelock - DEBUG - Lock 139647183454320 released on /dss/dsshome1/00/ge95xod2/.cache/huggingface/datasets/_dss_dsshome1_00_ge95xod2_.cache_huggingface_datasets_ai4bharat___indic_glue_iitp-pr.hi_0.0.0_6dcbebd49d6b12965d433bffcd07e9a786211703.lock
2026-02-01 21:05:39,426 - filelock - DEBUG - Attempting to acquire lock 139647193426672 on /dss/dsshome1/00/ge95xod2/.cache/huggingface/datasets/ai4bharat___indic_glue/iitp-pr.hi/0.0.0/6dcbebd49d6b12965d433bffcd07e9a786211703_builder.lock
2026-02-01 21:05:39,429 - filelock - DEBUG - Lock 139647193426672 acquired on /dss/dsshome1/00/ge95xod2/.cache/huggingface/datasets/ai4bharat___indic_glue/iitp-pr.hi/0.0.0/6dcbebd49d6b12965d433bffcd07e9a786211703_builder.lock
2026-02-01 21:05:39,429 - fsspec.local - DEBUG - open file: /dss/dsshome1/00/ge95xod2/.cache/huggingface/datasets/ai4bharat___indic_glue/iitp-pr.hi/0.0.0/6dcbebd49d6b12965d433bffcd07e9a786211703/dataset_info.json
2026-02-01 21:05:39,430 - filelock - DEBUG - Attempting to release lock 139647193426672 on /dss/dsshome1/00/ge95xod2/.cache/huggingface/datasets/ai4bharat___indic_glue/iitp-pr.hi/0.0.0/6dcbebd49d6b12965d433bffcd07e9a786211703_builder.lock
2026-02-01 21:05:39,430 - filelock - DEBUG - Lock 139647193426672 released on /dss/dsshome1/00/ge95xod2/.cache/huggingface/datasets/ai4bharat___indic_glue/iitp-pr.hi/0.0.0/6dcbebd49d6b12965d433bffcd07e9a786211703_builder.lock
2026-02-01 21:05:39,468 - src.evaluation.indicglue_evaluator - INFO - Successfully loaded ProductReviewSentiment train split with 4182 examples
2026-02-01 21:05:39,468 - src.evaluation.indicglue_evaluator - INFO -   Loaded train: 4182 examples
2026-02-01 21:05:39,468 - src.evaluation.indicglue_evaluator - INFO - Attempting to load ProductReviewSentiment from ai4bharat/indic_glue with config 'iitp-pr.hi' (split=validation)
2026-02-01 21:05:40,471 - filelock - DEBUG - Attempting to acquire lock 139647193060016 on /dss/dsshome1/00/ge95xod2/.cache/huggingface/datasets/_dss_dsshome1_00_ge95xod2_.cache_huggingface_datasets_ai4bharat___indic_glue_iitp-pr.hi_0.0.0_6dcbebd49d6b12965d433bffcd07e9a786211703.lock
2026-02-01 21:05:40,472 - filelock - DEBUG - Lock 139647193060016 acquired on /dss/dsshome1/00/ge95xod2/.cache/huggingface/datasets/_dss_dsshome1_00_ge95xod2_.cache_huggingface_datasets_ai4bharat___indic_glue_iitp-pr.hi_0.0.0_6dcbebd49d6b12965d433bffcd07e9a786211703.lock
2026-02-01 21:05:40,473 - fsspec.local - DEBUG - open file: /dss/dsshome1/00/ge95xod2/.cache/huggingface/datasets/ai4bharat___indic_glue/iitp-pr.hi/0.0.0/6dcbebd49d6b12965d433bffcd07e9a786211703/dataset_info.json
2026-02-01 21:05:40,473 - filelock - DEBUG - Attempting to release lock 139647193060016 on /dss/dsshome1/00/ge95xod2/.cache/huggingface/datasets/_dss_dsshome1_00_ge95xod2_.cache_huggingface_datasets_ai4bharat___indic_glue_iitp-pr.hi_0.0.0_6dcbebd49d6b12965d433bffcd07e9a786211703.lock
2026-02-01 21:05:40,473 - filelock - DEBUG - Lock 139647193060016 released on /dss/dsshome1/00/ge95xod2/.cache/huggingface/datasets/_dss_dsshome1_00_ge95xod2_.cache_huggingface_datasets_ai4bharat___indic_glue_iitp-pr.hi_0.0.0_6dcbebd49d6b12965d433bffcd07e9a786211703.lock
2026-02-01 21:05:40,475 - filelock - DEBUG - Attempting to acquire lock 139647316127360 on /dss/dsshome1/00/ge95xod2/.cache/huggingface/datasets/ai4bharat___indic_glue/iitp-pr.hi/0.0.0/6dcbebd49d6b12965d433bffcd07e9a786211703_builder.lock
2026-02-01 21:05:40,476 - filelock - DEBUG - Lock 139647316127360 acquired on /dss/dsshome1/00/ge95xod2/.cache/huggingface/datasets/ai4bharat___indic_glue/iitp-pr.hi/0.0.0/6dcbebd49d6b12965d433bffcd07e9a786211703_builder.lock
2026-02-01 21:05:40,476 - fsspec.local - DEBUG - open file: /dss/dsshome1/00/ge95xod2/.cache/huggingface/datasets/ai4bharat___indic_glue/iitp-pr.hi/0.0.0/6dcbebd49d6b12965d433bffcd07e9a786211703/dataset_info.json
2026-02-01 21:05:40,477 - filelock - DEBUG - Attempting to release lock 139647316127360 on /dss/dsshome1/00/ge95xod2/.cache/huggingface/datasets/ai4bharat___indic_glue/iitp-pr.hi/0.0.0/6dcbebd49d6b12965d433bffcd07e9a786211703_builder.lock
2026-02-01 21:05:40,477 - filelock - DEBUG - Lock 139647316127360 released on /dss/dsshome1/00/ge95xod2/.cache/huggingface/datasets/ai4bharat___indic_glue/iitp-pr.hi/0.0.0/6dcbebd49d6b12965d433bffcd07e9a786211703_builder.lock
2026-02-01 21:05:40,502 - src.evaluation.indicglue_evaluator - INFO - Successfully loaded ProductReviewSentiment validation split with 523 examples
2026-02-01 21:05:40,502 - src.evaluation.indicglue_evaluator - INFO -   Loaded validation: 523 examples
2026-02-01 21:05:40,502 - src.evaluation.indicglue_evaluator - INFO - Attempting to load ProductReviewSentiment from ai4bharat/indic_glue with config 'iitp-pr.hi' (split=test)
2026-02-01 21:05:41,453 - filelock - DEBUG - Attempting to acquire lock 139647315810096 on /dss/dsshome1/00/ge95xod2/.cache/huggingface/datasets/_dss_dsshome1_00_ge95xod2_.cache_huggingface_datasets_ai4bharat___indic_glue_iitp-pr.hi_0.0.0_6dcbebd49d6b12965d433bffcd07e9a786211703.lock
2026-02-01 21:05:41,454 - filelock - DEBUG - Lock 139647315810096 acquired on /dss/dsshome1/00/ge95xod2/.cache/huggingface/datasets/_dss_dsshome1_00_ge95xod2_.cache_huggingface_datasets_ai4bharat___indic_glue_iitp-pr.hi_0.0.0_6dcbebd49d6b12965d433bffcd07e9a786211703.lock
2026-02-01 21:05:41,454 - fsspec.local - DEBUG - open file: /dss/dsshome1/00/ge95xod2/.cache/huggingface/datasets/ai4bharat___indic_glue/iitp-pr.hi/0.0.0/6dcbebd49d6b12965d433bffcd07e9a786211703/dataset_info.json
2026-02-01 21:05:41,455 - filelock - DEBUG - Attempting to release lock 139647315810096 on /dss/dsshome1/00/ge95xod2/.cache/huggingface/datasets/_dss_dsshome1_00_ge95xod2_.cache_huggingface_datasets_ai4bharat___indic_glue_iitp-pr.hi_0.0.0_6dcbebd49d6b12965d433bffcd07e9a786211703.lock
2026-02-01 21:05:41,455 - filelock - DEBUG - Lock 139647315810096 released on /dss/dsshome1/00/ge95xod2/.cache/huggingface/datasets/_dss_dsshome1_00_ge95xod2_.cache_huggingface_datasets_ai4bharat___indic_glue_iitp-pr.hi_0.0.0_6dcbebd49d6b12965d433bffcd07e9a786211703.lock
2026-02-01 21:05:41,457 - filelock - DEBUG - Attempting to acquire lock 139647315699696 on /dss/dsshome1/00/ge95xod2/.cache/huggingface/datasets/ai4bharat___indic_glue/iitp-pr.hi/0.0.0/6dcbebd49d6b12965d433bffcd07e9a786211703_builder.lock
2026-02-01 21:05:41,457 - filelock - DEBUG - Lock 139647315699696 acquired on /dss/dsshome1/00/ge95xod2/.cache/huggingface/datasets/ai4bharat___indic_glue/iitp-pr.hi/0.0.0/6dcbebd49d6b12965d433bffcd07e9a786211703_builder.lock
2026-02-01 21:05:41,458 - fsspec.local - DEBUG - open file: /dss/dsshome1/00/ge95xod2/.cache/huggingface/datasets/ai4bharat___indic_glue/iitp-pr.hi/0.0.0/6dcbebd49d6b12965d433bffcd07e9a786211703/dataset_info.json
2026-02-01 21:05:41,458 - filelock - DEBUG - Attempting to release lock 139647315699696 on /dss/dsshome1/00/ge95xod2/.cache/huggingface/datasets/ai4bharat___indic_glue/iitp-pr.hi/0.0.0/6dcbebd49d6b12965d433bffcd07e9a786211703_builder.lock
2026-02-01 21:05:41,458 - filelock - DEBUG - Lock 139647315699696 released on /dss/dsshome1/00/ge95xod2/.cache/huggingface/datasets/ai4bharat___indic_glue/iitp-pr.hi/0.0.0/6dcbebd49d6b12965d433bffcd07e9a786211703_builder.lock
2026-02-01 21:05:41,494 - src.evaluation.indicglue_evaluator - INFO - Successfully loaded ProductReviewSentiment test split with 523 examples
2026-02-01 21:05:41,494 - src.evaluation.indicglue_evaluator - INFO -   Loaded test: 523 examples
2026-02-01 21:05:41,494 - src.evaluation.indicglue_evaluator - INFO - Fine-tuning on ProductReviewSentiment...
2026-02-01 21:05:41,494 - src.evaluation.indicglue.fine_tuning_manager - INFO - Starting fine-tuning for ProductReviewSentiment
2026-02-01 21:05:41,494 - src.evaluation.indicglue.fine_tuning_manager - INFO - Train samples: 4182, Val samples: 523
2026-02-01 21:05:41,494 - src.evaluation.indicglue_evaluator - INFO - Wrapping model for task 'ProductReviewSentiment' with 3 classes
2026-02-01 21:05:41,495 - src.models.classification_models - INFO - GPTForSequenceClassification initialized: num_classes=3, hidden_size=768, weight_std=0.0516, bias=0.10
2026-02-01 21:05:41,498 - src.evaluation.indicglue.fine_tuning_manager - INFO - Starting training loop for ProductReviewSentiment
2026-02-01 21:05:41,500 - src.evaluation.indicglue.fine_tuning_manager - INFO - Model parameters: 98,034,435 total, 98,034,435 trainable (100.0%)
2026-02-01 21:05:41,500 - src.evaluation.indicglue.fine_tuning_manager - INFO - ✓ End-to-end training mode (all parameters trainable)
2026-02-01 21:05:41,501 - src.evaluation.indicglue.fine_tuning_manager - INFO - Optimizer: AdamW with 76 params with decay, 74 without decay
2026-02-01 21:05:41,502 - src.evaluation.indicglue.fine_tuning_manager - INFO - Scheduler created: Linear schedule with 131 warmup steps (total 2620 steps)
2026-02-01 21:05:41,502 - src.evaluation.indicglue.fine_tuning_manager - INFO - Training config: total_steps=2620, warmup_steps=131 (5.0%)
2026-02-01 21:06:32,868 - src.evaluation.indicglue.fine_tuning_manager - INFO - Epoch 1/10: train_loss=1.6426, val_acc=0.3308, val_loss=1.4492
2026-02-01 21:06:32,999 - src.evaluation.indicglue.fine_tuning_manager - INFO -   → New best validation accuracy: 0.3308 (improvement: 0.3308)
2026-02-01 21:07:24,348 - src.evaluation.indicglue.fine_tuning_manager - INFO - Epoch 2/10: train_loss=1.1559, val_acc=0.6424, val_loss=0.8429
2026-02-01 21:07:24,802 - src.evaluation.indicglue.fine_tuning_manager - INFO -   → New best validation accuracy: 0.6424 (improvement: 0.3117)
2026-02-01 21:08:16,160 - src.evaluation.indicglue.fine_tuning_manager - INFO - Epoch 3/10: train_loss=0.9211, val_acc=0.6558, val_loss=0.7577
2026-02-01 21:08:16,614 - src.evaluation.indicglue.fine_tuning_manager - INFO -   → New best validation accuracy: 0.6558 (improvement: 0.0134)
2026-02-01 21:09:07,966 - src.evaluation.indicglue.fine_tuning_manager - INFO - Epoch 4/10: train_loss=0.7883, val_acc=0.6960, val_loss=0.7151
2026-02-01 21:09:08,491 - src.evaluation.indicglue.fine_tuning_manager - INFO -   → New best validation accuracy: 0.6960 (improvement: 0.0402)
2026-02-01 21:09:59,838 - src.evaluation.indicglue.fine_tuning_manager - INFO - Epoch 5/10: train_loss=0.6778, val_acc=0.7075, val_loss=0.7024
2026-02-01 21:10:00,329 - src.evaluation.indicglue.fine_tuning_manager - INFO -   → New best validation accuracy: 0.7075 (improvement: 0.0115)
2026-02-01 21:10:51,681 - src.evaluation.indicglue.fine_tuning_manager - INFO - Epoch 6/10: train_loss=0.5685, val_acc=0.7323, val_loss=0.6826
2026-02-01 21:10:52,145 - src.evaluation.indicglue.fine_tuning_manager - INFO -   → New best validation accuracy: 0.7323 (improvement: 0.0249)
2026-02-01 21:11:43,494 - src.evaluation.indicglue.fine_tuning_manager - INFO - Epoch 7/10: train_loss=0.4469, val_acc=0.7400, val_loss=0.6853
2026-02-01 21:11:43,893 - src.evaluation.indicglue.fine_tuning_manager - INFO -   → New best validation accuracy: 0.7400 (improvement: 0.0076)
2026-02-01 21:12:35,244 - src.evaluation.indicglue.fine_tuning_manager - INFO - Epoch 8/10: train_loss=0.3344, val_acc=0.7151, val_loss=0.8088
2026-02-01 21:12:35,245 - src.evaluation.indicglue.fine_tuning_manager - INFO -   → No improvement (patience: 1/5)
2026-02-01 21:13:26,599 - src.evaluation.indicglue.fine_tuning_manager - INFO - Epoch 9/10: train_loss=0.2594, val_acc=0.7189, val_loss=0.8160
2026-02-01 21:13:26,600 - src.evaluation.indicglue.fine_tuning_manager - INFO -   → No improvement (patience: 2/5)
2026-02-01 21:14:17,960 - src.evaluation.indicglue.fine_tuning_manager - INFO - Epoch 10/10: train_loss=0.1975, val_acc=0.7170, val_loss=0.9343
2026-02-01 21:14:17,960 - src.evaluation.indicglue.fine_tuning_manager - INFO -   → No improvement (patience: 3/5)
2026-02-01 21:14:18,142 - src.evaluation.indicglue.fine_tuning_manager - INFO - Restored best model from epoch 7 with val_acc=0.7400
2026-02-01 21:14:18,770 - src.evaluation.indicglue.fine_tuning_manager - DEBUG - CUDA memory cleanup completed successfully
2026-02-01 21:14:18,770 - src.evaluation.indicglue.fine_tuning_manager - DEBUG - Cleaned up optimizer, scheduler, and GPU memory after fine-tuning
2026-02-01 21:14:18,771 - src.evaluation.indicglue_evaluator - INFO - Evaluation mode switched to: fine-tuned (will use classification heads for all tasks)
2026-02-01 21:14:18,771 - src.evaluation.indicglue_evaluator - INFO - Evaluating fine-tuned model on test set...
2026-02-01 21:14:18,771 - src.evaluation.indicglue_evaluator - INFO - Evaluating on 523 examples
2026-02-01 21:14:18,771 - src.evaluation.indicglue_evaluator - INFO - [ROUTING] ProductReviewSentiment: Classification/NLI task → Using classification head
2026-02-01 21:14:18,771 - src.evaluation.indicglue_evaluator - INFO - Evaluating ProductReviewSentiment on 523 examples
2026-02-01 21:14:21,667 - src.evaluation.indicglue_evaluator - DEBUG - DataLoader cleanup completed
2026-02-01 21:14:37,556 - src.evaluation.evaluation_cache - INFO - Predictions cached: 0254658f4f2b28efc2b0c7bc64eb55a1f540ea2b5670845f8a77a8cc55866736
2026-02-01 21:14:37,556 - src.evaluation.evaluation_cache - DEBUG -   Samples: 2
2026-02-01 21:14:37,556 - src.evaluation.indicglue_evaluator - INFO - Saved predictions to cache for ProductReviewSentiment
2026-02-01 21:14:37,556 - src.evaluation.indicglue_evaluator - DEBUG - Cleared wrapped model cache for ProductReviewSentiment
2026-02-01 21:14:38,035 - src.evaluation.indicglue_evaluator - DEBUG - CUDA memory cleanup completed successfully
2026-02-01 21:14:38,036 - src.evaluation.indicglue_evaluator - INFO - ProductReviewSentiment Results:
2026-02-01 21:14:38,036 - src.evaluation.indicglue_evaluator - INFO -   num_examples: 523.0000
2026-02-01 21:14:38,036 - src.evaluation.indicglue_evaluator - INFO -   accuracy: 0.6941
2026-02-01 21:14:38,036 - src.evaluation.indicglue_evaluator - INFO -   f1_macro: 0.6518
2026-02-01 21:14:38,037 - src.evaluation.indicglue_evaluator - INFO -   f1_weighted: 0.6949
2026-02-01 21:14:38,037 - src.evaluation.indicglue_evaluator - INFO -   precision_macro: 0.6491
2026-02-01 21:14:38,037 - src.evaluation.indicglue_evaluator - INFO -   recall_macro: 0.6548
2026-02-01 21:14:38,037 - src.evaluation.indicglue_evaluator - INFO -   fine_tuned: 1.0000
2026-02-01 21:14:38,037 - src.evaluation.indicglue_evaluator - INFO -   fine_tuning_time_seconds: 517.2765
2026-02-01 21:14:38,425 - src.evaluation.indicglue_evaluator - DEBUG - CUDA memory cleanup completed successfully
2026-02-01 21:14:38,425 - src.evaluation.indicglue_evaluator - INFO - 
Evaluating DiscourseMode...
2026-02-01 21:14:38,425 - src.evaluation.evaluation_cache - DEBUG - Cache key includes model_type: gpt
2026-02-01 21:14:38,425 - src.evaluation.evaluation_cache - DEBUG - Cache key includes vocab_size: 16384
2026-02-01 21:14:38,425 - src.evaluation.evaluation_cache - DEBUG - Cache key includes tokenizer_type: bpe
2026-02-01 21:14:38,425 - src.evaluation.evaluation_cache - DEBUG - Generated cache key: 0d831782b1ab4deed1e724877725ba425a570164ebbe520da034c091d1bbbe8b
2026-02-01 21:14:38,425 - src.evaluation.evaluation_cache - DEBUG - Cache miss: 0d831782b1ab4deed1e724877725ba425a570164ebbe520da034c091d1bbbe8b
2026-02-01 21:14:38,426 - src.evaluation.indicglue_evaluator - INFO - ✗ Cache miss for DiscourseMode (fine-tuned mode)
2026-02-01 21:14:38,426 - src.evaluation.indicglue_evaluator - INFO -   Proceeding with fine-tuning and inference
2026-02-01 21:14:38,426 - src.evaluation.indicglue_evaluator - INFO - Fine-tuning mode enabled for DiscourseMode
2026-02-01 21:14:38,426 - src.evaluation.indicglue_evaluator - INFO - Using original HuggingFace splits for DiscourseMode
2026-02-01 21:14:38,426 - src.evaluation.indicglue_evaluator - INFO - Attempting to load DiscourseMode from ai4bharat/indic_glue with config 'md.hi' (split=train)
2026-02-01 21:14:40,136 - filelock - DEBUG - Attempting to acquire lock 139647314410368 on /dss/dsshome1/00/ge95xod2/.cache/huggingface/datasets/_dss_dsshome1_00_ge95xod2_.cache_huggingface_datasets_ai4bharat___indic_glue_md.hi_0.0.0_6dcbebd49d6b12965d433bffcd07e9a786211703.lock
2026-02-01 21:14:40,140 - filelock - DEBUG - Lock 139647314410368 acquired on /dss/dsshome1/00/ge95xod2/.cache/huggingface/datasets/_dss_dsshome1_00_ge95xod2_.cache_huggingface_datasets_ai4bharat___indic_glue_md.hi_0.0.0_6dcbebd49d6b12965d433bffcd07e9a786211703.lock
2026-02-01 21:14:40,145 - fsspec.local - DEBUG - open file: /dss/dsshome1/00/ge95xod2/.cache/huggingface/datasets/ai4bharat___indic_glue/md.hi/0.0.0/6dcbebd49d6b12965d433bffcd07e9a786211703/dataset_info.json
2026-02-01 21:14:40,146 - filelock - DEBUG - Attempting to release lock 139647314410368 on /dss/dsshome1/00/ge95xod2/.cache/huggingface/datasets/_dss_dsshome1_00_ge95xod2_.cache_huggingface_datasets_ai4bharat___indic_glue_md.hi_0.0.0_6dcbebd49d6b12965d433bffcd07e9a786211703.lock
2026-02-01 21:14:40,146 - filelock - DEBUG - Lock 139647314410368 released on /dss/dsshome1/00/ge95xod2/.cache/huggingface/datasets/_dss_dsshome1_00_ge95xod2_.cache_huggingface_datasets_ai4bharat___indic_glue_md.hi_0.0.0_6dcbebd49d6b12965d433bffcd07e9a786211703.lock
2026-02-01 21:14:40,148 - filelock - DEBUG - Attempting to acquire lock 139647194247520 on /dss/dsshome1/00/ge95xod2/.cache/huggingface/datasets/ai4bharat___indic_glue/md.hi/0.0.0/6dcbebd49d6b12965d433bffcd07e9a786211703_builder.lock
2026-02-01 21:14:40,151 - filelock - DEBUG - Lock 139647194247520 acquired on /dss/dsshome1/00/ge95xod2/.cache/huggingface/datasets/ai4bharat___indic_glue/md.hi/0.0.0/6dcbebd49d6b12965d433bffcd07e9a786211703_builder.lock
2026-02-01 21:14:40,151 - fsspec.local - DEBUG - open file: /dss/dsshome1/00/ge95xod2/.cache/huggingface/datasets/ai4bharat___indic_glue/md.hi/0.0.0/6dcbebd49d6b12965d433bffcd07e9a786211703/dataset_info.json
2026-02-01 21:14:40,152 - filelock - DEBUG - Attempting to release lock 139647194247520 on /dss/dsshome1/00/ge95xod2/.cache/huggingface/datasets/ai4bharat___indic_glue/md.hi/0.0.0/6dcbebd49d6b12965d433bffcd07e9a786211703_builder.lock
2026-02-01 21:14:40,152 - filelock - DEBUG - Lock 139647194247520 released on /dss/dsshome1/00/ge95xod2/.cache/huggingface/datasets/ai4bharat___indic_glue/md.hi/0.0.0/6dcbebd49d6b12965d433bffcd07e9a786211703_builder.lock
2026-02-01 21:14:40,192 - src.evaluation.indicglue_evaluator - INFO - Successfully loaded DiscourseMode train split with 7974 examples
2026-02-01 21:14:40,193 - src.evaluation.indicglue_evaluator - INFO -   Loaded train: 7974 examples
2026-02-01 21:14:40,193 - src.evaluation.indicglue_evaluator - INFO - Attempting to load DiscourseMode from ai4bharat/indic_glue with config 'md.hi' (split=validation)
2026-02-01 21:14:41,172 - filelock - DEBUG - Attempting to acquire lock 139647183682816 on /dss/dsshome1/00/ge95xod2/.cache/huggingface/datasets/_dss_dsshome1_00_ge95xod2_.cache_huggingface_datasets_ai4bharat___indic_glue_md.hi_0.0.0_6dcbebd49d6b12965d433bffcd07e9a786211703.lock
2026-02-01 21:14:41,173 - filelock - DEBUG - Lock 139647183682816 acquired on /dss/dsshome1/00/ge95xod2/.cache/huggingface/datasets/_dss_dsshome1_00_ge95xod2_.cache_huggingface_datasets_ai4bharat___indic_glue_md.hi_0.0.0_6dcbebd49d6b12965d433bffcd07e9a786211703.lock
2026-02-01 21:14:41,173 - fsspec.local - DEBUG - open file: /dss/dsshome1/00/ge95xod2/.cache/huggingface/datasets/ai4bharat___indic_glue/md.hi/0.0.0/6dcbebd49d6b12965d433bffcd07e9a786211703/dataset_info.json
2026-02-01 21:14:41,174 - filelock - DEBUG - Attempting to release lock 139647183682816 on /dss/dsshome1/00/ge95xod2/.cache/huggingface/datasets/_dss_dsshome1_00_ge95xod2_.cache_huggingface_datasets_ai4bharat___indic_glue_md.hi_0.0.0_6dcbebd49d6b12965d433bffcd07e9a786211703.lock
2026-02-01 21:14:41,174 - filelock - DEBUG - Lock 139647183682816 released on /dss/dsshome1/00/ge95xod2/.cache/huggingface/datasets/_dss_dsshome1_00_ge95xod2_.cache_huggingface_datasets_ai4bharat___indic_glue_md.hi_0.0.0_6dcbebd49d6b12965d433bffcd07e9a786211703.lock
2026-02-01 21:14:41,176 - filelock - DEBUG - Attempting to acquire lock 139647315751648 on /dss/dsshome1/00/ge95xod2/.cache/huggingface/datasets/ai4bharat___indic_glue/md.hi/0.0.0/6dcbebd49d6b12965d433bffcd07e9a786211703_builder.lock
2026-02-01 21:14:41,176 - filelock - DEBUG - Lock 139647315751648 acquired on /dss/dsshome1/00/ge95xod2/.cache/huggingface/datasets/ai4bharat___indic_glue/md.hi/0.0.0/6dcbebd49d6b12965d433bffcd07e9a786211703_builder.lock
2026-02-01 21:14:41,177 - fsspec.local - DEBUG - open file: /dss/dsshome1/00/ge95xod2/.cache/huggingface/datasets/ai4bharat___indic_glue/md.hi/0.0.0/6dcbebd49d6b12965d433bffcd07e9a786211703/dataset_info.json
2026-02-01 21:14:41,177 - filelock - DEBUG - Attempting to release lock 139647315751648 on /dss/dsshome1/00/ge95xod2/.cache/huggingface/datasets/ai4bharat___indic_glue/md.hi/0.0.0/6dcbebd49d6b12965d433bffcd07e9a786211703_builder.lock
2026-02-01 21:14:41,177 - filelock - DEBUG - Lock 139647315751648 released on /dss/dsshome1/00/ge95xod2/.cache/huggingface/datasets/ai4bharat___indic_glue/md.hi/0.0.0/6dcbebd49d6b12965d433bffcd07e9a786211703_builder.lock
2026-02-01 21:14:41,220 - src.evaluation.indicglue_evaluator - INFO - Successfully loaded DiscourseMode validation split with 997 examples
2026-02-01 21:14:41,220 - src.evaluation.indicglue_evaluator - INFO -   Loaded validation: 997 examples
2026-02-01 21:14:41,220 - src.evaluation.indicglue_evaluator - INFO - Attempting to load DiscourseMode from ai4bharat/indic_glue with config 'md.hi' (split=test)
2026-02-01 21:14:42,200 - filelock - DEBUG - Attempting to acquire lock 139647314306288 on /dss/dsshome1/00/ge95xod2/.cache/huggingface/datasets/_dss_dsshome1_00_ge95xod2_.cache_huggingface_datasets_ai4bharat___indic_glue_md.hi_0.0.0_6dcbebd49d6b12965d433bffcd07e9a786211703.lock
2026-02-01 21:14:42,201 - filelock - DEBUG - Lock 139647314306288 acquired on /dss/dsshome1/00/ge95xod2/.cache/huggingface/datasets/_dss_dsshome1_00_ge95xod2_.cache_huggingface_datasets_ai4bharat___indic_glue_md.hi_0.0.0_6dcbebd49d6b12965d433bffcd07e9a786211703.lock
2026-02-01 21:14:42,201 - fsspec.local - DEBUG - open file: /dss/dsshome1/00/ge95xod2/.cache/huggingface/datasets/ai4bharat___indic_glue/md.hi/0.0.0/6dcbebd49d6b12965d433bffcd07e9a786211703/dataset_info.json
2026-02-01 21:14:42,202 - filelock - DEBUG - Attempting to release lock 139647314306288 on /dss/dsshome1/00/ge95xod2/.cache/huggingface/datasets/_dss_dsshome1_00_ge95xod2_.cache_huggingface_datasets_ai4bharat___indic_glue_md.hi_0.0.0_6dcbebd49d6b12965d433bffcd07e9a786211703.lock
2026-02-01 21:14:42,202 - filelock - DEBUG - Lock 139647314306288 released on /dss/dsshome1/00/ge95xod2/.cache/huggingface/datasets/_dss_dsshome1_00_ge95xod2_.cache_huggingface_datasets_ai4bharat___indic_glue_md.hi_0.0.0_6dcbebd49d6b12965d433bffcd07e9a786211703.lock
2026-02-01 21:14:42,204 - filelock - DEBUG - Attempting to acquire lock 139647886668032 on /dss/dsshome1/00/ge95xod2/.cache/huggingface/datasets/ai4bharat___indic_glue/md.hi/0.0.0/6dcbebd49d6b12965d433bffcd07e9a786211703_builder.lock
2026-02-01 21:14:42,205 - filelock - DEBUG - Lock 139647886668032 acquired on /dss/dsshome1/00/ge95xod2/.cache/huggingface/datasets/ai4bharat___indic_glue/md.hi/0.0.0/6dcbebd49d6b12965d433bffcd07e9a786211703_builder.lock
2026-02-01 21:14:42,205 - fsspec.local - DEBUG - open file: /dss/dsshome1/00/ge95xod2/.cache/huggingface/datasets/ai4bharat___indic_glue/md.hi/0.0.0/6dcbebd49d6b12965d433bffcd07e9a786211703/dataset_info.json
2026-02-01 21:14:42,205 - filelock - DEBUG - Attempting to release lock 139647886668032 on /dss/dsshome1/00/ge95xod2/.cache/huggingface/datasets/ai4bharat___indic_glue/md.hi/0.0.0/6dcbebd49d6b12965d433bffcd07e9a786211703_builder.lock
2026-02-01 21:14:42,205 - filelock - DEBUG - Lock 139647886668032 released on /dss/dsshome1/00/ge95xod2/.cache/huggingface/datasets/ai4bharat___indic_glue/md.hi/0.0.0/6dcbebd49d6b12965d433bffcd07e9a786211703_builder.lock
2026-02-01 21:14:42,246 - src.evaluation.indicglue_evaluator - INFO - Successfully loaded DiscourseMode test split with 997 examples
2026-02-01 21:14:42,246 - src.evaluation.indicglue_evaluator - INFO -   Loaded test: 997 examples
2026-02-01 21:14:42,246 - src.evaluation.indicglue_evaluator - INFO - Fine-tuning on DiscourseMode...
2026-02-01 21:14:42,247 - src.evaluation.indicglue.fine_tuning_manager - INFO - Starting fine-tuning for DiscourseMode
2026-02-01 21:14:42,247 - src.evaluation.indicglue.fine_tuning_manager - INFO - Train samples: 7974, Val samples: 997
2026-02-01 21:14:42,247 - src.evaluation.indicglue_evaluator - INFO - Wrapping model for task 'DiscourseMode' with 6 classes
2026-02-01 21:14:42,248 - src.models.classification_models - INFO - GPTForSequenceClassification initialized: num_classes=6, hidden_size=768, weight_std=0.0506, bias=0.10
2026-02-01 21:14:42,251 - src.evaluation.indicglue.fine_tuning_manager - INFO - Starting training loop for DiscourseMode
2026-02-01 21:14:42,252 - src.evaluation.indicglue.fine_tuning_manager - INFO - Model parameters: 98,036,742 total, 98,036,742 trainable (100.0%)
2026-02-01 21:14:42,252 - src.evaluation.indicglue.fine_tuning_manager - INFO - ✓ End-to-end training mode (all parameters trainable)
2026-02-01 21:14:42,254 - src.evaluation.indicglue.fine_tuning_manager - INFO - Optimizer: AdamW with 76 params with decay, 74 without decay
2026-02-01 21:14:42,254 - src.evaluation.indicglue.fine_tuning_manager - INFO - Scheduler created: Linear schedule with 249 warmup steps (total 4990 steps)
2026-02-01 21:14:42,254 - src.evaluation.indicglue.fine_tuning_manager - INFO - Training config: total_steps=4990, warmup_steps=249 (5.0%)
2026-02-01 21:16:20,184 - src.evaluation.indicglue.fine_tuning_manager - INFO - Epoch 1/10: train_loss=2.7790, val_acc=0.1093, val_loss=2.6665
2026-02-01 21:16:20,314 - src.evaluation.indicglue.fine_tuning_manager - INFO -   → New best validation accuracy: 0.1093 (improvement: 0.1093)
2026-02-01 21:17:58,240 - src.evaluation.indicglue.fine_tuning_manager - INFO - Epoch 2/10: train_loss=1.4297, val_acc=0.6189, val_loss=0.9878
2026-02-01 21:17:58,709 - src.evaluation.indicglue.fine_tuning_manager - INFO -   → New best validation accuracy: 0.6189 (improvement: 0.5095)
2026-02-01 21:19:36,639 - src.evaluation.indicglue.fine_tuning_manager - INFO - Epoch 3/10: train_loss=1.0017, val_acc=0.6871, val_loss=0.8403
2026-02-01 21:19:37,090 - src.evaluation.indicglue.fine_tuning_manager - INFO -   → New best validation accuracy: 0.6871 (improvement: 0.0682)
2026-02-01 21:21:15,003 - src.evaluation.indicglue.fine_tuning_manager - INFO - Epoch 4/10: train_loss=0.8423, val_acc=0.7242, val_loss=0.7802
2026-02-01 21:21:15,459 - src.evaluation.indicglue.fine_tuning_manager - INFO -   → New best validation accuracy: 0.7242 (improvement: 0.0371)
2026-02-01 21:22:53,375 - src.evaluation.indicglue.fine_tuning_manager - INFO - Epoch 5/10: train_loss=0.7539, val_acc=0.7332, val_loss=0.7593
2026-02-01 21:22:53,876 - src.evaluation.indicglue.fine_tuning_manager - INFO -   → New best validation accuracy: 0.7332 (improvement: 0.0090)
2026-02-01 21:24:31,798 - src.evaluation.indicglue.fine_tuning_manager - INFO - Epoch 6/10: train_loss=0.6689, val_acc=0.7422, val_loss=0.7417
2026-02-01 21:24:32,264 - src.evaluation.indicglue.fine_tuning_manager - INFO -   → New best validation accuracy: 0.7422 (improvement: 0.0090)
2026-02-01 21:26:10,181 - src.evaluation.indicglue.fine_tuning_manager - INFO - Epoch 7/10: train_loss=0.5976, val_acc=0.7412, val_loss=0.7652
2026-02-01 21:26:10,181 - src.evaluation.indicglue.fine_tuning_manager - INFO -   → No improvement (patience: 1/5)
2026-02-01 21:27:48,104 - src.evaluation.indicglue.fine_tuning_manager - INFO - Epoch 8/10: train_loss=0.5236, val_acc=0.7492, val_loss=0.8117
2026-02-01 21:27:48,573 - src.evaluation.indicglue.fine_tuning_manager - INFO -   → New best validation accuracy: 0.7492 (improvement: 0.0070)
2026-02-01 21:29:26,482 - src.evaluation.indicglue.fine_tuning_manager - INFO - Epoch 9/10: train_loss=0.4406, val_acc=0.7392, val_loss=0.8141
2026-02-01 21:29:26,482 - src.evaluation.indicglue.fine_tuning_manager - INFO -   → No improvement (patience: 1/5)
2026-02-01 21:31:04,409 - src.evaluation.indicglue.fine_tuning_manager - INFO - Epoch 10/10: train_loss=0.3605, val_acc=0.7392, val_loss=0.8656
2026-02-01 21:31:04,409 - src.evaluation.indicglue.fine_tuning_manager - INFO -   → No improvement (patience: 2/5)
2026-02-01 21:31:04,591 - src.evaluation.indicglue.fine_tuning_manager - INFO - Restored best model from epoch 8 with val_acc=0.7492
2026-02-01 21:31:05,181 - src.evaluation.indicglue.fine_tuning_manager - DEBUG - CUDA memory cleanup completed successfully
2026-02-01 21:31:05,181 - src.evaluation.indicglue.fine_tuning_manager - DEBUG - Cleaned up optimizer, scheduler, and GPU memory after fine-tuning
2026-02-01 21:31:05,182 - src.evaluation.indicglue_evaluator - INFO - Evaluation mode switched to: fine-tuned (will use classification heads for all tasks)
2026-02-01 21:31:05,182 - src.evaluation.indicglue_evaluator - INFO - Evaluating fine-tuned model on test set...
2026-02-01 21:31:05,182 - src.evaluation.indicglue_evaluator - INFO - Evaluating on 997 examples
2026-02-01 21:31:05,182 - src.evaluation.indicglue_evaluator - INFO - [ROUTING] DiscourseMode: Classification/NLI task → Using classification head
2026-02-01 21:31:05,182 - src.evaluation.indicglue_evaluator - INFO - Evaluating DiscourseMode on 997 examples
2026-02-01 21:31:10,735 - src.evaluation.indicglue_evaluator - DEBUG - DataLoader cleanup completed
2026-02-01 21:31:37,683 - src.evaluation.evaluation_cache - INFO - Predictions cached: 0d831782b1ab4deed1e724877725ba425a570164ebbe520da034c091d1bbbe8b
2026-02-01 21:31:37,684 - src.evaluation.evaluation_cache - DEBUG -   Samples: 2
2026-02-01 21:31:37,684 - src.evaluation.indicglue_evaluator - INFO - Saved predictions to cache for DiscourseMode
2026-02-01 21:31:37,684 - src.evaluation.indicglue_evaluator - DEBUG - Cleared wrapped model cache for DiscourseMode
2026-02-01 21:31:38,207 - src.evaluation.indicglue_evaluator - DEBUG - CUDA memory cleanup completed successfully
2026-02-01 21:31:38,207 - src.evaluation.indicglue_evaluator - INFO - DiscourseMode Results:
2026-02-01 21:31:38,208 - src.evaluation.indicglue_evaluator - INFO -   num_examples: 997.0000
2026-02-01 21:31:38,208 - src.evaluation.indicglue_evaluator - INFO -   accuracy: 0.7462
2026-02-01 21:31:38,208 - src.evaluation.indicglue_evaluator - INFO -   f1_macro: 0.5688
2026-02-01 21:31:38,208 - src.evaluation.indicglue_evaluator - INFO -   f1_weighted: 0.7396
2026-02-01 21:31:38,208 - src.evaluation.indicglue_evaluator - INFO -   precision_macro: 0.6014
2026-02-01 21:31:38,208 - src.evaluation.indicglue_evaluator - INFO -   recall_macro: 0.5697
2026-02-01 21:31:38,208 - src.evaluation.indicglue_evaluator - INFO -   fine_tuned: 1.0000
2026-02-01 21:31:38,208 - src.evaluation.indicglue_evaluator - INFO -   fine_tuning_time_seconds: 982.9351
2026-02-01 21:31:38,597 - src.evaluation.indicglue_evaluator - DEBUG - CUDA memory cleanup completed successfully
2026-02-01 21:31:38,597 - src.evaluation.indicglue_evaluator - INFO - 
============================================================
2026-02-01 21:31:38,597 - src.evaluation.indicglue_evaluator - INFO - IndicGLUE Evaluation Complete
2026-02-01 21:31:38,597 - src.evaluation.indicglue_evaluator - INFO - Overall Accuracy: 0.5762
2026-02-01 21:31:38,597 - src.evaluation.indicglue_evaluator - INFO - ============================================================
2026-02-01 21:31:38,597 - src.evaluation.multiblimp_evaluator - INFO - Starting MultiBLiMP evaluation on all phenomena...
2026-02-01 21:31:38,597 - src.evaluation.multiblimp_evaluator - INFO - 
Evaluating SV-#...
2026-02-01 21:31:45,478 - src.evaluation.multiblimp_evaluator - INFO - SV-# Results:
2026-02-01 21:31:45,479 - src.evaluation.multiblimp_evaluator - INFO -   Accuracy: 0.8575
2026-02-01 21:31:45,479 - src.evaluation.multiblimp_evaluator - INFO -   Correct: 349/407
2026-02-01 21:31:45,479 - src.evaluation.multiblimp_evaluator - INFO - 
Evaluating SV-G...
2026-02-01 21:31:52,558 - src.evaluation.multiblimp_evaluator - INFO - SV-G Results:
2026-02-01 21:31:52,558 - src.evaluation.multiblimp_evaluator - INFO -   Accuracy: 0.8329
2026-02-01 21:31:52,558 - src.evaluation.multiblimp_evaluator - INFO -   Correct: 349/419
2026-02-01 21:31:52,558 - src.evaluation.multiblimp_evaluator - INFO - 
Evaluating SV-P...
2026-02-01 21:31:59,523 - src.evaluation.multiblimp_evaluator - INFO - SV-P Results:
2026-02-01 21:31:59,523 - src.evaluation.multiblimp_evaluator - INFO -   Accuracy: 0.9442
2026-02-01 21:31:59,523 - src.evaluation.multiblimp_evaluator - INFO -   Correct: 389/412
2026-02-01 21:31:59,523 - src.evaluation.multiblimp_evaluator - INFO - 
Evaluating SP-#...
2026-02-01 21:32:01,206 - src.evaluation.multiblimp_evaluator - INFO - SP-# Results:
2026-02-01 21:32:01,206 - src.evaluation.multiblimp_evaluator - INFO -   Accuracy: 0.9100
2026-02-01 21:32:01,206 - src.evaluation.multiblimp_evaluator - INFO -   Correct: 91/100
2026-02-01 21:32:01,206 - src.evaluation.multiblimp_evaluator - INFO - 
Evaluating SP-G...
2026-02-01 21:32:03,044 - src.evaluation.multiblimp_evaluator - INFO - SP-G Results:
2026-02-01 21:32:03,044 - src.evaluation.multiblimp_evaluator - INFO -   Accuracy: 0.8532
2026-02-01 21:32:03,044 - src.evaluation.multiblimp_evaluator - INFO -   Correct: 93/109
2026-02-01 21:32:03,044 - src.evaluation.multiblimp_evaluator - INFO - 
============================================================
2026-02-01 21:32:03,044 - src.evaluation.multiblimp_evaluator - INFO - MultiBLiMP Evaluation Complete
2026-02-01 21:32:03,044 - src.evaluation.multiblimp_evaluator - INFO - Overall Accuracy: 0.8796
2026-02-01 21:32:03,044 - src.evaluation.multiblimp_evaluator - INFO - ============================================================
2026-02-01 21:32:03,126 - root - INFO - 
💾 Saving evaluation results...
2026-02-01 21:32:03,142 - root - INFO -    Results saved to: results/gpt_10M_bpe_16k/evaluation_results.json
2026-02-01 21:32:03,142 - root - INFO - 
📊 Evaluation Summary:
2026-02-01 21:32:03,142 - root - INFO -    indicglue: 0.5762 average (7 tasks)
2026-02-01 21:32:03,142 - root - INFO -    multiblimp: 0.8796 average (5 tasks)
2026-02-01 21:32:03,142 - root - INFO -    summary: No numeric scores available
2026-02-01 21:32:03,142 - root - INFO - 
✅ Evaluation completed successfully!
2026-02-01 21:32:03,147 - root - INFO - ✅ All stages completed successfully!
2026-02-01 21:32:03,147 - root - INFO - 📁 Results directory: results/gpt_10M_bpe_16k
2026-02-01 21:32:03,147 - root - INFO - 📊 View results:
2026-02-01 21:32:03,147 - root - INFO -    - Training summary: results/gpt_10M_bpe_16k/training_summary.json
2026-02-01 21:32:03,147 - root - INFO -    - Evaluation results: results/gpt_10M_bpe_16k/evaluation_results.json
2026-02-01 21:32:03,148 - root - INFO -    - Logs: results/gpt_10M_bpe_16k/experiment.log
