2026-02-01 17:58:00,447 - root - INFO - Experiment: deberta_10M_character_level
2026-02-01 17:58:00,447 - root - INFO - Stage: all
2026-02-01 17:58:00,447 - root - INFO - Results directory: results/deberta_10M_character_level
2026-02-01 17:58:00,448 - root - INFO - Configuration: configs/ablations/tokenization_experiments/deberta_character_level_10M.yaml
2026-02-01 17:58:00,448 - root - INFO - 
🎲 Setting up reproducibility...
2026-02-01 17:58:00,448 - root - INFO -    Seed: 42
2026-02-01 17:58:00,448 - root - INFO -    Deterministic: True
2026-02-01 17:58:00,448 - src.utils.seed_manager - INFO - Setting all seeds to 42
2026-02-01 17:58:00,448 - src.utils.seed_manager - DEBUG - ✓ Python random seed set
2026-02-01 17:58:00,450 - src.utils.seed_manager - DEBUG - ✓ NumPy seed set
2026-02-01 17:58:00,491 - src.utils.seed_manager - DEBUG - ✓ PyTorch CPU seed set
2026-02-01 17:58:01,594 - src.utils.seed_manager - DEBUG - ✓ PyTorch CUDA seeds set
2026-02-01 17:58:01,595 - src.utils.seed_manager - INFO - Enabling deterministic mode for PyTorch
2026-02-01 17:58:01,601 - src.utils.seed_manager - DEBUG - ✓ PyTorch deterministic algorithms enabled
2026-02-01 17:58:01,601 - src.utils.seed_manager - DEBUG - ✓ CuDNN deterministic mode enabled
2026-02-01 17:58:01,601 - src.utils.seed_manager - WARNING - CuDNN benchmark disabled - may reduce training speed
2026-02-01 17:58:01,601 - src.utils.seed_manager - DEBUG - ✓ Set PYTHONHASHSEED=42
2026-02-01 17:58:01,601 - src.utils.seed_manager - DEBUG - ✓ Set CUBLAS_WORKSPACE_CONFIG=:4096:8
2026-02-01 17:58:01,601 - root - INFO - 
💻 Device configuration:
2026-02-01 17:58:01,601 - root - INFO -    Device: cuda
2026-02-01 17:58:01,660 - root - INFO -    GPU: NVIDIA H100
2026-02-01 17:58:01,660 - root - INFO -    CUDA Version: 12.8
2026-02-01 17:58:01,667 - root - INFO - Metadata saved to results/deberta_10M_character_level/metadata.json
2026-02-01 17:58:01,667 - root - INFO - Config saved to results/deberta_10M_character_level/config.yaml
2026-02-01 17:58:01,667 - root - INFO - Starting data processing stage...
2026-02-01 17:58:01,719 - root - INFO - Found existing processed data. Loading splits...
2026-02-01 17:58:01,719 - root - INFO - (Use --force-reprocess to reprocess from scratch)
2026-02-01 17:58:02,172 - root - INFO - 
✅ Data processing completed successfully!
2026-02-01 17:58:02,691 - root - INFO - ✓ Memory cleanup after data processing completed
2026-02-01 17:58:02,691 - root - INFO - Starting model training stage...
2026-02-01 17:58:02,692 - root - INFO - 
🔤 Creating tokenizer...
2026-02-01 17:58:02,699 - root - INFO -    Tokenizer saved to: results/deberta_10M_character_level/tokenizer
2026-02-01 17:58:02,699 - root - INFO -    Vocabulary size: 228
2026-02-01 17:58:02,699 - root - INFO - 
🏗️  Creating model...
2026-02-01 17:58:03,895 - root - INFO -    Total parameters: 87,003,108
2026-02-01 17:58:03,896 - root - INFO -    Trainable parameters: 87,003,108
2026-02-01 17:58:03,896 - root - INFO - 
👨‍🏫 Initializing trainer...
2026-02-01 17:58:03,896 - root - INFO -    Added experiment_tracking config to trainer
2026-02-01 17:58:03,896 - src.training.trainer - INFO - Model type: deberta (MLM)
2026-02-01 17:58:03,896 - src.training.data_loader - INFO - Creating MLM data collator for deberta with mlm_probability=0.15
2026-02-01 17:58:03,896 - src.training.trainer - INFO - Using MLM data collator with 15% masking probability
2026-02-01 17:58:03,896 - src.utils.seed_manager - INFO - Setting all seeds to 42
2026-02-01 17:58:03,896 - src.utils.seed_manager - DEBUG - ✓ Python random seed set
2026-02-01 17:58:03,896 - src.utils.seed_manager - DEBUG - ✓ NumPy seed set
2026-02-01 17:58:03,908 - src.utils.seed_manager - DEBUG - ✓ PyTorch CPU seed set
2026-02-01 17:58:03,909 - src.utils.seed_manager - DEBUG - ✓ PyTorch CUDA seeds set
2026-02-01 17:58:03,909 - src.utils.seed_manager - INFO - Enabling deterministic mode for PyTorch
2026-02-01 17:58:03,909 - src.utils.seed_manager - DEBUG - ✓ PyTorch deterministic algorithms enabled
2026-02-01 17:58:03,910 - src.utils.seed_manager - DEBUG - ✓ CuDNN deterministic mode enabled
2026-02-01 17:58:03,910 - src.utils.seed_manager - WARNING - CuDNN benchmark disabled - may reduce training speed
2026-02-01 17:58:03,992 - src.training.trainer - INFO - Model moved to device: cuda with bf16 precision
2026-02-01 17:58:03,993 - src.training.trainer - INFO - Created ADAMW optimizer with lr=0.0003
2026-02-01 17:58:03,993 - src.training.trainer - INFO - Trainer initialized successfully
2026-02-01 17:58:03,993 - root - INFO - 
📊 Creating data loaders...
2026-02-01 17:58:04,041 - root - INFO -    Train batches: 4,720
2026-02-01 17:58:04,042 - root - INFO -    Val batches:   7,511
2026-02-01 17:58:04,042 - root - INFO - 
🚀 Starting training...
2026-02-01 17:58:04,042 - root - INFO -    Epochs: 10
2026-02-01 17:58:04,042 - root - INFO -    Batch size: 24
2026-02-01 17:58:04,042 - root - INFO -    Learning rate: 0.0003
2026-02-01 17:58:04,042 - src.training.trainer - INFO - Creating cosine_with_warmup scheduler with 1000 warmup steps
2026-02-01 17:58:04,042 - src.training.trainer - INFO - Initializing W&B...
2026-02-01 17:58:04,042 - src.training.trainer - INFO - W&B project: hindi-babylm
2026-02-01 17:58:04,042 - src.training.trainer - INFO - W&B entity: not set
2026-02-01 17:58:04,042 - src.training.trainer - INFO - W&B mode: online
2026-02-01 17:58:04,057 - asyncio - DEBUG - Using selector: EpollSelector
2026-02-01 17:58:04,060 - git.util - DEBUG - sys.platform='linux', git_executable='git'
2026-02-01 17:58:04,064 - git.cmd - DEBUG - Popen(['git', 'rev-parse', '--show-toplevel'], cwd=/dss/dsshome1/00/ge95xod2/Hindi-BabyLM-Data-Efficient-Language-Modeling-for-Hindi, stdin=None, shell=False, universal_newlines=False)
2026-02-01 17:58:04,878 - git.util - DEBUG - sys.platform='linux', git_executable='git'
2026-02-01 17:58:04,883 - git.cmd - DEBUG - Popen(['git', 'cat-file', '--batch-check'], cwd=/dss/dsshome1/00/ge95xod2/Hindi-BabyLM-Data-Efficient-Language-Modeling-for-Hindi, stdin=<valid stream>, shell=False, universal_newlines=False)
2026-02-01 17:58:06,511 - src.training.trainer - INFO - ✓ W&B initialized successfully
2026-02-01 17:58:06,514 - src.training.trainer - INFO - ✓ View your run at: https://wandb.ai/ayushtalreja1-technische-universit-t-m-nchen/hindi-babylm/runs/ze0ewf7j
2026-02-01 17:58:06,514 - src.training.trainer - INFO - Starting training for 10 epochs
2026-02-01 17:58:06,515 - src.training.trainer - INFO -   Total steps: 47200
2026-02-01 17:58:06,515 - src.training.trainer - INFO -   Steps per epoch: 4720
2026-02-01 17:58:06,515 - src.training.trainer - INFO -   Batch size: 24
2026-02-01 17:58:06,516 - src.training.trainer - INFO -   Gradient accumulation steps: 1
2026-02-01 17:58:06,516 - src.training.trainer - INFO -   Effective batch size: 24
2026-02-01 17:58:06,517 - src.training.trainer - INFO - 
============================================================
2026-02-01 17:58:06,517 - src.training.trainer - INFO - Epoch 1/10
2026-02-01 17:58:06,517 - src.training.trainer - INFO - ============================================================
2026-02-01 18:23:40,858 - src.training.trainer - INFO - Train Loss: 2.5549
2026-02-01 18:23:40,873 - src.training.trainer - INFO - Val Loss: 2.4629
2026-02-01 18:23:40,873 - src.training.trainer - INFO - Perplexity: 11.74
2026-02-01 18:23:40,874 - src.training.trainer - INFO - Learning Rate: 2.95e-04
2026-02-01 18:23:40,874 - src.training.trainer - INFO - Avg Gradient Norm: 5.8259
2026-02-01 18:23:40,875 - src.training.trainer - INFO - ✓ Validation loss improved from inf to 2.4629
2026-02-01 18:23:41,372 - src.training.trainer - INFO - Checkpoint saved: results/deberta_10M_character_level/models/best.pt
2026-02-01 18:23:41,373 - src.training.trainer - INFO - 
============================================================
2026-02-01 18:23:41,374 - src.training.trainer - INFO - Epoch 2/10
2026-02-01 18:23:41,374 - src.training.trainer - INFO - ============================================================
2026-02-01 18:49:39,503 - src.training.trainer - INFO - Train Loss: 2.5257
2026-02-01 18:49:39,510 - src.training.trainer - INFO - Val Loss: 2.4022
2026-02-01 18:49:39,511 - src.training.trainer - INFO - Perplexity: 11.05
2026-02-01 18:49:39,511 - src.training.trainer - INFO - Learning Rate: 2.76e-04
2026-02-01 18:49:39,512 - src.training.trainer - INFO - Avg Gradient Norm: 7.0945
2026-02-01 18:49:39,513 - src.training.trainer - INFO - ✓ Validation loss improved from 2.4629 to 2.4022
2026-02-01 18:49:39,943 - src.training.trainer - INFO - Checkpoint saved: results/deberta_10M_character_level/models/best.pt
2026-02-01 18:49:39,944 - src.training.trainer - INFO - 
============================================================
2026-02-01 18:49:39,945 - src.training.trainer - INFO - Epoch 3/10
2026-02-01 18:49:39,945 - src.training.trainer - INFO - ============================================================
2026-02-01 19:15:37,315 - src.training.trainer - INFO - Train Loss: 2.4804
2026-02-01 19:15:37,322 - src.training.trainer - INFO - Val Loss: 2.3602
2026-02-01 19:15:37,323 - src.training.trainer - INFO - Perplexity: 10.59
2026-02-01 19:15:37,323 - src.training.trainer - INFO - Learning Rate: 2.44e-04
2026-02-01 19:15:37,324 - src.training.trainer - INFO - Avg Gradient Norm: 3.8442
2026-02-01 19:15:37,325 - src.training.trainer - INFO - ✓ Validation loss improved from 2.4022 to 2.3602
2026-02-01 19:15:37,730 - src.training.trainer - INFO - Checkpoint saved: results/deberta_10M_character_level/models/best.pt
2026-02-01 19:15:37,732 - src.training.trainer - INFO - 
============================================================
2026-02-01 19:15:37,732 - src.training.trainer - INFO - Epoch 4/10
2026-02-01 19:15:37,733 - src.training.trainer - INFO - ============================================================
2026-02-01 19:41:40,979 - src.training.trainer - INFO - Train Loss: 2.4430
2026-02-01 19:41:40,981 - src.training.trainer - INFO - Val Loss: 2.3393
2026-02-01 19:41:40,982 - src.training.trainer - INFO - Perplexity: 10.37
2026-02-01 19:41:40,982 - src.training.trainer - INFO - Learning Rate: 2.02e-04
2026-02-01 19:41:40,983 - src.training.trainer - INFO - Avg Gradient Norm: 2.8120
2026-02-01 19:41:40,984 - src.training.trainer - INFO - ✓ Validation loss improved from 2.3602 to 2.3393
2026-02-01 19:41:41,391 - src.training.trainer - INFO - Checkpoint saved: results/deberta_10M_character_level/models/best.pt
2026-02-01 19:41:41,392 - src.training.trainer - INFO - 
============================================================
2026-02-01 19:41:41,393 - src.training.trainer - INFO - Epoch 5/10
2026-02-01 19:41:41,393 - src.training.trainer - INFO - ============================================================
2026-02-01 20:07:52,494 - src.training.trainer - INFO - Train Loss: 2.4201
2026-02-01 20:07:52,495 - src.training.trainer - INFO - Val Loss: 2.3049
2026-02-01 20:07:52,496 - src.training.trainer - INFO - Perplexity: 10.02
2026-02-01 20:07:52,496 - src.training.trainer - INFO - Learning Rate: 1.55e-04
2026-02-01 20:07:52,497 - src.training.trainer - INFO - Avg Gradient Norm: 2.4925
2026-02-01 20:07:52,497 - src.training.trainer - INFO - ✓ Validation loss improved from 2.3393 to 2.3049
2026-02-01 20:07:52,938 - src.training.trainer - INFO - Checkpoint saved: results/deberta_10M_character_level/models/best.pt
2026-02-01 20:07:52,940 - src.training.trainer - INFO - 
============================================================
2026-02-01 20:07:52,941 - src.training.trainer - INFO - Epoch 6/10
2026-02-01 20:07:52,941 - src.training.trainer - INFO - ============================================================
2026-02-01 20:34:02,099 - src.training.trainer - INFO - Train Loss: 2.4052
2026-02-01 20:34:02,100 - src.training.trainer - INFO - Val Loss: 2.3002
2026-02-01 20:34:02,101 - src.training.trainer - INFO - Perplexity: 9.98
2026-02-01 20:34:02,102 - src.training.trainer - INFO - Learning Rate: 1.08e-04
2026-02-01 20:34:02,102 - src.training.trainer - INFO - Avg Gradient Norm: 2.3609
2026-02-01 20:34:02,103 - src.training.trainer - INFO - ✓ Validation loss improved from 2.3049 to 2.3002
2026-02-01 20:34:02,521 - src.training.trainer - INFO - Checkpoint saved: results/deberta_10M_character_level/models/best.pt
2026-02-01 20:34:02,526 - src.training.trainer - INFO - 
============================================================
2026-02-01 20:34:02,526 - src.training.trainer - INFO - Epoch 7/10
2026-02-01 20:34:02,527 - src.training.trainer - INFO - ============================================================
2026-02-01 21:00:09,025 - src.training.trainer - INFO - Train Loss: 2.4003
2026-02-01 21:00:09,062 - src.training.trainer - INFO - Val Loss: 2.2941
2026-02-01 21:00:09,062 - src.training.trainer - INFO - Perplexity: 9.92
2026-02-01 21:00:09,063 - src.training.trainer - INFO - Learning Rate: 6.43e-05
2026-02-01 21:00:09,063 - src.training.trainer - INFO - Avg Gradient Norm: 2.2954
2026-02-01 21:00:09,064 - src.training.trainer - INFO - ✓ Validation loss improved from 2.3002 to 2.2941
2026-02-01 21:00:09,485 - src.training.trainer - INFO - Checkpoint saved: results/deberta_10M_character_level/models/best.pt
2026-02-01 21:00:09,486 - src.training.trainer - INFO - 
============================================================
2026-02-01 21:00:09,487 - src.training.trainer - INFO - Epoch 8/10
2026-02-01 21:00:09,488 - src.training.trainer - INFO - ============================================================
2026-02-01 21:26:20,146 - src.training.trainer - INFO - Train Loss: 2.3979
2026-02-01 21:26:20,148 - src.training.trainer - INFO - Val Loss: 2.2945
2026-02-01 21:26:20,149 - src.training.trainer - INFO - Perplexity: 9.92
2026-02-01 21:26:20,149 - src.training.trainer - INFO - Learning Rate: 2.99e-05
2026-02-01 21:26:20,149 - src.training.trainer - INFO - Avg Gradient Norm: 2.2750
2026-02-01 21:26:20,150 - src.training.trainer - INFO - No improvement for 1 epoch(s)
2026-02-01 21:26:20,151 - src.training.trainer - INFO - 
============================================================
2026-02-01 21:26:20,151 - src.training.trainer - INFO - Epoch 9/10
2026-02-01 21:26:20,151 - src.training.trainer - INFO - ============================================================
2026-02-01 21:52:25,808 - src.training.trainer - INFO - Train Loss: 2.3968
2026-02-01 21:52:25,809 - src.training.trainer - INFO - Val Loss: 2.2951
2026-02-01 21:52:25,810 - src.training.trainer - INFO - Perplexity: 9.93
2026-02-01 21:52:25,810 - src.training.trainer - INFO - Learning Rate: 7.66e-06
2026-02-01 21:52:25,811 - src.training.trainer - INFO - Avg Gradient Norm: 2.2628
2026-02-01 21:52:25,812 - src.training.trainer - INFO - No improvement for 2 epoch(s)
2026-02-01 21:52:25,813 - src.training.trainer - INFO - 
============================================================
2026-02-01 21:52:25,814 - src.training.trainer - INFO - Epoch 10/10
2026-02-01 21:52:25,814 - src.training.trainer - INFO - ============================================================
2026-02-01 22:18:30,739 - src.training.trainer - INFO - Train Loss: 2.3931
2026-02-01 22:18:30,740 - src.training.trainer - INFO - Val Loss: 2.2936
2026-02-01 22:18:30,741 - src.training.trainer - INFO - Perplexity: 9.91
2026-02-01 22:18:30,741 - src.training.trainer - INFO - Learning Rate: 0.00e+00
2026-02-01 22:18:30,742 - src.training.trainer - INFO - Avg Gradient Norm: 2.2635
2026-02-01 22:18:30,742 - src.training.trainer - INFO - No improvement for 3 epoch(s)
2026-02-01 22:18:30,743 - src.training.trainer - INFO - Early stopping triggered (validation loss) after 10 epochs
2026-02-01 22:18:30,743 - src.training.trainer - INFO - 
============================================================
2026-02-01 22:18:30,744 - src.training.trainer - INFO - Training completed!
2026-02-01 22:18:30,744 - src.training.trainer - INFO - Best validation loss: 2.2941
2026-02-01 22:18:30,745 - src.training.trainer - INFO - ============================================================
2026-02-01 22:18:31,682 - root - INFO - 
💾 Saving training summary...
2026-02-01 22:18:31,686 - root - INFO -    Summary saved to: results/deberta_10M_character_level/training_summary.json
2026-02-01 22:18:31,686 - root - INFO - 
✅ Model training completed successfully!
2026-02-01 22:18:31,998 - root - INFO - ✓ Memory cleanup after training completed
2026-02-01 22:18:31,998 - root - INFO - Starting evaluation stage...
2026-02-01 22:18:31,998 - root - INFO - 
📋 Initializing evaluation manager...
2026-02-01 22:18:31,999 - root - INFO -    Added evaluation config to evaluator
2026-02-01 22:18:31,999 - src.evaluation.indicglue_evaluator - INFO - IndicGLUE evaluator initialized on device: cuda:0
2026-02-01 22:18:31,999 - src.evaluation.indicglue_evaluator - INFO - Max sequence length: 1024 tokens (IndicBERT paper uses 128)
2026-02-01 22:18:31,999 - src.evaluation.indicglue_evaluator - INFO - Tokenizer pad_token: <pad> (id: 0)
2026-02-01 22:18:31,999 - src.evaluation.indicglue_evaluator - WARNING - Could not definitively determine model type for HindiDeBERTaModel, assuming language model
2026-02-01 22:18:31,999 - src.evaluation.indicglue_evaluator - INFO - Model type detected: Language Model
2026-02-01 22:18:31,999 - src.evaluation.indicglue_evaluator - INFO - Initialized TaskRegistry with 8 tasks
2026-02-01 22:18:32,000 - src.evaluation.metrics_utils - DEBUG - MetricsAggregator initialized: bootstrap_samples=1000, confidence_level=0.95
2026-02-01 22:18:32,000 - src.evaluation.indicglue_evaluator - INFO - Label validation mode: STRICT (invalid labels will raise errors)
2026-02-01 22:18:32,002 - src.evaluation.evaluation_cache - INFO - Evaluation cache initialized at: .eval_cache
2026-02-01 22:18:32,002 - src.evaluation.evaluation_cache - INFO - Cache expiration: 30 days
2026-02-01 22:18:32,002 - src.evaluation.indicglue_evaluator - INFO - Evaluation mode initialized: zero-shot (will switch to fine-tuned after training)
2026-02-01 22:18:32,003 - src.evaluation.indicglue_evaluator - INFO - Initialized TaskDataExtractor
2026-02-01 22:18:32,003 - src.evaluation.indicglue_evaluator - INFO - Initialized DataLoaderFactory
2026-02-01 22:18:32,003 - src.evaluation.indicglue_evaluator - INFO - Initialized evaluation strategies (Classification, MC, Perplexity)
2026-02-01 22:18:32,003 - src.evaluation.indicglue_evaluator - INFO - Using internal _get_model_for_task for fine-tuning
2026-02-01 22:18:32,003 - src.evaluation.indicglue.fine_tuning_manager - INFO - FineTuningManager initialized: freeze_base=False, use_auto_models=False, lr=0.0001, epochs=10, batch_size=32, grad_accum=2, warmup_ratio=0.05, scheduler_type=linear, weight_decay=0.001, dropout=0.1, max_grad_norm=1.0, label_smoothing=0.0, patience=5, min_delta=0.0
2026-02-01 22:18:32,003 - src.evaluation.indicglue_evaluator - INFO - Initialized FineTuningManager (refactored with config, dataloader_factory, model_provider)
2026-02-01 22:18:32,003 - src.evaluation.indicglue_evaluator - INFO - Initialized ResultVisualizer
2026-02-01 22:18:32,003 - src.evaluation.multiblimp_evaluator - INFO - Final model type for MultiBLiMP: HindiDeBERTaModel
2026-02-01 22:18:32,003 - src.evaluation.multiblimp_evaluator - INFO - Model module: src.models.deberta_model
2026-02-01 22:18:32,003 - src.evaluation.multiblimp_evaluator - INFO - Model has 59 public attributes
2026-02-01 22:18:32,003 - src.evaluation.multiblimp_evaluator - DEBUG - Model attributes: ['MODEL_SIZES', 'T_destination', 'add_module', 'apply', 'bfloat16', 'buffers', 'call_super_init', 'children', 'compile', 'config', 'cpu', 'cuda', 'double', 'dump_patches', 'eval', 'extra_repr', 'float', 'forward', 'get_buffer', 'get_extra_state', 'get_parameter', 'get_submodule', 'half', 'ipu', 'load_state_dict', 'model', 'modules', 'mtia', 'named_buffers', 'named_children', 'named_modules', 'named_parameters', 'num_parameters', 'parameters', 'register_backward_hook', 'register_buffer', 'register_forward_hook', 'register_forward_pre_hook', 'register_full_backward_hook', 'register_full_backward_pre_hook', 'register_load_state_dict_post_hook', 'register_load_state_dict_pre_hook', 'register_module', 'register_parameter', 'register_state_dict_post_hook', 'register_state_dict_pre_hook', 'requires_grad_', 'set_extra_state', 'set_submodule', 'share_memory', 'smart_apply', 'state_dict', 'to', 'to_empty', 'train', 'training', 'type', 'xpu', 'zero_grad']
2026-02-01 22:18:32,004 - src.evaluation.multiblimp_evaluator - INFO - MultiBLiMP evaluator initialized on device: cuda:0
2026-02-01 22:18:32,004 - src.evaluation.multiblimp_evaluator - INFO - Model type: MLM (bidirectional)
2026-02-01 22:18:32,004 - src.evaluation.multiblimp_evaluator - INFO - Will use pseudo-log-likelihood for perplexity computation
2026-02-01 22:18:32,004 - src.evaluation.multiblimp_evaluator - INFO - Attempting to load MultiBLiMP dataset from HuggingFace (jumelet/multiblimp)...
2026-02-01 22:18:33,988 - filelock - DEBUG - Attempting to acquire lock 140639525489728 on /dss/dsshome1/00/ge95xod2/.cache/huggingface/datasets/_dss_dsshome1_00_ge95xod2_.cache_huggingface_datasets_jumelet___multiblimp_hin_0.0.0_de923efa8d2483d6b13364ee68e65308e990a991.lock
2026-02-01 22:18:33,991 - filelock - DEBUG - Lock 140639525489728 acquired on /dss/dsshome1/00/ge95xod2/.cache/huggingface/datasets/_dss_dsshome1_00_ge95xod2_.cache_huggingface_datasets_jumelet___multiblimp_hin_0.0.0_de923efa8d2483d6b13364ee68e65308e990a991.lock
2026-02-01 22:18:33,993 - fsspec.local - DEBUG - open file: /dss/dsshome1/00/ge95xod2/.cache/huggingface/datasets/jumelet___multiblimp/hin/0.0.0/de923efa8d2483d6b13364ee68e65308e990a991/dataset_info.json
2026-02-01 22:18:33,994 - filelock - DEBUG - Attempting to release lock 140639525489728 on /dss/dsshome1/00/ge95xod2/.cache/huggingface/datasets/_dss_dsshome1_00_ge95xod2_.cache_huggingface_datasets_jumelet___multiblimp_hin_0.0.0_de923efa8d2483d6b13364ee68e65308e990a991.lock
2026-02-01 22:18:33,994 - filelock - DEBUG - Lock 140639525489728 released on /dss/dsshome1/00/ge95xod2/.cache/huggingface/datasets/_dss_dsshome1_00_ge95xod2_.cache_huggingface_datasets_jumelet___multiblimp_hin_0.0.0_de923efa8d2483d6b13364ee68e65308e990a991.lock
2026-02-01 22:18:34,156 - filelock - DEBUG - Attempting to acquire lock 140639524668368 on /dss/dsshome1/00/ge95xod2/.cache/huggingface/datasets/jumelet___multiblimp/hin/0.0.0/de923efa8d2483d6b13364ee68e65308e990a991_builder.lock
2026-02-01 22:18:34,160 - filelock - DEBUG - Lock 140639524668368 acquired on /dss/dsshome1/00/ge95xod2/.cache/huggingface/datasets/jumelet___multiblimp/hin/0.0.0/de923efa8d2483d6b13364ee68e65308e990a991_builder.lock
2026-02-01 22:18:34,160 - fsspec.local - DEBUG - open file: /dss/dsshome1/00/ge95xod2/.cache/huggingface/datasets/jumelet___multiblimp/hin/0.0.0/de923efa8d2483d6b13364ee68e65308e990a991/dataset_info.json
2026-02-01 22:18:34,162 - filelock - DEBUG - Attempting to release lock 140639524668368 on /dss/dsshome1/00/ge95xod2/.cache/huggingface/datasets/jumelet___multiblimp/hin/0.0.0/de923efa8d2483d6b13364ee68e65308e990a991_builder.lock
2026-02-01 22:18:34,162 - filelock - DEBUG - Lock 140639524668368 released on /dss/dsshome1/00/ge95xod2/.cache/huggingface/datasets/jumelet___multiblimp/hin/0.0.0/de923efa8d2483d6b13364ee68e65308e990a991_builder.lock
2026-02-01 22:18:34,736 - src.evaluation.multiblimp_evaluator - INFO - Successfully loaded external dataset with 1447 examples
2026-02-01 22:18:35,116 - src.evaluation.multiblimp_evaluator - INFO - Converted to 1447 minimal pairs across 5 phenomena
2026-02-01 22:18:35,116 - src.evaluation.multiblimp_evaluator - DEBUG -   SP-#: 100 pairs
2026-02-01 22:18:35,116 - src.evaluation.multiblimp_evaluator - DEBUG -   SP-G: 109 pairs
2026-02-01 22:18:35,117 - src.evaluation.multiblimp_evaluator - DEBUG -   SV-#: 407 pairs
2026-02-01 22:18:35,117 - src.evaluation.multiblimp_evaluator - DEBUG -   SV-G: 419 pairs
2026-02-01 22:18:35,117 - src.evaluation.multiblimp_evaluator - DEBUG -   SV-P: 412 pairs
2026-02-01 22:18:35,117 - src.evaluation.multiblimp_evaluator - INFO - MultiBLiMP test coverage: 1447 minimal pairs across 5 phenomena
2026-02-01 22:18:35,117 - src.evaluation.multiblimp_evaluator - INFO - Per-phenomenon test coverage:
2026-02-01 22:18:35,117 - src.evaluation.multiblimp_evaluator - INFO -   SP-#: 100 pairs
2026-02-01 22:18:35,117 - src.evaluation.multiblimp_evaluator - INFO -   SP-G: 109 pairs
2026-02-01 22:18:35,117 - src.evaluation.multiblimp_evaluator - INFO -   SV-#: 407 pairs
2026-02-01 22:18:35,118 - src.evaluation.multiblimp_evaluator - INFO -   SV-G: 419 pairs
2026-02-01 22:18:35,118 - src.evaluation.multiblimp_evaluator - INFO -   SV-P: 412 pairs
2026-02-01 22:18:35,118 - src.evaluation.multiblimp_evaluator - INFO - Validating model output structure...
2026-02-01 22:18:35,323 - src.evaluation.multiblimp_evaluator - WARNING - Vocabulary size is 228, which seems small for a language model. Expected 10k-50k. This might indicate a classification model.
2026-02-01 22:18:35,323 - src.evaluation.multiblimp_evaluator - INFO - ✓ Model validation passed!
2026-02-01 22:18:35,323 - src.evaluation.multiblimp_evaluator - INFO -   Output shape: torch.Size([1, 5, 228])
2026-02-01 22:18:35,323 - src.evaluation.multiblimp_evaluator - INFO -   Vocabulary size: 228
2026-02-01 22:18:35,323 - root - INFO - 
🔍 Running comprehensive evaluation...
2026-02-01 22:18:35,323 - root - INFO -    This may take several minutes...
2026-02-01 22:18:35,324 - root - INFO -    Enabled benchmarks: indicglue, multiblimp
2026-02-01 22:18:35,324 - src.evaluation.indicglue_evaluator - INFO - Starting IndicGLUE evaluation on all tasks...
2026-02-01 22:18:35,324 - src.evaluation.indicglue_evaluator - INFO - 
Evaluating BBCArticlesClassification...
2026-02-01 22:18:35,324 - src.evaluation.evaluation_cache - DEBUG - Cache key includes model_type: deberta
2026-02-01 22:18:35,324 - src.evaluation.evaluation_cache - DEBUG - Cache key includes vocab_size: 228
2026-02-01 22:18:35,324 - src.evaluation.evaluation_cache - DEBUG - Cache key includes tokenizer_type: character
2026-02-01 22:18:35,324 - src.evaluation.evaluation_cache - DEBUG - Generated cache key: ed0b07ebdeb5f76d4837213dc127ec1b636004ac3ff00e68dfeaa8ff99f56842
2026-02-01 22:18:35,327 - src.evaluation.evaluation_cache - DEBUG - Cache miss: ed0b07ebdeb5f76d4837213dc127ec1b636004ac3ff00e68dfeaa8ff99f56842
2026-02-01 22:18:35,328 - src.evaluation.indicglue_evaluator - INFO - ✗ Cache miss for BBCArticlesClassification (fine-tuned mode)
2026-02-01 22:18:35,328 - src.evaluation.indicglue_evaluator - INFO -   Proceeding with fine-tuning and inference
2026-02-01 22:18:35,328 - src.evaluation.indicglue_evaluator - INFO - Fine-tuning mode enabled for BBCArticlesClassification
2026-02-01 22:18:35,328 - src.evaluation.indicglue_evaluator - INFO - Using original HuggingFace splits for BBCArticlesClassification
2026-02-01 22:18:35,328 - src.evaluation.indicglue_evaluator - INFO - Attempting to load BBCArticlesClassification from ai4bharat/indic_glue with config 'bbca.hi' (split=train)
2026-02-01 22:18:37,065 - filelock - DEBUG - Attempting to acquire lock 140639514105984 on /dss/dsshome1/00/ge95xod2/.cache/huggingface/datasets/_dss_dsshome1_00_ge95xod2_.cache_huggingface_datasets_ai4bharat___indic_glue_bbca.hi_0.0.0_6dcbebd49d6b12965d433bffcd07e9a786211703.lock
2026-02-01 22:18:37,069 - filelock - DEBUG - Lock 140639514105984 acquired on /dss/dsshome1/00/ge95xod2/.cache/huggingface/datasets/_dss_dsshome1_00_ge95xod2_.cache_huggingface_datasets_ai4bharat___indic_glue_bbca.hi_0.0.0_6dcbebd49d6b12965d433bffcd07e9a786211703.lock
2026-02-01 22:18:37,070 - fsspec.local - DEBUG - open file: /dss/dsshome1/00/ge95xod2/.cache/huggingface/datasets/ai4bharat___indic_glue/bbca.hi/0.0.0/6dcbebd49d6b12965d433bffcd07e9a786211703/dataset_info.json
2026-02-01 22:18:37,071 - filelock - DEBUG - Attempting to release lock 140639514105984 on /dss/dsshome1/00/ge95xod2/.cache/huggingface/datasets/_dss_dsshome1_00_ge95xod2_.cache_huggingface_datasets_ai4bharat___indic_glue_bbca.hi_0.0.0_6dcbebd49d6b12965d433bffcd07e9a786211703.lock
2026-02-01 22:18:37,071 - filelock - DEBUG - Lock 140639514105984 released on /dss/dsshome1/00/ge95xod2/.cache/huggingface/datasets/_dss_dsshome1_00_ge95xod2_.cache_huggingface_datasets_ai4bharat___indic_glue_bbca.hi_0.0.0_6dcbebd49d6b12965d433bffcd07e9a786211703.lock
2026-02-01 22:18:37,074 - filelock - DEBUG - Attempting to acquire lock 140640584521472 on /dss/dsshome1/00/ge95xod2/.cache/huggingface/datasets/ai4bharat___indic_glue/bbca.hi/0.0.0/6dcbebd49d6b12965d433bffcd07e9a786211703_builder.lock
2026-02-01 22:18:37,092 - filelock - DEBUG - Lock 140640584521472 acquired on /dss/dsshome1/00/ge95xod2/.cache/huggingface/datasets/ai4bharat___indic_glue/bbca.hi/0.0.0/6dcbebd49d6b12965d433bffcd07e9a786211703_builder.lock
2026-02-01 22:18:37,093 - fsspec.local - DEBUG - open file: /dss/dsshome1/00/ge95xod2/.cache/huggingface/datasets/ai4bharat___indic_glue/bbca.hi/0.0.0/6dcbebd49d6b12965d433bffcd07e9a786211703/dataset_info.json
2026-02-01 22:18:37,093 - filelock - DEBUG - Attempting to release lock 140640584521472 on /dss/dsshome1/00/ge95xod2/.cache/huggingface/datasets/ai4bharat___indic_glue/bbca.hi/0.0.0/6dcbebd49d6b12965d433bffcd07e9a786211703_builder.lock
2026-02-01 22:18:37,093 - filelock - DEBUG - Lock 140640584521472 released on /dss/dsshome1/00/ge95xod2/.cache/huggingface/datasets/ai4bharat___indic_glue/bbca.hi/0.0.0/6dcbebd49d6b12965d433bffcd07e9a786211703_builder.lock
2026-02-01 22:18:37,263 - src.evaluation.indicglue_evaluator - INFO - Successfully loaded BBCArticlesClassification train split with 3467 examples
2026-02-01 22:18:37,264 - src.evaluation.indicglue_evaluator - INFO -   Loaded train: 3467 examples
2026-02-01 22:18:37,264 - src.evaluation.indicglue_evaluator - INFO - Attempting to load BBCArticlesClassification from ai4bharat/indic_glue with config 'bbca.hi' (split=validation)
2026-02-01 22:18:38,217 - filelock - DEBUG - Attempting to acquire lock 140640584521088 on /dss/dsshome1/00/ge95xod2/.cache/huggingface/datasets/_dss_dsshome1_00_ge95xod2_.cache_huggingface_datasets_ai4bharat___indic_glue_bbca.hi_0.0.0_6dcbebd49d6b12965d433bffcd07e9a786211703.lock
2026-02-01 22:18:38,218 - filelock - DEBUG - Lock 140640584521088 acquired on /dss/dsshome1/00/ge95xod2/.cache/huggingface/datasets/_dss_dsshome1_00_ge95xod2_.cache_huggingface_datasets_ai4bharat___indic_glue_bbca.hi_0.0.0_6dcbebd49d6b12965d433bffcd07e9a786211703.lock
2026-02-01 22:18:38,219 - fsspec.local - DEBUG - open file: /dss/dsshome1/00/ge95xod2/.cache/huggingface/datasets/ai4bharat___indic_glue/bbca.hi/0.0.0/6dcbebd49d6b12965d433bffcd07e9a786211703/dataset_info.json
2026-02-01 22:18:38,219 - filelock - DEBUG - Attempting to release lock 140640584521088 on /dss/dsshome1/00/ge95xod2/.cache/huggingface/datasets/_dss_dsshome1_00_ge95xod2_.cache_huggingface_datasets_ai4bharat___indic_glue_bbca.hi_0.0.0_6dcbebd49d6b12965d433bffcd07e9a786211703.lock
2026-02-01 22:18:38,219 - filelock - DEBUG - Lock 140640584521088 released on /dss/dsshome1/00/ge95xod2/.cache/huggingface/datasets/_dss_dsshome1_00_ge95xod2_.cache_huggingface_datasets_ai4bharat___indic_glue_bbca.hi_0.0.0_6dcbebd49d6b12965d433bffcd07e9a786211703.lock
2026-02-01 22:18:38,221 - filelock - DEBUG - Attempting to acquire lock 140639514124640 on /dss/dsshome1/00/ge95xod2/.cache/huggingface/datasets/ai4bharat___indic_glue/bbca.hi/0.0.0/6dcbebd49d6b12965d433bffcd07e9a786211703_builder.lock
2026-02-01 22:18:38,222 - filelock - DEBUG - Lock 140639514124640 acquired on /dss/dsshome1/00/ge95xod2/.cache/huggingface/datasets/ai4bharat___indic_glue/bbca.hi/0.0.0/6dcbebd49d6b12965d433bffcd07e9a786211703_builder.lock
2026-02-01 22:18:38,222 - fsspec.local - DEBUG - open file: /dss/dsshome1/00/ge95xod2/.cache/huggingface/datasets/ai4bharat___indic_glue/bbca.hi/0.0.0/6dcbebd49d6b12965d433bffcd07e9a786211703/dataset_info.json
2026-02-01 22:18:38,222 - filelock - DEBUG - Attempting to release lock 140639514124640 on /dss/dsshome1/00/ge95xod2/.cache/huggingface/datasets/ai4bharat___indic_glue/bbca.hi/0.0.0/6dcbebd49d6b12965d433bffcd07e9a786211703_builder.lock
2026-02-01 22:18:38,222 - filelock - DEBUG - Lock 140639514124640 released on /dss/dsshome1/00/ge95xod2/.cache/huggingface/datasets/ai4bharat___indic_glue/bbca.hi/0.0.0/6dcbebd49d6b12965d433bffcd07e9a786211703_builder.lock
2026-02-01 22:18:38,223 - src.evaluation.indicglue_evaluator - DEBUG - Failed to load BBCArticlesClassification validation split from HuggingFace: Unknown split "validation". Should be one of ['train', 'test'].
2026-02-01 22:18:38,223 - src.evaluation.indicglue_evaluator - INFO - Attempting to load BBCArticlesClassification from ai4bharat/indic_glue with config 'bbca.hi' (split=test)
2026-02-01 22:18:39,207 - filelock - DEBUG - Attempting to acquire lock 140639524631264 on /dss/dsshome1/00/ge95xod2/.cache/huggingface/datasets/_dss_dsshome1_00_ge95xod2_.cache_huggingface_datasets_ai4bharat___indic_glue_bbca.hi_0.0.0_6dcbebd49d6b12965d433bffcd07e9a786211703.lock
2026-02-01 22:18:39,208 - filelock - DEBUG - Lock 140639524631264 acquired on /dss/dsshome1/00/ge95xod2/.cache/huggingface/datasets/_dss_dsshome1_00_ge95xod2_.cache_huggingface_datasets_ai4bharat___indic_glue_bbca.hi_0.0.0_6dcbebd49d6b12965d433bffcd07e9a786211703.lock
2026-02-01 22:18:39,208 - fsspec.local - DEBUG - open file: /dss/dsshome1/00/ge95xod2/.cache/huggingface/datasets/ai4bharat___indic_glue/bbca.hi/0.0.0/6dcbebd49d6b12965d433bffcd07e9a786211703/dataset_info.json
2026-02-01 22:18:39,209 - filelock - DEBUG - Attempting to release lock 140639524631264 on /dss/dsshome1/00/ge95xod2/.cache/huggingface/datasets/_dss_dsshome1_00_ge95xod2_.cache_huggingface_datasets_ai4bharat___indic_glue_bbca.hi_0.0.0_6dcbebd49d6b12965d433bffcd07e9a786211703.lock
2026-02-01 22:18:39,209 - filelock - DEBUG - Lock 140639524631264 released on /dss/dsshome1/00/ge95xod2/.cache/huggingface/datasets/_dss_dsshome1_00_ge95xod2_.cache_huggingface_datasets_ai4bharat___indic_glue_bbca.hi_0.0.0_6dcbebd49d6b12965d433bffcd07e9a786211703.lock
2026-02-01 22:18:39,211 - filelock - DEBUG - Attempting to acquire lock 140639514612016 on /dss/dsshome1/00/ge95xod2/.cache/huggingface/datasets/ai4bharat___indic_glue/bbca.hi/0.0.0/6dcbebd49d6b12965d433bffcd07e9a786211703_builder.lock
2026-02-01 22:18:39,211 - filelock - DEBUG - Lock 140639514612016 acquired on /dss/dsshome1/00/ge95xod2/.cache/huggingface/datasets/ai4bharat___indic_glue/bbca.hi/0.0.0/6dcbebd49d6b12965d433bffcd07e9a786211703_builder.lock
2026-02-01 22:18:39,212 - fsspec.local - DEBUG - open file: /dss/dsshome1/00/ge95xod2/.cache/huggingface/datasets/ai4bharat___indic_glue/bbca.hi/0.0.0/6dcbebd49d6b12965d433bffcd07e9a786211703/dataset_info.json
2026-02-01 22:18:39,212 - filelock - DEBUG - Attempting to release lock 140639514612016 on /dss/dsshome1/00/ge95xod2/.cache/huggingface/datasets/ai4bharat___indic_glue/bbca.hi/0.0.0/6dcbebd49d6b12965d433bffcd07e9a786211703_builder.lock
2026-02-01 22:18:39,212 - filelock - DEBUG - Lock 140639514612016 released on /dss/dsshome1/00/ge95xod2/.cache/huggingface/datasets/ai4bharat___indic_glue/bbca.hi/0.0.0/6dcbebd49d6b12965d433bffcd07e9a786211703_builder.lock
2026-02-01 22:18:39,256 - src.evaluation.indicglue_evaluator - INFO - Successfully loaded BBCArticlesClassification test split with 866 examples
2026-02-01 22:18:39,256 - src.evaluation.indicglue_evaluator - INFO -   Loaded test: 866 examples
2026-02-01 22:18:39,256 - src.evaluation.indicglue_evaluator - INFO - Fine-tuning BBCArticlesClassification without validation set
2026-02-01 22:18:39,256 - src.evaluation.indicglue_evaluator - INFO - Fine-tuning on BBCArticlesClassification...
2026-02-01 22:18:39,256 - src.evaluation.indicglue.fine_tuning_manager - INFO - Starting fine-tuning for BBCArticlesClassification
2026-02-01 22:18:39,256 - src.evaluation.indicglue.fine_tuning_manager - INFO - Train samples: 3467, No validation set
2026-02-01 22:18:39,256 - src.evaluation.indicglue_evaluator - INFO - Detected BERT-style model: HindiDeBERTaModel → will use [CLS] token pooling
2026-02-01 22:18:39,257 - src.evaluation.indicglue_evaluator - INFO - Wrapping model for task 'BBCArticlesClassification' with 14 classes
2026-02-01 22:18:39,277 - src.models.classification_models - INFO - DeBERTaForSequenceClassification initialized: num_classes=14, hidden_size=768, pooling=first, weight_std=0.0505, bias=0.10
2026-02-01 22:18:39,281 - src.evaluation.indicglue.fine_tuning_manager - INFO - Starting training loop for BBCArticlesClassification
2026-02-01 22:18:39,283 - src.evaluation.indicglue.fine_tuning_manager - INFO - Model parameters: 87,013,874 total, 87,013,874 trainable (100.0%)
2026-02-01 22:18:39,283 - src.evaluation.indicglue.fine_tuning_manager - INFO - ✓ End-to-end training mode (all parameters trainable)
2026-02-01 22:18:39,286 - src.evaluation.indicglue.fine_tuning_manager - INFO - Optimizer: AdamW with 77 params with decay, 127 without decay
2026-02-01 22:18:39,287 - src.evaluation.indicglue.fine_tuning_manager - INFO - Scheduler created: Linear schedule with 54 warmup steps (total 1090 steps)
2026-02-01 22:18:39,287 - src.evaluation.indicglue.fine_tuning_manager - INFO - Training config: total_steps=1090, warmup_steps=54 (5.0%)
2026-02-01 22:19:24,850 - src.evaluation.indicglue.fine_tuning_manager - INFO - Epoch 1/10: train_loss=3.4445
2026-02-01 22:20:10,084 - src.evaluation.indicglue.fine_tuning_manager - INFO - Epoch 2/10: train_loss=3.4253
2026-02-01 22:20:55,335 - src.evaluation.indicglue.fine_tuning_manager - INFO - Epoch 3/10: train_loss=3.2921
2026-02-01 22:21:40,573 - src.evaluation.indicglue.fine_tuning_manager - INFO - Epoch 4/10: train_loss=2.9308
2026-02-01 22:22:25,816 - src.evaluation.indicglue.fine_tuning_manager - INFO - Epoch 5/10: train_loss=2.5058
2026-02-01 22:23:11,036 - src.evaluation.indicglue.fine_tuning_manager - INFO - Epoch 6/10: train_loss=2.2028
2026-02-01 22:23:56,254 - src.evaluation.indicglue.fine_tuning_manager - INFO - Epoch 7/10: train_loss=2.0590
2026-02-01 22:24:41,454 - src.evaluation.indicglue.fine_tuning_manager - INFO - Epoch 8/10: train_loss=1.9685
2026-02-01 22:25:26,683 - src.evaluation.indicglue.fine_tuning_manager - INFO - Epoch 9/10: train_loss=1.9271
2026-02-01 22:26:11,866 - src.evaluation.indicglue.fine_tuning_manager - INFO - Epoch 10/10: train_loss=1.9143
2026-02-01 22:26:11,866 - src.evaluation.indicglue.fine_tuning_manager - INFO - Using final model from epoch 10
2026-02-01 22:26:12,453 - src.evaluation.indicglue.fine_tuning_manager - DEBUG - CUDA memory cleanup completed successfully
2026-02-01 22:26:12,454 - src.evaluation.indicglue.fine_tuning_manager - DEBUG - Cleaned up optimizer, scheduler, and GPU memory after fine-tuning
2026-02-01 22:26:12,454 - src.evaluation.indicglue_evaluator - INFO - Evaluation mode switched to: fine-tuned (will use classification heads for all tasks)
2026-02-01 22:26:12,454 - src.evaluation.indicglue_evaluator - INFO - Evaluating fine-tuned model on test set...
2026-02-01 22:26:12,454 - src.evaluation.indicglue_evaluator - INFO - Evaluating on 866 examples
2026-02-01 22:26:12,454 - src.evaluation.indicglue_evaluator - INFO - [ROUTING] BBCArticlesClassification: Classification/NLI task → Using classification head
2026-02-01 22:26:12,454 - src.evaluation.indicglue_evaluator - INFO - Evaluating BBCArticlesClassification on 866 examples
2026-02-01 22:26:19,206 - src.evaluation.indicglue_evaluator - DEBUG - DataLoader cleanup completed
2026-02-01 22:27:15,332 - src.evaluation.evaluation_cache - INFO - Predictions cached: ed0b07ebdeb5f76d4837213dc127ec1b636004ac3ff00e68dfeaa8ff99f56842
2026-02-01 22:27:15,350 - src.evaluation.evaluation_cache - DEBUG -   Samples: 2
2026-02-01 22:27:15,350 - src.evaluation.indicglue_evaluator - INFO - Saved predictions to cache for BBCArticlesClassification
2026-02-01 22:27:15,350 - src.evaluation.indicglue_evaluator - DEBUG - Cleared wrapped model cache for BBCArticlesClassification
2026-02-01 22:27:15,888 - src.evaluation.indicglue_evaluator - DEBUG - CUDA memory cleanup completed successfully
2026-02-01 22:27:15,891 - src.evaluation.indicglue_evaluator - INFO - BBCArticlesClassification Results:
2026-02-01 22:27:15,891 - src.evaluation.indicglue_evaluator - INFO -   num_examples: 866.0000
2026-02-01 22:27:15,891 - src.evaluation.indicglue_evaluator - INFO -   accuracy: 0.4145
2026-02-01 22:27:15,891 - src.evaluation.indicglue_evaluator - INFO -   f1_macro: 0.0537
2026-02-01 22:27:15,891 - src.evaluation.indicglue_evaluator - INFO -   f1_weighted: 0.2812
2026-02-01 22:27:15,891 - src.evaluation.indicglue_evaluator - INFO -   precision_macro: 0.0549
2026-02-01 22:27:15,891 - src.evaluation.indicglue_evaluator - INFO -   recall_macro: 0.0751
2026-02-01 22:27:15,892 - src.evaluation.indicglue_evaluator - INFO -   fine_tuned: 1.0000
2026-02-01 22:27:15,892 - src.evaluation.indicglue_evaluator - INFO -   fine_tuning_time_seconds: 453.1978
2026-02-01 22:27:16,297 - src.evaluation.indicglue_evaluator - DEBUG - CUDA memory cleanup completed successfully
2026-02-01 22:27:16,298 - src.evaluation.indicglue_evaluator - INFO - 
Evaluating Wikipedia Section Title Prediction...
2026-02-01 22:27:16,310 - src.evaluation.evaluation_cache - DEBUG - Cache key includes model_type: deberta
2026-02-01 22:27:16,311 - src.evaluation.evaluation_cache - DEBUG - Cache key includes vocab_size: 228
2026-02-01 22:27:16,311 - src.evaluation.evaluation_cache - DEBUG - Cache key includes tokenizer_type: character
2026-02-01 22:27:16,311 - src.evaluation.evaluation_cache - DEBUG - Generated cache key: e8436c5dc15465257f1863401b125c0dbe87561ee3efa440e2f501e778884715
2026-02-01 22:27:16,313 - src.evaluation.evaluation_cache - DEBUG - Cache miss: e8436c5dc15465257f1863401b125c0dbe87561ee3efa440e2f501e778884715
2026-02-01 22:27:16,313 - src.evaluation.indicglue_evaluator - INFO - ✗ Cache miss for Wikipedia Section Title Prediction (fine-tuned mode)
2026-02-01 22:27:16,313 - src.evaluation.indicglue_evaluator - INFO -   Proceeding with fine-tuning and inference
2026-02-01 22:27:16,313 - src.evaluation.indicglue_evaluator - INFO - Fine-tuning mode enabled for Wikipedia Section Title Prediction
2026-02-01 22:27:16,313 - src.evaluation.indicglue_evaluator - INFO - Using original HuggingFace splits for Wikipedia Section Title Prediction
2026-02-01 22:27:16,313 - src.evaluation.indicglue_evaluator - INFO - Attempting to load Wikipedia Section Title Prediction from ai4bharat/indic_glue with config 'wstp.hi' (split=train)
2026-02-01 22:27:17,838 - filelock - DEBUG - Attempting to acquire lock 140639514385280 on /dss/dsshome1/00/ge95xod2/.cache/huggingface/datasets/_dss_dsshome1_00_ge95xod2_.cache_huggingface_datasets_ai4bharat___indic_glue_wstp.hi_0.0.0_6dcbebd49d6b12965d433bffcd07e9a786211703.lock
2026-02-01 22:27:17,842 - filelock - DEBUG - Lock 140639514385280 acquired on /dss/dsshome1/00/ge95xod2/.cache/huggingface/datasets/_dss_dsshome1_00_ge95xod2_.cache_huggingface_datasets_ai4bharat___indic_glue_wstp.hi_0.0.0_6dcbebd49d6b12965d433bffcd07e9a786211703.lock
2026-02-01 22:27:17,844 - fsspec.local - DEBUG - open file: /dss/dsshome1/00/ge95xod2/.cache/huggingface/datasets/ai4bharat___indic_glue/wstp.hi/0.0.0/6dcbebd49d6b12965d433bffcd07e9a786211703/dataset_info.json
2026-02-01 22:27:17,844 - filelock - DEBUG - Attempting to release lock 140639514385280 on /dss/dsshome1/00/ge95xod2/.cache/huggingface/datasets/_dss_dsshome1_00_ge95xod2_.cache_huggingface_datasets_ai4bharat___indic_glue_wstp.hi_0.0.0_6dcbebd49d6b12965d433bffcd07e9a786211703.lock
2026-02-01 22:27:17,844 - filelock - DEBUG - Lock 140639514385280 released on /dss/dsshome1/00/ge95xod2/.cache/huggingface/datasets/_dss_dsshome1_00_ge95xod2_.cache_huggingface_datasets_ai4bharat___indic_glue_wstp.hi_0.0.0_6dcbebd49d6b12965d433bffcd07e9a786211703.lock
2026-02-01 22:27:17,847 - filelock - DEBUG - Attempting to acquire lock 140639514745920 on /dss/dsshome1/00/ge95xod2/.cache/huggingface/datasets/ai4bharat___indic_glue/wstp.hi/0.0.0/6dcbebd49d6b12965d433bffcd07e9a786211703_builder.lock
2026-02-01 22:27:17,849 - filelock - DEBUG - Lock 140639514745920 acquired on /dss/dsshome1/00/ge95xod2/.cache/huggingface/datasets/ai4bharat___indic_glue/wstp.hi/0.0.0/6dcbebd49d6b12965d433bffcd07e9a786211703_builder.lock
2026-02-01 22:27:17,850 - fsspec.local - DEBUG - open file: /dss/dsshome1/00/ge95xod2/.cache/huggingface/datasets/ai4bharat___indic_glue/wstp.hi/0.0.0/6dcbebd49d6b12965d433bffcd07e9a786211703/dataset_info.json
2026-02-01 22:27:17,850 - filelock - DEBUG - Attempting to release lock 140639514745920 on /dss/dsshome1/00/ge95xod2/.cache/huggingface/datasets/ai4bharat___indic_glue/wstp.hi/0.0.0/6dcbebd49d6b12965d433bffcd07e9a786211703_builder.lock
2026-02-01 22:27:17,850 - filelock - DEBUG - Lock 140639514745920 released on /dss/dsshome1/00/ge95xod2/.cache/huggingface/datasets/ai4bharat___indic_glue/wstp.hi/0.0.0/6dcbebd49d6b12965d433bffcd07e9a786211703_builder.lock
2026-02-01 22:27:18,006 - src.evaluation.indicglue_evaluator - INFO - Successfully loaded Wikipedia Section Title Prediction train split with 44069 examples
2026-02-01 22:27:18,006 - src.evaluation.indicglue_evaluator - INFO -   Loaded train: 44069 examples
2026-02-01 22:27:18,006 - src.evaluation.indicglue_evaluator - INFO - Attempting to load Wikipedia Section Title Prediction from ai4bharat/indic_glue with config 'wstp.hi' (split=validation)
2026-02-01 22:27:18,961 - filelock - DEBUG - Attempting to acquire lock 140639514744720 on /dss/dsshome1/00/ge95xod2/.cache/huggingface/datasets/_dss_dsshome1_00_ge95xod2_.cache_huggingface_datasets_ai4bharat___indic_glue_wstp.hi_0.0.0_6dcbebd49d6b12965d433bffcd07e9a786211703.lock
2026-02-01 22:27:18,963 - filelock - DEBUG - Lock 140639514744720 acquired on /dss/dsshome1/00/ge95xod2/.cache/huggingface/datasets/_dss_dsshome1_00_ge95xod2_.cache_huggingface_datasets_ai4bharat___indic_glue_wstp.hi_0.0.0_6dcbebd49d6b12965d433bffcd07e9a786211703.lock
2026-02-01 22:27:18,963 - fsspec.local - DEBUG - open file: /dss/dsshome1/00/ge95xod2/.cache/huggingface/datasets/ai4bharat___indic_glue/wstp.hi/0.0.0/6dcbebd49d6b12965d433bffcd07e9a786211703/dataset_info.json
2026-02-01 22:27:18,964 - filelock - DEBUG - Attempting to release lock 140639514744720 on /dss/dsshome1/00/ge95xod2/.cache/huggingface/datasets/_dss_dsshome1_00_ge95xod2_.cache_huggingface_datasets_ai4bharat___indic_glue_wstp.hi_0.0.0_6dcbebd49d6b12965d433bffcd07e9a786211703.lock
2026-02-01 22:27:18,964 - filelock - DEBUG - Lock 140639514744720 released on /dss/dsshome1/00/ge95xod2/.cache/huggingface/datasets/_dss_dsshome1_00_ge95xod2_.cache_huggingface_datasets_ai4bharat___indic_glue_wstp.hi_0.0.0_6dcbebd49d6b12965d433bffcd07e9a786211703.lock
2026-02-01 22:27:18,966 - filelock - DEBUG - Attempting to acquire lock 140639524630096 on /dss/dsshome1/00/ge95xod2/.cache/huggingface/datasets/ai4bharat___indic_glue/wstp.hi/0.0.0/6dcbebd49d6b12965d433bffcd07e9a786211703_builder.lock
2026-02-01 22:27:18,966 - filelock - DEBUG - Lock 140639524630096 acquired on /dss/dsshome1/00/ge95xod2/.cache/huggingface/datasets/ai4bharat___indic_glue/wstp.hi/0.0.0/6dcbebd49d6b12965d433bffcd07e9a786211703_builder.lock
2026-02-01 22:27:18,967 - fsspec.local - DEBUG - open file: /dss/dsshome1/00/ge95xod2/.cache/huggingface/datasets/ai4bharat___indic_glue/wstp.hi/0.0.0/6dcbebd49d6b12965d433bffcd07e9a786211703/dataset_info.json
2026-02-01 22:27:18,968 - filelock - DEBUG - Attempting to release lock 140639524630096 on /dss/dsshome1/00/ge95xod2/.cache/huggingface/datasets/ai4bharat___indic_glue/wstp.hi/0.0.0/6dcbebd49d6b12965d433bffcd07e9a786211703_builder.lock
2026-02-01 22:27:18,968 - filelock - DEBUG - Lock 140639524630096 released on /dss/dsshome1/00/ge95xod2/.cache/huggingface/datasets/ai4bharat___indic_glue/wstp.hi/0.0.0/6dcbebd49d6b12965d433bffcd07e9a786211703_builder.lock
2026-02-01 22:27:18,992 - src.evaluation.indicglue_evaluator - INFO - Successfully loaded Wikipedia Section Title Prediction validation split with 5509 examples
2026-02-01 22:27:18,993 - src.evaluation.indicglue_evaluator - INFO -   Loaded validation: 5509 examples
2026-02-01 22:27:18,993 - src.evaluation.indicglue_evaluator - INFO - Attempting to load Wikipedia Section Title Prediction from ai4bharat/indic_glue with config 'wstp.hi' (split=test)
2026-02-01 22:27:19,941 - filelock - DEBUG - Attempting to acquire lock 140639514170512 on /dss/dsshome1/00/ge95xod2/.cache/huggingface/datasets/_dss_dsshome1_00_ge95xod2_.cache_huggingface_datasets_ai4bharat___indic_glue_wstp.hi_0.0.0_6dcbebd49d6b12965d433bffcd07e9a786211703.lock
2026-02-01 22:27:19,942 - filelock - DEBUG - Lock 140639514170512 acquired on /dss/dsshome1/00/ge95xod2/.cache/huggingface/datasets/_dss_dsshome1_00_ge95xod2_.cache_huggingface_datasets_ai4bharat___indic_glue_wstp.hi_0.0.0_6dcbebd49d6b12965d433bffcd07e9a786211703.lock
2026-02-01 22:27:19,943 - fsspec.local - DEBUG - open file: /dss/dsshome1/00/ge95xod2/.cache/huggingface/datasets/ai4bharat___indic_glue/wstp.hi/0.0.0/6dcbebd49d6b12965d433bffcd07e9a786211703/dataset_info.json
2026-02-01 22:27:19,944 - filelock - DEBUG - Attempting to release lock 140639514170512 on /dss/dsshome1/00/ge95xod2/.cache/huggingface/datasets/_dss_dsshome1_00_ge95xod2_.cache_huggingface_datasets_ai4bharat___indic_glue_wstp.hi_0.0.0_6dcbebd49d6b12965d433bffcd07e9a786211703.lock
2026-02-01 22:27:19,944 - filelock - DEBUG - Lock 140639514170512 released on /dss/dsshome1/00/ge95xod2/.cache/huggingface/datasets/_dss_dsshome1_00_ge95xod2_.cache_huggingface_datasets_ai4bharat___indic_glue_wstp.hi_0.0.0_6dcbebd49d6b12965d433bffcd07e9a786211703.lock
2026-02-01 22:27:19,946 - filelock - DEBUG - Attempting to acquire lock 140639514140784 on /dss/dsshome1/00/ge95xod2/.cache/huggingface/datasets/ai4bharat___indic_glue/wstp.hi/0.0.0/6dcbebd49d6b12965d433bffcd07e9a786211703_builder.lock
2026-02-01 22:27:19,946 - filelock - DEBUG - Lock 140639514140784 acquired on /dss/dsshome1/00/ge95xod2/.cache/huggingface/datasets/ai4bharat___indic_glue/wstp.hi/0.0.0/6dcbebd49d6b12965d433bffcd07e9a786211703_builder.lock
2026-02-01 22:27:19,947 - fsspec.local - DEBUG - open file: /dss/dsshome1/00/ge95xod2/.cache/huggingface/datasets/ai4bharat___indic_glue/wstp.hi/0.0.0/6dcbebd49d6b12965d433bffcd07e9a786211703/dataset_info.json
2026-02-01 22:27:19,947 - filelock - DEBUG - Attempting to release lock 140639514140784 on /dss/dsshome1/00/ge95xod2/.cache/huggingface/datasets/ai4bharat___indic_glue/wstp.hi/0.0.0/6dcbebd49d6b12965d433bffcd07e9a786211703_builder.lock
2026-02-01 22:27:19,947 - filelock - DEBUG - Lock 140639514140784 released on /dss/dsshome1/00/ge95xod2/.cache/huggingface/datasets/ai4bharat___indic_glue/wstp.hi/0.0.0/6dcbebd49d6b12965d433bffcd07e9a786211703_builder.lock
2026-02-01 22:27:19,971 - src.evaluation.indicglue_evaluator - INFO - Successfully loaded Wikipedia Section Title Prediction test split with 5509 examples
2026-02-01 22:27:19,971 - src.evaluation.indicglue_evaluator - INFO -   Loaded test: 5509 examples
2026-02-01 22:27:19,971 - src.evaluation.indicglue_evaluator - INFO - Fine-tuning on Wikipedia Section Title Prediction...
2026-02-01 22:27:19,971 - src.evaluation.indicglue.fine_tuning_manager - INFO - Starting fine-tuning for Wikipedia Section Title Prediction
2026-02-01 22:27:19,971 - src.evaluation.indicglue.fine_tuning_manager - INFO - Train samples: 44069, Val samples: 5509
2026-02-01 22:27:19,971 - src.evaluation.indicglue_evaluator - INFO - Detected BERT-style model: HindiDeBERTaModel → will use [CLS] token pooling
2026-02-01 22:27:19,971 - src.evaluation.indicglue_evaluator - INFO - Creating custom MultipleChoiceWrapper for 'Wikipedia Section Title Prediction' with 4 choices
2026-02-01 22:27:19,972 - src.evaluation.indicglue_evaluator - INFO - Auto-detected BERT/DeBERTa-like model (HindiDeBERTaModel), using 'first' token (CLS) pooling
2026-02-01 22:27:19,977 - src.evaluation.indicglue_evaluator - INFO - MultipleChoiceWrapper initialized: num_choices=4, hidden_size=768, pooling=first, dropout=0.1, weight_std=0.0515, bias=0.10
2026-02-01 22:27:19,983 - src.evaluation.indicglue.fine_tuning_manager - INFO - Starting training loop for Wikipedia Section Title Prediction
2026-02-01 22:27:19,984 - src.evaluation.indicglue.fine_tuning_manager - INFO - Model parameters: 87,003,877 total, 87,003,877 trainable (100.0%)
2026-02-01 22:27:19,984 - src.evaluation.indicglue.fine_tuning_manager - INFO - ✓ End-to-end training mode (all parameters trainable)
2026-02-01 22:27:19,987 - src.evaluation.indicglue.fine_tuning_manager - INFO - Optimizer: AdamW with 77 params with decay, 127 without decay
2026-02-01 22:27:19,987 - src.evaluation.indicglue.fine_tuning_manager - INFO - Scheduler created: Linear schedule with 689 warmup steps (total 13780 steps)
2026-02-01 22:27:19,987 - src.evaluation.indicglue.fine_tuning_manager - INFO - Training config: total_steps=13780, warmup_steps=689 (5.0%)
2026-02-01 22:27:20,714 - src.evaluation.indicglue_evaluator - DEBUG - Cleared wrapped model cache for Wikipedia Section Title Prediction
2026-02-01 22:27:21,137 - src.evaluation.indicglue_evaluator - DEBUG - CUDA memory cleanup completed successfully
2026-02-01 22:27:21,138 - src.evaluation.indicglue_evaluator - ERROR - Error evaluating Wikipedia Section Title Prediction: CUDA out of memory. Tried to allocate 3.00 GiB. GPU 0 has a total capacity of 93.02 GiB of which 2.23 GiB is free. Including non-PyTorch memory, this process has 90.77 GiB memory in use. Of the allocated memory 88.99 GiB is allocated by PyTorch, and 1.13 GiB is reserved by PyTorch but unallocated. If reserved but unallocated memory is large try setting PYTORCH_CUDA_ALLOC_CONF=expandable_segments:True to avoid fragmentation.  See documentation for Memory Management  (https://pytorch.org/docs/stable/notes/cuda.html#environment-variables)
2026-02-01 22:27:21,607 - src.evaluation.indicglue_evaluator - DEBUG - CUDA memory cleanup completed successfully
2026-02-01 22:27:21,607 - src.evaluation.indicglue_evaluator - INFO - 
Evaluating Cloze-style multiple-choice QA...
2026-02-01 22:27:21,607 - src.evaluation.evaluation_cache - DEBUG - Cache key includes model_type: deberta
2026-02-01 22:27:21,607 - src.evaluation.evaluation_cache - DEBUG - Cache key includes vocab_size: 228
2026-02-01 22:27:21,608 - src.evaluation.evaluation_cache - DEBUG - Cache key includes tokenizer_type: character
2026-02-01 22:27:21,608 - src.evaluation.evaluation_cache - DEBUG - Generated cache key: 164c222f23ef35bb3c9a82335c0cd3eb222636b80ea90dc173c7a38f3ed5abf3
2026-02-01 22:27:21,609 - src.evaluation.evaluation_cache - DEBUG - Cache miss: 164c222f23ef35bb3c9a82335c0cd3eb222636b80ea90dc173c7a38f3ed5abf3
2026-02-01 22:27:21,609 - src.evaluation.indicglue_evaluator - INFO - ✗ Cache miss for Cloze-style multiple-choice QA (fine-tuned mode)
2026-02-01 22:27:21,609 - src.evaluation.indicglue_evaluator - INFO -   Proceeding with fine-tuning and inference
2026-02-01 22:27:21,609 - src.evaluation.indicglue_evaluator - INFO - Fine-tuning mode enabled for Cloze-style multiple-choice QA
2026-02-01 22:27:21,609 - src.evaluation.indicglue_evaluator - INFO - Creating custom splits for Cloze-style multiple-choice QA
2026-02-01 22:27:21,609 - src.evaluation.indicglue_evaluator - INFO -   Reason: Dataset only has test split (35,140 examples); custom splits required for fine-tuning
2026-02-01 22:27:21,609 - src.evaluation.indicglue_evaluator - INFO - Creating custom splits for Cloze-style multiple-choice QA...
2026-02-01 22:27:21,609 - src.evaluation.indicglue_evaluator - INFO - Using task-specific split ratios for Cloze-style multiple-choice QA
2026-02-01 22:27:21,609 - src.evaluation.indicglue_evaluator - INFO -   Train: 80.0%, Val: 10.0%, Test: 10.0%, Seed: 42
2026-02-01 22:27:21,610 - src.evaluation.indicglue_evaluator - INFO - Loading complete dataset for Cloze-style multiple-choice QA (all available splits)...
2026-02-01 22:27:21,610 - src.evaluation.indicglue_evaluator - INFO - Attempting to load Cloze-style multiple-choice QA from ai4bharat/indic_glue with config 'csqa.hi' (split=train)
2026-02-01 22:27:22,703 - filelock - DEBUG - Attempting to acquire lock 140639524079888 on /dss/dsshome1/00/ge95xod2/.cache/huggingface/datasets/_dss_dsshome1_00_ge95xod2_.cache_huggingface_datasets_ai4bharat___indic_glue_csqa.hi_0.0.0_6dcbebd49d6b12965d433bffcd07e9a786211703.lock
2026-02-01 22:27:22,707 - filelock - DEBUG - Lock 140639524079888 acquired on /dss/dsshome1/00/ge95xod2/.cache/huggingface/datasets/_dss_dsshome1_00_ge95xod2_.cache_huggingface_datasets_ai4bharat___indic_glue_csqa.hi_0.0.0_6dcbebd49d6b12965d433bffcd07e9a786211703.lock
2026-02-01 22:27:22,710 - fsspec.local - DEBUG - open file: /dss/dsshome1/00/ge95xod2/.cache/huggingface/datasets/ai4bharat___indic_glue/csqa.hi/0.0.0/6dcbebd49d6b12965d433bffcd07e9a786211703/dataset_info.json
2026-02-01 22:27:22,711 - filelock - DEBUG - Attempting to release lock 140639524079888 on /dss/dsshome1/00/ge95xod2/.cache/huggingface/datasets/_dss_dsshome1_00_ge95xod2_.cache_huggingface_datasets_ai4bharat___indic_glue_csqa.hi_0.0.0_6dcbebd49d6b12965d433bffcd07e9a786211703.lock
2026-02-01 22:27:22,711 - filelock - DEBUG - Lock 140639524079888 released on /dss/dsshome1/00/ge95xod2/.cache/huggingface/datasets/_dss_dsshome1_00_ge95xod2_.cache_huggingface_datasets_ai4bharat___indic_glue_csqa.hi_0.0.0_6dcbebd49d6b12965d433bffcd07e9a786211703.lock
2026-02-01 22:27:22,714 - filelock - DEBUG - Attempting to acquire lock 140639514731664 on /dss/dsshome1/00/ge95xod2/.cache/huggingface/datasets/ai4bharat___indic_glue/csqa.hi/0.0.0/6dcbebd49d6b12965d433bffcd07e9a786211703_builder.lock
2026-02-01 22:27:22,717 - filelock - DEBUG - Lock 140639514731664 acquired on /dss/dsshome1/00/ge95xod2/.cache/huggingface/datasets/ai4bharat___indic_glue/csqa.hi/0.0.0/6dcbebd49d6b12965d433bffcd07e9a786211703_builder.lock
2026-02-01 22:27:22,717 - fsspec.local - DEBUG - open file: /dss/dsshome1/00/ge95xod2/.cache/huggingface/datasets/ai4bharat___indic_glue/csqa.hi/0.0.0/6dcbebd49d6b12965d433bffcd07e9a786211703/dataset_info.json
2026-02-01 22:27:22,717 - filelock - DEBUG - Attempting to release lock 140639514731664 on /dss/dsshome1/00/ge95xod2/.cache/huggingface/datasets/ai4bharat___indic_glue/csqa.hi/0.0.0/6dcbebd49d6b12965d433bffcd07e9a786211703_builder.lock
2026-02-01 22:27:22,718 - filelock - DEBUG - Lock 140639514731664 released on /dss/dsshome1/00/ge95xod2/.cache/huggingface/datasets/ai4bharat___indic_glue/csqa.hi/0.0.0/6dcbebd49d6b12965d433bffcd07e9a786211703_builder.lock
2026-02-01 22:27:22,718 - src.evaluation.indicglue_evaluator - DEBUG - Failed to load Cloze-style multiple-choice QA train split from HuggingFace: Unknown split "train". Should be one of ['test'].
2026-02-01 22:27:22,718 - src.evaluation.indicglue_evaluator - INFO - Attempting to load Cloze-style multiple-choice QA from ai4bharat/indic_glue with config 'csqa.hi' (split=validation)
2026-02-01 22:27:23,702 - filelock - DEBUG - Attempting to acquire lock 140639533468064 on /dss/dsshome1/00/ge95xod2/.cache/huggingface/datasets/_dss_dsshome1_00_ge95xod2_.cache_huggingface_datasets_ai4bharat___indic_glue_csqa.hi_0.0.0_6dcbebd49d6b12965d433bffcd07e9a786211703.lock
2026-02-01 22:27:23,702 - filelock - DEBUG - Lock 140639533468064 acquired on /dss/dsshome1/00/ge95xod2/.cache/huggingface/datasets/_dss_dsshome1_00_ge95xod2_.cache_huggingface_datasets_ai4bharat___indic_glue_csqa.hi_0.0.0_6dcbebd49d6b12965d433bffcd07e9a786211703.lock
2026-02-01 22:27:23,703 - fsspec.local - DEBUG - open file: /dss/dsshome1/00/ge95xod2/.cache/huggingface/datasets/ai4bharat___indic_glue/csqa.hi/0.0.0/6dcbebd49d6b12965d433bffcd07e9a786211703/dataset_info.json
2026-02-01 22:27:23,704 - filelock - DEBUG - Attempting to release lock 140639533468064 on /dss/dsshome1/00/ge95xod2/.cache/huggingface/datasets/_dss_dsshome1_00_ge95xod2_.cache_huggingface_datasets_ai4bharat___indic_glue_csqa.hi_0.0.0_6dcbebd49d6b12965d433bffcd07e9a786211703.lock
2026-02-01 22:27:23,704 - filelock - DEBUG - Lock 140639533468064 released on /dss/dsshome1/00/ge95xod2/.cache/huggingface/datasets/_dss_dsshome1_00_ge95xod2_.cache_huggingface_datasets_ai4bharat___indic_glue_csqa.hi_0.0.0_6dcbebd49d6b12965d433bffcd07e9a786211703.lock
2026-02-01 22:27:23,705 - filelock - DEBUG - Attempting to acquire lock 140639524268448 on /dss/dsshome1/00/ge95xod2/.cache/huggingface/datasets/ai4bharat___indic_glue/csqa.hi/0.0.0/6dcbebd49d6b12965d433bffcd07e9a786211703_builder.lock
2026-02-01 22:27:23,706 - filelock - DEBUG - Lock 140639524268448 acquired on /dss/dsshome1/00/ge95xod2/.cache/huggingface/datasets/ai4bharat___indic_glue/csqa.hi/0.0.0/6dcbebd49d6b12965d433bffcd07e9a786211703_builder.lock
2026-02-01 22:27:23,706 - fsspec.local - DEBUG - open file: /dss/dsshome1/00/ge95xod2/.cache/huggingface/datasets/ai4bharat___indic_glue/csqa.hi/0.0.0/6dcbebd49d6b12965d433bffcd07e9a786211703/dataset_info.json
2026-02-01 22:27:23,707 - filelock - DEBUG - Attempting to release lock 140639524268448 on /dss/dsshome1/00/ge95xod2/.cache/huggingface/datasets/ai4bharat___indic_glue/csqa.hi/0.0.0/6dcbebd49d6b12965d433bffcd07e9a786211703_builder.lock
2026-02-01 22:27:23,707 - filelock - DEBUG - Lock 140639524268448 released on /dss/dsshome1/00/ge95xod2/.cache/huggingface/datasets/ai4bharat___indic_glue/csqa.hi/0.0.0/6dcbebd49d6b12965d433bffcd07e9a786211703_builder.lock
2026-02-01 22:27:23,737 - src.evaluation.indicglue_evaluator - DEBUG - Failed to load Cloze-style multiple-choice QA validation split from HuggingFace: Unknown split "validation". Should be one of ['test'].
2026-02-01 22:27:23,737 - src.evaluation.indicglue_evaluator - INFO - Attempting to load Cloze-style multiple-choice QA from ai4bharat/indic_glue with config 'csqa.hi' (split=test)
2026-02-01 22:27:24,694 - filelock - DEBUG - Attempting to acquire lock 140639524269696 on /dss/dsshome1/00/ge95xod2/.cache/huggingface/datasets/_dss_dsshome1_00_ge95xod2_.cache_huggingface_datasets_ai4bharat___indic_glue_csqa.hi_0.0.0_6dcbebd49d6b12965d433bffcd07e9a786211703.lock
2026-02-01 22:27:24,695 - filelock - DEBUG - Lock 140639524269696 acquired on /dss/dsshome1/00/ge95xod2/.cache/huggingface/datasets/_dss_dsshome1_00_ge95xod2_.cache_huggingface_datasets_ai4bharat___indic_glue_csqa.hi_0.0.0_6dcbebd49d6b12965d433bffcd07e9a786211703.lock
2026-02-01 22:27:24,695 - fsspec.local - DEBUG - open file: /dss/dsshome1/00/ge95xod2/.cache/huggingface/datasets/ai4bharat___indic_glue/csqa.hi/0.0.0/6dcbebd49d6b12965d433bffcd07e9a786211703/dataset_info.json
2026-02-01 22:27:24,696 - filelock - DEBUG - Attempting to release lock 140639524269696 on /dss/dsshome1/00/ge95xod2/.cache/huggingface/datasets/_dss_dsshome1_00_ge95xod2_.cache_huggingface_datasets_ai4bharat___indic_glue_csqa.hi_0.0.0_6dcbebd49d6b12965d433bffcd07e9a786211703.lock
2026-02-01 22:27:24,696 - filelock - DEBUG - Lock 140639524269696 released on /dss/dsshome1/00/ge95xod2/.cache/huggingface/datasets/_dss_dsshome1_00_ge95xod2_.cache_huggingface_datasets_ai4bharat___indic_glue_csqa.hi_0.0.0_6dcbebd49d6b12965d433bffcd07e9a786211703.lock
2026-02-01 22:27:24,698 - filelock - DEBUG - Attempting to acquire lock 140639514613456 on /dss/dsshome1/00/ge95xod2/.cache/huggingface/datasets/ai4bharat___indic_glue/csqa.hi/0.0.0/6dcbebd49d6b12965d433bffcd07e9a786211703_builder.lock
2026-02-01 22:27:24,698 - filelock - DEBUG - Lock 140639514613456 acquired on /dss/dsshome1/00/ge95xod2/.cache/huggingface/datasets/ai4bharat___indic_glue/csqa.hi/0.0.0/6dcbebd49d6b12965d433bffcd07e9a786211703_builder.lock
2026-02-01 22:27:24,699 - fsspec.local - DEBUG - open file: /dss/dsshome1/00/ge95xod2/.cache/huggingface/datasets/ai4bharat___indic_glue/csqa.hi/0.0.0/6dcbebd49d6b12965d433bffcd07e9a786211703/dataset_info.json
2026-02-01 22:27:24,699 - filelock - DEBUG - Attempting to release lock 140639514613456 on /dss/dsshome1/00/ge95xod2/.cache/huggingface/datasets/ai4bharat___indic_glue/csqa.hi/0.0.0/6dcbebd49d6b12965d433bffcd07e9a786211703_builder.lock
2026-02-01 22:27:24,699 - filelock - DEBUG - Lock 140639514613456 released on /dss/dsshome1/00/ge95xod2/.cache/huggingface/datasets/ai4bharat___indic_glue/csqa.hi/0.0.0/6dcbebd49d6b12965d433bffcd07e9a786211703_builder.lock
2026-02-01 22:27:24,736 - src.evaluation.indicglue_evaluator - INFO - Successfully loaded Cloze-style multiple-choice QA test split with 35140 examples
2026-02-01 22:27:24,736 - src.evaluation.indicglue_evaluator - INFO -   Loaded test: 35140 examples
2026-02-01 22:27:24,736 - src.evaluation.indicglue_evaluator - INFO -   Combined dataset: 35140 total examples from [test(35140)]
2026-02-01 22:27:24,892 - src.evaluation.indicglue_evaluator - INFO - Custom splits created for Cloze-style multiple-choice QA:
2026-02-01 22:27:24,892 - src.evaluation.indicglue_evaluator - INFO -   Train:      28112 examples (80.0%)
2026-02-01 22:27:24,892 - src.evaluation.indicglue_evaluator - INFO -   Validation:  3514 examples (10.0%)
2026-02-01 22:27:24,892 - src.evaluation.indicglue_evaluator - INFO -   Test:        3514 examples (10.0%)
2026-02-01 22:27:24,893 - src.evaluation.indicglue_evaluator - INFO -   Total:      35140 examples
2026-02-01 22:27:24,893 - src.evaluation.indicglue_evaluator - INFO - Fine-tuning on Cloze-style multiple-choice QA...
2026-02-01 22:27:24,893 - src.evaluation.indicglue.fine_tuning_manager - INFO - Starting fine-tuning for Cloze-style multiple-choice QA
2026-02-01 22:27:24,893 - src.evaluation.indicglue.fine_tuning_manager - INFO - Train samples: 28112, Val samples: 3514
2026-02-01 22:27:24,894 - src.evaluation.indicglue_evaluator - INFO - Detected BERT-style model: HindiDeBERTaModel → will use [CLS] token pooling
2026-02-01 22:27:24,894 - src.evaluation.indicglue_evaluator - INFO - Creating custom MultipleChoiceWrapper for 'Cloze-style multiple-choice QA' with 4 choices
2026-02-01 22:27:24,894 - src.evaluation.indicglue_evaluator - INFO - Auto-detected BERT/DeBERTa-like model (HindiDeBERTaModel), using 'first' token (CLS) pooling
2026-02-01 22:27:24,894 - src.evaluation.indicglue_evaluator - INFO - MultipleChoiceWrapper initialized: num_choices=4, hidden_size=768, pooling=first, dropout=0.1, weight_std=0.0505, bias=0.10
2026-02-01 22:27:24,898 - src.evaluation.indicglue.fine_tuning_manager - INFO - Starting training loop for Cloze-style multiple-choice QA
2026-02-01 22:27:24,899 - src.evaluation.indicglue.fine_tuning_manager - INFO - Model parameters: 87,003,877 total, 87,003,877 trainable (100.0%)
2026-02-01 22:27:24,899 - src.evaluation.indicglue.fine_tuning_manager - INFO - ✓ End-to-end training mode (all parameters trainable)
2026-02-01 22:27:24,901 - src.evaluation.indicglue.fine_tuning_manager - INFO - Optimizer: AdamW with 77 params with decay, 127 without decay
2026-02-01 22:27:24,901 - src.evaluation.indicglue.fine_tuning_manager - INFO - Scheduler created: Linear schedule with 439 warmup steps (total 8790 steps)
2026-02-01 22:27:24,901 - src.evaluation.indicglue.fine_tuning_manager - INFO - Training config: total_steps=8790, warmup_steps=439 (5.0%)
2026-02-01 22:27:25,301 - src.evaluation.indicglue_evaluator - DEBUG - Cleared wrapped model cache for Cloze-style multiple-choice QA
2026-02-01 22:27:25,754 - src.evaluation.indicglue_evaluator - DEBUG - CUDA memory cleanup completed successfully
2026-02-01 22:27:25,755 - src.evaluation.indicglue_evaluator - ERROR - Error evaluating Cloze-style multiple-choice QA: CUDA out of memory. Tried to allocate 3.00 GiB. GPU 0 has a total capacity of 93.02 GiB of which 2.23 GiB is free. Including non-PyTorch memory, this process has 90.77 GiB memory in use. Of the allocated memory 88.99 GiB is allocated by PyTorch, and 1.13 GiB is reserved by PyTorch but unallocated. If reserved but unallocated memory is large try setting PYTORCH_CUDA_ALLOC_CONF=expandable_segments:True to avoid fragmentation.  See documentation for Memory Management  (https://pytorch.org/docs/stable/notes/cuda.html#environment-variables)
2026-02-01 22:27:26,216 - src.evaluation.indicglue_evaluator - DEBUG - CUDA memory cleanup completed successfully
2026-02-01 22:27:26,217 - src.evaluation.indicglue_evaluator - INFO - 
Evaluating WinogradNLI...
2026-02-01 22:27:26,217 - src.evaluation.indicglue_evaluator - WARNING - Skipping WinogradNLI: WNLI contains only entailment class for train and validation sets while the test set contains None
2026-02-01 22:27:26,217 - src.evaluation.indicglue_evaluator - DEBUG - Cleared wrapped model cache for WinogradNLI
2026-02-01 22:27:26,606 - src.evaluation.indicglue_evaluator - DEBUG - CUDA memory cleanup completed successfully
2026-02-01 22:27:26,606 - src.evaluation.indicglue_evaluator - INFO - WinogradNLI Results:
2026-02-01 22:27:27,014 - src.evaluation.indicglue_evaluator - DEBUG - CUDA memory cleanup completed successfully
2026-02-01 22:27:27,014 - src.evaluation.indicglue_evaluator - INFO - 
Evaluating Choice of Plausible Alternatives...
2026-02-01 22:27:27,014 - src.evaluation.evaluation_cache - DEBUG - Cache key includes model_type: deberta
2026-02-01 22:27:27,015 - src.evaluation.evaluation_cache - DEBUG - Cache key includes vocab_size: 228
2026-02-01 22:27:27,015 - src.evaluation.evaluation_cache - DEBUG - Cache key includes tokenizer_type: character
2026-02-01 22:27:27,015 - src.evaluation.evaluation_cache - DEBUG - Generated cache key: da8cafb22d5f0296e48690b61f9a21074c6b2a05c81862c12d488230af28f7a6
2026-02-01 22:27:27,017 - src.evaluation.evaluation_cache - DEBUG - Cache miss: da8cafb22d5f0296e48690b61f9a21074c6b2a05c81862c12d488230af28f7a6
2026-02-01 22:27:27,018 - src.evaluation.indicglue_evaluator - INFO - ✗ Cache miss for Choice of Plausible Alternatives (fine-tuned mode)
2026-02-01 22:27:27,018 - src.evaluation.indicglue_evaluator - INFO -   Proceeding with fine-tuning and inference
2026-02-01 22:27:27,018 - src.evaluation.indicglue_evaluator - INFO - Fine-tuning mode enabled for Choice of Plausible Alternatives
2026-02-01 22:27:27,018 - src.evaluation.indicglue_evaluator - INFO - Using original HuggingFace splits for Choice of Plausible Alternatives
2026-02-01 22:27:27,018 - src.evaluation.indicglue_evaluator - INFO - Attempting to load Choice of Plausible Alternatives from ai4bharat/indic_glue with config 'copa.hi' (split=train)
2026-02-01 22:27:28,119 - filelock - DEBUG - Attempting to acquire lock 140639533368320 on /dss/dsshome1/00/ge95xod2/.cache/huggingface/datasets/_dss_dsshome1_00_ge95xod2_.cache_huggingface_datasets_ai4bharat___indic_glue_copa.hi_0.0.0_6dcbebd49d6b12965d433bffcd07e9a786211703.lock
2026-02-01 22:27:28,123 - filelock - DEBUG - Lock 140639533368320 acquired on /dss/dsshome1/00/ge95xod2/.cache/huggingface/datasets/_dss_dsshome1_00_ge95xod2_.cache_huggingface_datasets_ai4bharat___indic_glue_copa.hi_0.0.0_6dcbebd49d6b12965d433bffcd07e9a786211703.lock
2026-02-01 22:27:28,126 - fsspec.local - DEBUG - open file: /dss/dsshome1/00/ge95xod2/.cache/huggingface/datasets/ai4bharat___indic_glue/copa.hi/0.0.0/6dcbebd49d6b12965d433bffcd07e9a786211703/dataset_info.json
2026-02-01 22:27:28,126 - filelock - DEBUG - Attempting to release lock 140639533368320 on /dss/dsshome1/00/ge95xod2/.cache/huggingface/datasets/_dss_dsshome1_00_ge95xod2_.cache_huggingface_datasets_ai4bharat___indic_glue_copa.hi_0.0.0_6dcbebd49d6b12965d433bffcd07e9a786211703.lock
2026-02-01 22:27:28,126 - filelock - DEBUG - Lock 140639533368320 released on /dss/dsshome1/00/ge95xod2/.cache/huggingface/datasets/_dss_dsshome1_00_ge95xod2_.cache_huggingface_datasets_ai4bharat___indic_glue_copa.hi_0.0.0_6dcbebd49d6b12965d433bffcd07e9a786211703.lock
2026-02-01 22:27:28,175 - filelock - DEBUG - Attempting to acquire lock 140639524668272 on /dss/dsshome1/00/ge95xod2/.cache/huggingface/datasets/ai4bharat___indic_glue/copa.hi/0.0.0/6dcbebd49d6b12965d433bffcd07e9a786211703_builder.lock
2026-02-01 22:27:28,178 - filelock - DEBUG - Lock 140639524668272 acquired on /dss/dsshome1/00/ge95xod2/.cache/huggingface/datasets/ai4bharat___indic_glue/copa.hi/0.0.0/6dcbebd49d6b12965d433bffcd07e9a786211703_builder.lock
2026-02-01 22:27:28,179 - fsspec.local - DEBUG - open file: /dss/dsshome1/00/ge95xod2/.cache/huggingface/datasets/ai4bharat___indic_glue/copa.hi/0.0.0/6dcbebd49d6b12965d433bffcd07e9a786211703/dataset_info.json
2026-02-01 22:27:28,179 - filelock - DEBUG - Attempting to release lock 140639524668272 on /dss/dsshome1/00/ge95xod2/.cache/huggingface/datasets/ai4bharat___indic_glue/copa.hi/0.0.0/6dcbebd49d6b12965d433bffcd07e9a786211703_builder.lock
2026-02-01 22:27:28,179 - filelock - DEBUG - Lock 140639524668272 released on /dss/dsshome1/00/ge95xod2/.cache/huggingface/datasets/ai4bharat___indic_glue/copa.hi/0.0.0/6dcbebd49d6b12965d433bffcd07e9a786211703_builder.lock
2026-02-01 22:27:28,184 - src.evaluation.indicglue_evaluator - INFO - Successfully loaded Choice of Plausible Alternatives train split with 362 examples
2026-02-01 22:27:28,185 - src.evaluation.indicglue_evaluator - INFO -   Loaded train: 362 examples
2026-02-01 22:27:28,185 - src.evaluation.indicglue_evaluator - INFO - Choice of Plausible Alternatives: Remapping split 'validation' → 'test' (working around corrupted dataset)
2026-02-01 22:27:28,185 - src.evaluation.indicglue_evaluator - INFO - Attempting to load Choice of Plausible Alternatives from ai4bharat/indic_glue with config 'copa.hi' (split=test)
2026-02-01 22:27:29,333 - filelock - DEBUG - Attempting to acquire lock 140639524668032 on /dss/dsshome1/00/ge95xod2/.cache/huggingface/datasets/_dss_dsshome1_00_ge95xod2_.cache_huggingface_datasets_ai4bharat___indic_glue_copa.hi_0.0.0_6dcbebd49d6b12965d433bffcd07e9a786211703.lock
2026-02-01 22:27:29,334 - filelock - DEBUG - Lock 140639524668032 acquired on /dss/dsshome1/00/ge95xod2/.cache/huggingface/datasets/_dss_dsshome1_00_ge95xod2_.cache_huggingface_datasets_ai4bharat___indic_glue_copa.hi_0.0.0_6dcbebd49d6b12965d433bffcd07e9a786211703.lock
2026-02-01 22:27:29,335 - fsspec.local - DEBUG - open file: /dss/dsshome1/00/ge95xod2/.cache/huggingface/datasets/ai4bharat___indic_glue/copa.hi/0.0.0/6dcbebd49d6b12965d433bffcd07e9a786211703/dataset_info.json
2026-02-01 22:27:29,336 - filelock - DEBUG - Attempting to release lock 140639524668032 on /dss/dsshome1/00/ge95xod2/.cache/huggingface/datasets/_dss_dsshome1_00_ge95xod2_.cache_huggingface_datasets_ai4bharat___indic_glue_copa.hi_0.0.0_6dcbebd49d6b12965d433bffcd07e9a786211703.lock
2026-02-01 22:27:29,336 - filelock - DEBUG - Lock 140639524668032 released on /dss/dsshome1/00/ge95xod2/.cache/huggingface/datasets/_dss_dsshome1_00_ge95xod2_.cache_huggingface_datasets_ai4bharat___indic_glue_copa.hi_0.0.0_6dcbebd49d6b12965d433bffcd07e9a786211703.lock
2026-02-01 22:27:29,338 - filelock - DEBUG - Attempting to acquire lock 140639524621712 on /dss/dsshome1/00/ge95xod2/.cache/huggingface/datasets/ai4bharat___indic_glue/copa.hi/0.0.0/6dcbebd49d6b12965d433bffcd07e9a786211703_builder.lock
2026-02-01 22:27:29,338 - filelock - DEBUG - Lock 140639524621712 acquired on /dss/dsshome1/00/ge95xod2/.cache/huggingface/datasets/ai4bharat___indic_glue/copa.hi/0.0.0/6dcbebd49d6b12965d433bffcd07e9a786211703_builder.lock
2026-02-01 22:27:29,338 - fsspec.local - DEBUG - open file: /dss/dsshome1/00/ge95xod2/.cache/huggingface/datasets/ai4bharat___indic_glue/copa.hi/0.0.0/6dcbebd49d6b12965d433bffcd07e9a786211703/dataset_info.json
2026-02-01 22:27:29,339 - filelock - DEBUG - Attempting to release lock 140639524621712 on /dss/dsshome1/00/ge95xod2/.cache/huggingface/datasets/ai4bharat___indic_glue/copa.hi/0.0.0/6dcbebd49d6b12965d433bffcd07e9a786211703_builder.lock
2026-02-01 22:27:29,339 - filelock - DEBUG - Lock 140639524621712 released on /dss/dsshome1/00/ge95xod2/.cache/huggingface/datasets/ai4bharat___indic_glue/copa.hi/0.0.0/6dcbebd49d6b12965d433bffcd07e9a786211703_builder.lock
2026-02-01 22:27:29,343 - src.evaluation.indicglue_evaluator - INFO - Successfully loaded Choice of Plausible Alternatives test split with 449 examples
2026-02-01 22:27:29,344 - src.evaluation.indicglue_evaluator - INFO -   Loaded validation: 449 examples
2026-02-01 22:27:29,344 - src.evaluation.indicglue_evaluator - INFO - Choice of Plausible Alternatives: Remapping split 'test' → 'validation' (working around corrupted dataset)
2026-02-01 22:27:29,344 - src.evaluation.indicglue_evaluator - INFO - Attempting to load Choice of Plausible Alternatives from ai4bharat/indic_glue with config 'copa.hi' (split=validation)
2026-02-01 22:27:30,293 - filelock - DEBUG - Attempting to acquire lock 140639533163856 on /dss/dsshome1/00/ge95xod2/.cache/huggingface/datasets/_dss_dsshome1_00_ge95xod2_.cache_huggingface_datasets_ai4bharat___indic_glue_copa.hi_0.0.0_6dcbebd49d6b12965d433bffcd07e9a786211703.lock
2026-02-01 22:27:30,294 - filelock - DEBUG - Lock 140639533163856 acquired on /dss/dsshome1/00/ge95xod2/.cache/huggingface/datasets/_dss_dsshome1_00_ge95xod2_.cache_huggingface_datasets_ai4bharat___indic_glue_copa.hi_0.0.0_6dcbebd49d6b12965d433bffcd07e9a786211703.lock
2026-02-01 22:27:30,294 - fsspec.local - DEBUG - open file: /dss/dsshome1/00/ge95xod2/.cache/huggingface/datasets/ai4bharat___indic_glue/copa.hi/0.0.0/6dcbebd49d6b12965d433bffcd07e9a786211703/dataset_info.json
2026-02-01 22:27:30,295 - filelock - DEBUG - Attempting to release lock 140639533163856 on /dss/dsshome1/00/ge95xod2/.cache/huggingface/datasets/_dss_dsshome1_00_ge95xod2_.cache_huggingface_datasets_ai4bharat___indic_glue_copa.hi_0.0.0_6dcbebd49d6b12965d433bffcd07e9a786211703.lock
2026-02-01 22:27:30,295 - filelock - DEBUG - Lock 140639533163856 released on /dss/dsshome1/00/ge95xod2/.cache/huggingface/datasets/_dss_dsshome1_00_ge95xod2_.cache_huggingface_datasets_ai4bharat___indic_glue_copa.hi_0.0.0_6dcbebd49d6b12965d433bffcd07e9a786211703.lock
2026-02-01 22:27:30,297 - filelock - DEBUG - Attempting to acquire lock 140639533486240 on /dss/dsshome1/00/ge95xod2/.cache/huggingface/datasets/ai4bharat___indic_glue/copa.hi/0.0.0/6dcbebd49d6b12965d433bffcd07e9a786211703_builder.lock
2026-02-01 22:27:30,298 - filelock - DEBUG - Lock 140639533486240 acquired on /dss/dsshome1/00/ge95xod2/.cache/huggingface/datasets/ai4bharat___indic_glue/copa.hi/0.0.0/6dcbebd49d6b12965d433bffcd07e9a786211703_builder.lock
2026-02-01 22:27:30,298 - fsspec.local - DEBUG - open file: /dss/dsshome1/00/ge95xod2/.cache/huggingface/datasets/ai4bharat___indic_glue/copa.hi/0.0.0/6dcbebd49d6b12965d433bffcd07e9a786211703/dataset_info.json
2026-02-01 22:27:30,299 - filelock - DEBUG - Attempting to release lock 140639533486240 on /dss/dsshome1/00/ge95xod2/.cache/huggingface/datasets/ai4bharat___indic_glue/copa.hi/0.0.0/6dcbebd49d6b12965d433bffcd07e9a786211703_builder.lock
2026-02-01 22:27:30,299 - filelock - DEBUG - Lock 140639533486240 released on /dss/dsshome1/00/ge95xod2/.cache/huggingface/datasets/ai4bharat___indic_glue/copa.hi/0.0.0/6dcbebd49d6b12965d433bffcd07e9a786211703_builder.lock
2026-02-01 22:27:30,304 - src.evaluation.indicglue_evaluator - INFO - Successfully loaded Choice of Plausible Alternatives validation split with 88 examples
2026-02-01 22:27:30,304 - src.evaluation.indicglue_evaluator - INFO -   Loaded test: 88 examples
2026-02-01 22:27:30,304 - src.evaluation.indicglue_evaluator - INFO - Fine-tuning on Choice of Plausible Alternatives...
2026-02-01 22:27:30,304 - src.evaluation.indicglue.fine_tuning_manager - INFO - Starting fine-tuning for Choice of Plausible Alternatives
2026-02-01 22:27:30,304 - src.evaluation.indicglue.fine_tuning_manager - INFO - Train samples: 362, Val samples: 449
2026-02-01 22:27:30,304 - src.evaluation.indicglue_evaluator - INFO - Detected BERT-style model: HindiDeBERTaModel → will use [CLS] token pooling
2026-02-01 22:27:30,304 - src.evaluation.indicglue_evaluator - INFO - Creating custom MultipleChoiceWrapper for 'Choice of Plausible Alternatives' with 2 choices
2026-02-01 22:27:30,305 - src.evaluation.indicglue_evaluator - INFO - Auto-detected BERT/DeBERTa-like model (HindiDeBERTaModel), using 'first' token (CLS) pooling
2026-02-01 22:27:30,305 - src.evaluation.indicglue_evaluator - INFO - MultipleChoiceWrapper initialized: num_choices=2, hidden_size=768, pooling=first, dropout=0.1, weight_std=0.0503, bias=0.10
2026-02-01 22:27:30,310 - src.evaluation.indicglue.fine_tuning_manager - INFO - Starting training loop for Choice of Plausible Alternatives
2026-02-01 22:27:30,312 - src.evaluation.indicglue.fine_tuning_manager - INFO - Model parameters: 87,003,877 total, 87,003,877 trainable (100.0%)
2026-02-01 22:27:30,312 - src.evaluation.indicglue.fine_tuning_manager - INFO - ✓ End-to-end training mode (all parameters trainable)
2026-02-01 22:27:30,314 - src.evaluation.indicglue.fine_tuning_manager - INFO - Optimizer: AdamW with 77 params with decay, 127 without decay
2026-02-01 22:27:30,314 - src.evaluation.indicglue.fine_tuning_manager - INFO - Scheduler created: Linear schedule with 6 warmup steps (total 120 steps)
2026-02-01 22:27:30,314 - src.evaluation.indicglue.fine_tuning_manager - INFO - Training config: total_steps=120, warmup_steps=6 (5.0%)
2026-02-01 22:27:38,378 - src.evaluation.indicglue.fine_tuning_manager - INFO - Epoch 1/10: train_loss=0.8216, val_acc=0.5212, val_loss=0.6792
2026-02-01 22:27:38,443 - src.evaluation.indicglue.fine_tuning_manager - INFO -   → New best validation accuracy: 0.5212 (improvement: 0.5212)
2026-02-01 22:27:46,391 - src.evaluation.indicglue.fine_tuning_manager - INFO - Epoch 2/10: train_loss=0.8187, val_acc=0.5345, val_loss=0.6702
2026-02-01 22:27:46,631 - src.evaluation.indicglue.fine_tuning_manager - INFO -   → New best validation accuracy: 0.5345 (improvement: 0.0134)
2026-02-01 22:27:54,580 - src.evaluation.indicglue.fine_tuning_manager - INFO - Epoch 3/10: train_loss=0.7467, val_acc=0.5167, val_loss=0.6638
2026-02-01 22:27:54,581 - src.evaluation.indicglue.fine_tuning_manager - INFO -   → No improvement (patience: 1/5)
2026-02-01 22:28:02,528 - src.evaluation.indicglue.fine_tuning_manager - INFO - Epoch 4/10: train_loss=0.7376, val_acc=0.5145, val_loss=0.6689
2026-02-01 22:28:02,529 - src.evaluation.indicglue.fine_tuning_manager - INFO -   → No improvement (patience: 2/5)
2026-02-01 22:28:10,482 - src.evaluation.indicglue.fine_tuning_manager - INFO - Epoch 5/10: train_loss=0.7640, val_acc=0.5189, val_loss=0.6875
2026-02-01 22:28:10,482 - src.evaluation.indicglue.fine_tuning_manager - INFO -   → No improvement (patience: 3/5)
2026-02-01 22:28:18,427 - src.evaluation.indicglue.fine_tuning_manager - INFO - Epoch 6/10: train_loss=0.7617, val_acc=0.4922, val_loss=0.7300
2026-02-01 22:28:18,427 - src.evaluation.indicglue.fine_tuning_manager - INFO -   → No improvement (patience: 4/5)
2026-02-01 22:28:26,375 - src.evaluation.indicglue.fine_tuning_manager - INFO - Epoch 7/10: train_loss=0.7738, val_acc=0.4967, val_loss=0.7246
2026-02-01 22:28:26,376 - src.evaluation.indicglue.fine_tuning_manager - INFO -   → No improvement (patience: 5/5)
2026-02-01 22:28:26,376 - src.evaluation.indicglue.fine_tuning_manager - INFO - Early stopping triggered at epoch 7
2026-02-01 22:28:26,454 - src.evaluation.indicglue.fine_tuning_manager - INFO - Restored best model from epoch 2 with val_acc=0.5345
2026-02-01 22:28:26,929 - src.evaluation.indicglue.fine_tuning_manager - DEBUG - CUDA memory cleanup completed successfully
2026-02-01 22:28:26,929 - src.evaluation.indicglue.fine_tuning_manager - DEBUG - Cleaned up optimizer, scheduler, and GPU memory after fine-tuning
2026-02-01 22:28:26,929 - src.evaluation.indicglue_evaluator - INFO - Evaluation mode switched to: fine-tuned (will use classification heads for all tasks)
2026-02-01 22:28:26,930 - src.evaluation.indicglue_evaluator - INFO - Evaluating fine-tuned model on test set...
2026-02-01 22:28:26,930 - src.evaluation.indicglue_evaluator - INFO - Evaluating on 88 examples
2026-02-01 22:28:26,930 - src.evaluation.indicglue_evaluator - INFO - [ROUTING] Choice of Plausible Alternatives: Fine-tuned MC task → Using classification head (matches official IndicBERT)
2026-02-01 22:28:26,930 - src.evaluation.indicglue_evaluator - INFO - Evaluating Choice of Plausible Alternatives with MultipleChoiceWrapper on 88 examples
2026-02-01 22:28:27,431 - src.evaluation.indicglue_evaluator - DEBUG - DataLoader cleanup completed
2026-02-01 22:28:38,805 - src.evaluation.evaluation_cache - INFO - Predictions cached: da8cafb22d5f0296e48690b61f9a21074c6b2a05c81862c12d488230af28f7a6
2026-02-01 22:28:38,806 - src.evaluation.evaluation_cache - DEBUG -   Samples: 2
2026-02-01 22:28:38,806 - src.evaluation.indicglue_evaluator - INFO - Saved predictions to cache for Choice of Plausible Alternatives
2026-02-01 22:28:38,806 - src.evaluation.indicglue_evaluator - DEBUG - Cleared wrapped model cache for Choice of Plausible Alternatives
2026-02-01 22:28:39,278 - src.evaluation.indicglue_evaluator - DEBUG - CUDA memory cleanup completed successfully
2026-02-01 22:28:39,279 - src.evaluation.indicglue_evaluator - INFO - Choice of Plausible Alternatives Results:
2026-02-01 22:28:39,279 - src.evaluation.indicglue_evaluator - INFO -   num_examples: 88.0000
2026-02-01 22:28:39,279 - src.evaluation.indicglue_evaluator - INFO -   accuracy: 0.4886
2026-02-01 22:28:39,279 - src.evaluation.indicglue_evaluator - INFO -   f1_macro: 0.4832
2026-02-01 22:28:39,279 - src.evaluation.indicglue_evaluator - INFO -   f1_weighted: 0.4904
2026-02-01 22:28:39,279 - src.evaluation.indicglue_evaluator - INFO -   precision_macro: 0.4839
2026-02-01 22:28:39,279 - src.evaluation.indicglue_evaluator - INFO -   recall_macro: 0.4837
2026-02-01 22:28:39,279 - src.evaluation.indicglue_evaluator - INFO -   fine_tuned: 1.0000
2026-02-01 22:28:39,279 - src.evaluation.indicglue_evaluator - INFO -   fine_tuning_time_seconds: 56.6255
2026-02-01 22:28:39,672 - src.evaluation.indicglue_evaluator - DEBUG - CUDA memory cleanup completed successfully
2026-02-01 22:28:39,672 - src.evaluation.indicglue_evaluator - INFO - 
Evaluating MovieReviewSentiment...
2026-02-01 22:28:39,672 - src.evaluation.evaluation_cache - DEBUG - Cache key includes model_type: deberta
2026-02-01 22:28:39,673 - src.evaluation.evaluation_cache - DEBUG - Cache key includes vocab_size: 228
2026-02-01 22:28:39,673 - src.evaluation.evaluation_cache - DEBUG - Cache key includes tokenizer_type: character
2026-02-01 22:28:39,673 - src.evaluation.evaluation_cache - DEBUG - Generated cache key: 815a9f13189f4f6d27e747cfc60b13984f06609887f5b23d610237f1bf60d8de
2026-02-01 22:28:39,673 - src.evaluation.evaluation_cache - DEBUG - Cache miss: 815a9f13189f4f6d27e747cfc60b13984f06609887f5b23d610237f1bf60d8de
2026-02-01 22:28:39,673 - src.evaluation.indicglue_evaluator - INFO - ✗ Cache miss for MovieReviewSentiment (fine-tuned mode)
2026-02-01 22:28:39,674 - src.evaluation.indicglue_evaluator - INFO -   Proceeding with fine-tuning and inference
2026-02-01 22:28:39,674 - src.evaluation.indicglue_evaluator - INFO - Fine-tuning mode enabled for MovieReviewSentiment
2026-02-01 22:28:39,674 - src.evaluation.indicglue_evaluator - INFO - Using original HuggingFace splits for MovieReviewSentiment
2026-02-01 22:28:39,674 - src.evaluation.indicglue_evaluator - INFO - Attempting to load MovieReviewSentiment from ai4bharat/indic_glue with config 'iitp-mr.hi' (split=train)
2026-02-01 22:28:41,054 - filelock - DEBUG - Attempting to acquire lock 140639533060352 on /dss/dsshome1/00/ge95xod2/.cache/huggingface/datasets/_dss_dsshome1_00_ge95xod2_.cache_huggingface_datasets_ai4bharat___indic_glue_iitp-mr.hi_0.0.0_6dcbebd49d6b12965d433bffcd07e9a786211703.lock
2026-02-01 22:28:41,058 - filelock - DEBUG - Lock 140639533060352 acquired on /dss/dsshome1/00/ge95xod2/.cache/huggingface/datasets/_dss_dsshome1_00_ge95xod2_.cache_huggingface_datasets_ai4bharat___indic_glue_iitp-mr.hi_0.0.0_6dcbebd49d6b12965d433bffcd07e9a786211703.lock
2026-02-01 22:28:41,062 - fsspec.local - DEBUG - open file: /dss/dsshome1/00/ge95xod2/.cache/huggingface/datasets/ai4bharat___indic_glue/iitp-mr.hi/0.0.0/6dcbebd49d6b12965d433bffcd07e9a786211703/dataset_info.json
2026-02-01 22:28:41,062 - filelock - DEBUG - Attempting to release lock 140639533060352 on /dss/dsshome1/00/ge95xod2/.cache/huggingface/datasets/_dss_dsshome1_00_ge95xod2_.cache_huggingface_datasets_ai4bharat___indic_glue_iitp-mr.hi_0.0.0_6dcbebd49d6b12965d433bffcd07e9a786211703.lock
2026-02-01 22:28:41,063 - filelock - DEBUG - Lock 140639533060352 released on /dss/dsshome1/00/ge95xod2/.cache/huggingface/datasets/_dss_dsshome1_00_ge95xod2_.cache_huggingface_datasets_ai4bharat___indic_glue_iitp-mr.hi_0.0.0_6dcbebd49d6b12965d433bffcd07e9a786211703.lock
2026-02-01 22:28:41,065 - filelock - DEBUG - Attempting to acquire lock 140639524659456 on /dss/dsshome1/00/ge95xod2/.cache/huggingface/datasets/ai4bharat___indic_glue/iitp-mr.hi/0.0.0/6dcbebd49d6b12965d433bffcd07e9a786211703_builder.lock
2026-02-01 22:28:41,068 - filelock - DEBUG - Lock 140639524659456 acquired on /dss/dsshome1/00/ge95xod2/.cache/huggingface/datasets/ai4bharat___indic_glue/iitp-mr.hi/0.0.0/6dcbebd49d6b12965d433bffcd07e9a786211703_builder.lock
2026-02-01 22:28:41,068 - fsspec.local - DEBUG - open file: /dss/dsshome1/00/ge95xod2/.cache/huggingface/datasets/ai4bharat___indic_glue/iitp-mr.hi/0.0.0/6dcbebd49d6b12965d433bffcd07e9a786211703/dataset_info.json
2026-02-01 22:28:41,068 - filelock - DEBUG - Attempting to release lock 140639524659456 on /dss/dsshome1/00/ge95xod2/.cache/huggingface/datasets/ai4bharat___indic_glue/iitp-mr.hi/0.0.0/6dcbebd49d6b12965d433bffcd07e9a786211703_builder.lock
2026-02-01 22:28:41,069 - filelock - DEBUG - Lock 140639524659456 released on /dss/dsshome1/00/ge95xod2/.cache/huggingface/datasets/ai4bharat___indic_glue/iitp-mr.hi/0.0.0/6dcbebd49d6b12965d433bffcd07e9a786211703_builder.lock
2026-02-01 22:28:41,073 - src.evaluation.indicglue_evaluator - INFO - Successfully loaded MovieReviewSentiment train split with 2480 examples
2026-02-01 22:28:41,073 - src.evaluation.indicglue_evaluator - INFO -   Loaded train: 2480 examples
2026-02-01 22:28:41,073 - src.evaluation.indicglue_evaluator - INFO - Attempting to load MovieReviewSentiment from ai4bharat/indic_glue with config 'iitp-mr.hi' (split=validation)
2026-02-01 22:28:42,047 - filelock - DEBUG - Attempting to acquire lock 140639533069312 on /dss/dsshome1/00/ge95xod2/.cache/huggingface/datasets/_dss_dsshome1_00_ge95xod2_.cache_huggingface_datasets_ai4bharat___indic_glue_iitp-mr.hi_0.0.0_6dcbebd49d6b12965d433bffcd07e9a786211703.lock
2026-02-01 22:28:42,048 - filelock - DEBUG - Lock 140639533069312 acquired on /dss/dsshome1/00/ge95xod2/.cache/huggingface/datasets/_dss_dsshome1_00_ge95xod2_.cache_huggingface_datasets_ai4bharat___indic_glue_iitp-mr.hi_0.0.0_6dcbebd49d6b12965d433bffcd07e9a786211703.lock
2026-02-01 22:28:42,049 - fsspec.local - DEBUG - open file: /dss/dsshome1/00/ge95xod2/.cache/huggingface/datasets/ai4bharat___indic_glue/iitp-mr.hi/0.0.0/6dcbebd49d6b12965d433bffcd07e9a786211703/dataset_info.json
2026-02-01 22:28:42,049 - filelock - DEBUG - Attempting to release lock 140639533069312 on /dss/dsshome1/00/ge95xod2/.cache/huggingface/datasets/_dss_dsshome1_00_ge95xod2_.cache_huggingface_datasets_ai4bharat___indic_glue_iitp-mr.hi_0.0.0_6dcbebd49d6b12965d433bffcd07e9a786211703.lock
2026-02-01 22:28:42,049 - filelock - DEBUG - Lock 140639533069312 released on /dss/dsshome1/00/ge95xod2/.cache/huggingface/datasets/_dss_dsshome1_00_ge95xod2_.cache_huggingface_datasets_ai4bharat___indic_glue_iitp-mr.hi_0.0.0_6dcbebd49d6b12965d433bffcd07e9a786211703.lock
2026-02-01 22:28:42,051 - filelock - DEBUG - Attempting to acquire lock 140639533327984 on /dss/dsshome1/00/ge95xod2/.cache/huggingface/datasets/ai4bharat___indic_glue/iitp-mr.hi/0.0.0/6dcbebd49d6b12965d433bffcd07e9a786211703_builder.lock
2026-02-01 22:28:42,052 - filelock - DEBUG - Lock 140639533327984 acquired on /dss/dsshome1/00/ge95xod2/.cache/huggingface/datasets/ai4bharat___indic_glue/iitp-mr.hi/0.0.0/6dcbebd49d6b12965d433bffcd07e9a786211703_builder.lock
2026-02-01 22:28:42,053 - fsspec.local - DEBUG - open file: /dss/dsshome1/00/ge95xod2/.cache/huggingface/datasets/ai4bharat___indic_glue/iitp-mr.hi/0.0.0/6dcbebd49d6b12965d433bffcd07e9a786211703/dataset_info.json
2026-02-01 22:28:42,053 - filelock - DEBUG - Attempting to release lock 140639533327984 on /dss/dsshome1/00/ge95xod2/.cache/huggingface/datasets/ai4bharat___indic_glue/iitp-mr.hi/0.0.0/6dcbebd49d6b12965d433bffcd07e9a786211703_builder.lock
2026-02-01 22:28:42,053 - filelock - DEBUG - Lock 140639533327984 released on /dss/dsshome1/00/ge95xod2/.cache/huggingface/datasets/ai4bharat___indic_glue/iitp-mr.hi/0.0.0/6dcbebd49d6b12965d433bffcd07e9a786211703_builder.lock
2026-02-01 22:28:42,058 - src.evaluation.indicglue_evaluator - INFO - Successfully loaded MovieReviewSentiment validation split with 310 examples
2026-02-01 22:28:42,058 - src.evaluation.indicglue_evaluator - INFO -   Loaded validation: 310 examples
2026-02-01 22:28:42,058 - src.evaluation.indicglue_evaluator - INFO - Attempting to load MovieReviewSentiment from ai4bharat/indic_glue with config 'iitp-mr.hi' (split=test)
2026-02-01 22:28:43,209 - filelock - DEBUG - Attempting to acquire lock 140639532260320 on /dss/dsshome1/00/ge95xod2/.cache/huggingface/datasets/_dss_dsshome1_00_ge95xod2_.cache_huggingface_datasets_ai4bharat___indic_glue_iitp-mr.hi_0.0.0_6dcbebd49d6b12965d433bffcd07e9a786211703.lock
2026-02-01 22:28:43,210 - filelock - DEBUG - Lock 140639532260320 acquired on /dss/dsshome1/00/ge95xod2/.cache/huggingface/datasets/_dss_dsshome1_00_ge95xod2_.cache_huggingface_datasets_ai4bharat___indic_glue_iitp-mr.hi_0.0.0_6dcbebd49d6b12965d433bffcd07e9a786211703.lock
2026-02-01 22:28:43,211 - fsspec.local - DEBUG - open file: /dss/dsshome1/00/ge95xod2/.cache/huggingface/datasets/ai4bharat___indic_glue/iitp-mr.hi/0.0.0/6dcbebd49d6b12965d433bffcd07e9a786211703/dataset_info.json
2026-02-01 22:28:43,211 - filelock - DEBUG - Attempting to release lock 140639532260320 on /dss/dsshome1/00/ge95xod2/.cache/huggingface/datasets/_dss_dsshome1_00_ge95xod2_.cache_huggingface_datasets_ai4bharat___indic_glue_iitp-mr.hi_0.0.0_6dcbebd49d6b12965d433bffcd07e9a786211703.lock
2026-02-01 22:28:43,211 - filelock - DEBUG - Lock 140639532260320 released on /dss/dsshome1/00/ge95xod2/.cache/huggingface/datasets/_dss_dsshome1_00_ge95xod2_.cache_huggingface_datasets_ai4bharat___indic_glue_iitp-mr.hi_0.0.0_6dcbebd49d6b12965d433bffcd07e9a786211703.lock
2026-02-01 22:28:43,244 - filelock - DEBUG - Attempting to acquire lock 140639524662480 on /dss/dsshome1/00/ge95xod2/.cache/huggingface/datasets/ai4bharat___indic_glue/iitp-mr.hi/0.0.0/6dcbebd49d6b12965d433bffcd07e9a786211703_builder.lock
2026-02-01 22:28:43,244 - filelock - DEBUG - Lock 140639524662480 acquired on /dss/dsshome1/00/ge95xod2/.cache/huggingface/datasets/ai4bharat___indic_glue/iitp-mr.hi/0.0.0/6dcbebd49d6b12965d433bffcd07e9a786211703_builder.lock
2026-02-01 22:28:43,244 - fsspec.local - DEBUG - open file: /dss/dsshome1/00/ge95xod2/.cache/huggingface/datasets/ai4bharat___indic_glue/iitp-mr.hi/0.0.0/6dcbebd49d6b12965d433bffcd07e9a786211703/dataset_info.json
2026-02-01 22:28:43,245 - filelock - DEBUG - Attempting to release lock 140639524662480 on /dss/dsshome1/00/ge95xod2/.cache/huggingface/datasets/ai4bharat___indic_glue/iitp-mr.hi/0.0.0/6dcbebd49d6b12965d433bffcd07e9a786211703_builder.lock
2026-02-01 22:28:43,245 - filelock - DEBUG - Lock 140639524662480 released on /dss/dsshome1/00/ge95xod2/.cache/huggingface/datasets/ai4bharat___indic_glue/iitp-mr.hi/0.0.0/6dcbebd49d6b12965d433bffcd07e9a786211703_builder.lock
2026-02-01 22:28:43,249 - src.evaluation.indicglue_evaluator - INFO - Successfully loaded MovieReviewSentiment test split with 310 examples
2026-02-01 22:28:43,249 - src.evaluation.indicglue_evaluator - INFO -   Loaded test: 310 examples
2026-02-01 22:28:43,249 - src.evaluation.indicglue_evaluator - INFO - Fine-tuning on MovieReviewSentiment...
2026-02-01 22:28:43,249 - src.evaluation.indicglue.fine_tuning_manager - INFO - Starting fine-tuning for MovieReviewSentiment
2026-02-01 22:28:43,249 - src.evaluation.indicglue.fine_tuning_manager - INFO - Train samples: 2480, Val samples: 310
2026-02-01 22:28:43,249 - src.evaluation.indicglue_evaluator - INFO - Detected BERT-style model: HindiDeBERTaModel → will use [CLS] token pooling
2026-02-01 22:28:43,250 - src.evaluation.indicglue_evaluator - INFO - Wrapping model for task 'MovieReviewSentiment' with 3 classes
2026-02-01 22:28:43,251 - src.models.classification_models - INFO - DeBERTaForSequenceClassification initialized: num_classes=3, hidden_size=768, pooling=first, weight_std=0.0513, bias=0.10
2026-02-01 22:28:43,254 - src.evaluation.indicglue.fine_tuning_manager - INFO - Starting training loop for MovieReviewSentiment
2026-02-01 22:28:43,263 - src.evaluation.indicglue.fine_tuning_manager - INFO - Model parameters: 87,005,415 total, 87,005,415 trainable (100.0%)
2026-02-01 22:28:43,263 - src.evaluation.indicglue.fine_tuning_manager - INFO - ✓ End-to-end training mode (all parameters trainable)
2026-02-01 22:28:43,265 - src.evaluation.indicglue.fine_tuning_manager - INFO - Optimizer: AdamW with 77 params with decay, 127 without decay
2026-02-01 22:28:43,265 - src.evaluation.indicglue.fine_tuning_manager - INFO - Scheduler created: Linear schedule with 39 warmup steps (total 780 steps)
2026-02-01 22:28:43,265 - src.evaluation.indicglue.fine_tuning_manager - INFO - Training config: total_steps=780, warmup_steps=39 (5.0%)
2026-02-01 22:29:14,420 - src.evaluation.indicglue.fine_tuning_manager - INFO - Epoch 1/10: train_loss=1.6916, val_acc=0.3290, val_loss=1.8281
2026-02-01 22:29:14,461 - src.evaluation.indicglue.fine_tuning_manager - INFO -   → New best validation accuracy: 0.3290 (improvement: 0.3290)
2026-02-01 22:29:45,562 - src.evaluation.indicglue.fine_tuning_manager - INFO - Epoch 2/10: train_loss=1.6828, val_acc=0.3226, val_loss=1.7891
2026-02-01 22:29:45,563 - src.evaluation.indicglue.fine_tuning_manager - INFO -   → No improvement (patience: 1/5)
2026-02-01 22:30:16,655 - src.evaluation.indicglue.fine_tuning_manager - INFO - Epoch 3/10: train_loss=1.6175, val_acc=0.3194, val_loss=1.6516
2026-02-01 22:30:16,656 - src.evaluation.indicglue.fine_tuning_manager - INFO -   → No improvement (patience: 2/5)
2026-02-01 22:30:47,757 - src.evaluation.indicglue.fine_tuning_manager - INFO - Epoch 4/10: train_loss=1.5062, val_acc=0.3129, val_loss=1.4688
2026-02-01 22:30:47,758 - src.evaluation.indicglue.fine_tuning_manager - INFO -   → No improvement (patience: 3/5)
2026-02-01 22:31:18,873 - src.evaluation.indicglue.fine_tuning_manager - INFO - Epoch 5/10: train_loss=1.3518, val_acc=0.3290, val_loss=1.3047
2026-02-01 22:31:18,924 - src.evaluation.indicglue.fine_tuning_manager - INFO -   → No improvement (patience: 4/5)
2026-02-01 22:31:50,042 - src.evaluation.indicglue.fine_tuning_manager - INFO - Epoch 6/10: train_loss=1.3016, val_acc=0.3226, val_loss=1.2188
2026-02-01 22:31:50,043 - src.evaluation.indicglue.fine_tuning_manager - INFO -   → No improvement (patience: 5/5)
2026-02-01 22:31:50,043 - src.evaluation.indicglue.fine_tuning_manager - INFO - Early stopping triggered at epoch 6
2026-02-01 22:31:50,120 - src.evaluation.indicglue.fine_tuning_manager - INFO - Restored best model from epoch 1 with val_acc=0.3290
2026-02-01 22:31:50,717 - src.evaluation.indicglue.fine_tuning_manager - DEBUG - CUDA memory cleanup completed successfully
2026-02-01 22:31:50,718 - src.evaluation.indicglue.fine_tuning_manager - DEBUG - Cleaned up optimizer, scheduler, and GPU memory after fine-tuning
2026-02-01 22:31:50,718 - src.evaluation.indicglue_evaluator - INFO - Evaluation mode switched to: fine-tuned (will use classification heads for all tasks)
2026-02-01 22:31:50,718 - src.evaluation.indicglue_evaluator - INFO - Evaluating fine-tuned model on test set...
2026-02-01 22:31:50,718 - src.evaluation.indicglue_evaluator - INFO - Evaluating on 310 examples
2026-02-01 22:31:50,718 - src.evaluation.indicglue_evaluator - INFO - [ROUTING] MovieReviewSentiment: Classification/NLI task → Using classification head
2026-02-01 22:31:50,718 - src.evaluation.indicglue_evaluator - INFO - Evaluating MovieReviewSentiment on 310 examples
2026-02-01 22:31:52,587 - src.evaluation.indicglue_evaluator - DEBUG - DataLoader cleanup completed
2026-02-01 22:32:07,886 - src.evaluation.evaluation_cache - INFO - Predictions cached: 815a9f13189f4f6d27e747cfc60b13984f06609887f5b23d610237f1bf60d8de
2026-02-01 22:32:07,887 - src.evaluation.evaluation_cache - DEBUG -   Samples: 2
2026-02-01 22:32:07,887 - src.evaluation.indicglue_evaluator - INFO - Saved predictions to cache for MovieReviewSentiment
2026-02-01 22:32:07,887 - src.evaluation.indicglue_evaluator - DEBUG - Cleared wrapped model cache for MovieReviewSentiment
2026-02-01 22:32:08,358 - src.evaluation.indicglue_evaluator - DEBUG - CUDA memory cleanup completed successfully
2026-02-01 22:32:08,359 - src.evaluation.indicglue_evaluator - INFO - MovieReviewSentiment Results:
2026-02-01 22:32:08,359 - src.evaluation.indicglue_evaluator - INFO -   num_examples: 310.0000
2026-02-01 22:32:08,360 - src.evaluation.indicglue_evaluator - INFO -   accuracy: 0.3419
2026-02-01 22:32:08,360 - src.evaluation.indicglue_evaluator - INFO -   f1_macro: 0.3232
2026-02-01 22:32:08,360 - src.evaluation.indicglue_evaluator - INFO -   f1_weighted: 0.3335
2026-02-01 22:32:08,360 - src.evaluation.indicglue_evaluator - INFO -   precision_macro: 0.3260
2026-02-01 22:32:08,360 - src.evaluation.indicglue_evaluator - INFO -   recall_macro: 0.3270
2026-02-01 22:32:08,360 - src.evaluation.indicglue_evaluator - INFO -   fine_tuned: 1.0000
2026-02-01 22:32:08,360 - src.evaluation.indicglue_evaluator - INFO -   fine_tuning_time_seconds: 187.4687
2026-02-01 22:32:08,757 - src.evaluation.indicglue_evaluator - DEBUG - CUDA memory cleanup completed successfully
2026-02-01 22:32:08,757 - src.evaluation.indicglue_evaluator - INFO - 
Evaluating ProductReviewSentiment...
2026-02-01 22:32:08,757 - src.evaluation.evaluation_cache - DEBUG - Cache key includes model_type: deberta
2026-02-01 22:32:08,758 - src.evaluation.evaluation_cache - DEBUG - Cache key includes vocab_size: 228
2026-02-01 22:32:08,758 - src.evaluation.evaluation_cache - DEBUG - Cache key includes tokenizer_type: character
2026-02-01 22:32:08,758 - src.evaluation.evaluation_cache - DEBUG - Generated cache key: 4dc318a8c6ae423c73ee47b3453740a1912adbd52c26897c0f1eaa6b6b965c37
2026-02-01 22:32:08,759 - src.evaluation.evaluation_cache - DEBUG - Cache miss: 4dc318a8c6ae423c73ee47b3453740a1912adbd52c26897c0f1eaa6b6b965c37
2026-02-01 22:32:08,759 - src.evaluation.indicglue_evaluator - INFO - ✗ Cache miss for ProductReviewSentiment (fine-tuned mode)
2026-02-01 22:32:08,759 - src.evaluation.indicglue_evaluator - INFO -   Proceeding with fine-tuning and inference
2026-02-01 22:32:08,759 - src.evaluation.indicglue_evaluator - INFO - Fine-tuning mode enabled for ProductReviewSentiment
2026-02-01 22:32:08,759 - src.evaluation.indicglue_evaluator - INFO - Using original HuggingFace splits for ProductReviewSentiment
2026-02-01 22:32:08,759 - src.evaluation.indicglue_evaluator - INFO - Attempting to load ProductReviewSentiment from ai4bharat/indic_glue with config 'iitp-pr.hi' (split=train)
2026-02-01 22:32:10,123 - filelock - DEBUG - Attempting to acquire lock 140640584463648 on /dss/dsshome1/00/ge95xod2/.cache/huggingface/datasets/_dss_dsshome1_00_ge95xod2_.cache_huggingface_datasets_ai4bharat___indic_glue_iitp-pr.hi_0.0.0_6dcbebd49d6b12965d433bffcd07e9a786211703.lock
2026-02-01 22:32:10,127 - filelock - DEBUG - Lock 140640584463648 acquired on /dss/dsshome1/00/ge95xod2/.cache/huggingface/datasets/_dss_dsshome1_00_ge95xod2_.cache_huggingface_datasets_ai4bharat___indic_glue_iitp-pr.hi_0.0.0_6dcbebd49d6b12965d433bffcd07e9a786211703.lock
2026-02-01 22:32:10,130 - fsspec.local - DEBUG - open file: /dss/dsshome1/00/ge95xod2/.cache/huggingface/datasets/ai4bharat___indic_glue/iitp-pr.hi/0.0.0/6dcbebd49d6b12965d433bffcd07e9a786211703/dataset_info.json
2026-02-01 22:32:10,131 - filelock - DEBUG - Attempting to release lock 140640584463648 on /dss/dsshome1/00/ge95xod2/.cache/huggingface/datasets/_dss_dsshome1_00_ge95xod2_.cache_huggingface_datasets_ai4bharat___indic_glue_iitp-pr.hi_0.0.0_6dcbebd49d6b12965d433bffcd07e9a786211703.lock
2026-02-01 22:32:10,131 - filelock - DEBUG - Lock 140640584463648 released on /dss/dsshome1/00/ge95xod2/.cache/huggingface/datasets/_dss_dsshome1_00_ge95xod2_.cache_huggingface_datasets_ai4bharat___indic_glue_iitp-pr.hi_0.0.0_6dcbebd49d6b12965d433bffcd07e9a786211703.lock
2026-02-01 22:32:10,133 - filelock - DEBUG - Attempting to acquire lock 140639524098496 on /dss/dsshome1/00/ge95xod2/.cache/huggingface/datasets/ai4bharat___indic_glue/iitp-pr.hi/0.0.0/6dcbebd49d6b12965d433bffcd07e9a786211703_builder.lock
2026-02-01 22:32:10,136 - filelock - DEBUG - Lock 140639524098496 acquired on /dss/dsshome1/00/ge95xod2/.cache/huggingface/datasets/ai4bharat___indic_glue/iitp-pr.hi/0.0.0/6dcbebd49d6b12965d433bffcd07e9a786211703_builder.lock
2026-02-01 22:32:10,136 - fsspec.local - DEBUG - open file: /dss/dsshome1/00/ge95xod2/.cache/huggingface/datasets/ai4bharat___indic_glue/iitp-pr.hi/0.0.0/6dcbebd49d6b12965d433bffcd07e9a786211703/dataset_info.json
2026-02-01 22:32:10,137 - filelock - DEBUG - Attempting to release lock 140639524098496 on /dss/dsshome1/00/ge95xod2/.cache/huggingface/datasets/ai4bharat___indic_glue/iitp-pr.hi/0.0.0/6dcbebd49d6b12965d433bffcd07e9a786211703_builder.lock
2026-02-01 22:32:10,137 - filelock - DEBUG - Lock 140639524098496 released on /dss/dsshome1/00/ge95xod2/.cache/huggingface/datasets/ai4bharat___indic_glue/iitp-pr.hi/0.0.0/6dcbebd49d6b12965d433bffcd07e9a786211703_builder.lock
2026-02-01 22:32:10,145 - src.evaluation.indicglue_evaluator - INFO - Successfully loaded ProductReviewSentiment train split with 4182 examples
2026-02-01 22:32:10,145 - src.evaluation.indicglue_evaluator - INFO -   Loaded train: 4182 examples
2026-02-01 22:32:10,146 - src.evaluation.indicglue_evaluator - INFO - Attempting to load ProductReviewSentiment from ai4bharat/indic_glue with config 'iitp-pr.hi' (split=validation)
2026-02-01 22:32:11,144 - filelock - DEBUG - Attempting to acquire lock 140639533162656 on /dss/dsshome1/00/ge95xod2/.cache/huggingface/datasets/_dss_dsshome1_00_ge95xod2_.cache_huggingface_datasets_ai4bharat___indic_glue_iitp-pr.hi_0.0.0_6dcbebd49d6b12965d433bffcd07e9a786211703.lock
2026-02-01 22:32:11,145 - filelock - DEBUG - Lock 140639533162656 acquired on /dss/dsshome1/00/ge95xod2/.cache/huggingface/datasets/_dss_dsshome1_00_ge95xod2_.cache_huggingface_datasets_ai4bharat___indic_glue_iitp-pr.hi_0.0.0_6dcbebd49d6b12965d433bffcd07e9a786211703.lock
2026-02-01 22:32:11,146 - fsspec.local - DEBUG - open file: /dss/dsshome1/00/ge95xod2/.cache/huggingface/datasets/ai4bharat___indic_glue/iitp-pr.hi/0.0.0/6dcbebd49d6b12965d433bffcd07e9a786211703/dataset_info.json
2026-02-01 22:32:11,147 - filelock - DEBUG - Attempting to release lock 140639533162656 on /dss/dsshome1/00/ge95xod2/.cache/huggingface/datasets/_dss_dsshome1_00_ge95xod2_.cache_huggingface_datasets_ai4bharat___indic_glue_iitp-pr.hi_0.0.0_6dcbebd49d6b12965d433bffcd07e9a786211703.lock
2026-02-01 22:32:11,147 - filelock - DEBUG - Lock 140639533162656 released on /dss/dsshome1/00/ge95xod2/.cache/huggingface/datasets/_dss_dsshome1_00_ge95xod2_.cache_huggingface_datasets_ai4bharat___indic_glue_iitp-pr.hi_0.0.0_6dcbebd49d6b12965d433bffcd07e9a786211703.lock
2026-02-01 22:32:11,149 - filelock - DEBUG - Attempting to acquire lock 140639523770672 on /dss/dsshome1/00/ge95xod2/.cache/huggingface/datasets/ai4bharat___indic_glue/iitp-pr.hi/0.0.0/6dcbebd49d6b12965d433bffcd07e9a786211703_builder.lock
2026-02-01 22:32:11,149 - filelock - DEBUG - Lock 140639523770672 acquired on /dss/dsshome1/00/ge95xod2/.cache/huggingface/datasets/ai4bharat___indic_glue/iitp-pr.hi/0.0.0/6dcbebd49d6b12965d433bffcd07e9a786211703_builder.lock
2026-02-01 22:32:11,150 - fsspec.local - DEBUG - open file: /dss/dsshome1/00/ge95xod2/.cache/huggingface/datasets/ai4bharat___indic_glue/iitp-pr.hi/0.0.0/6dcbebd49d6b12965d433bffcd07e9a786211703/dataset_info.json
2026-02-01 22:32:11,151 - filelock - DEBUG - Attempting to release lock 140639523770672 on /dss/dsshome1/00/ge95xod2/.cache/huggingface/datasets/ai4bharat___indic_glue/iitp-pr.hi/0.0.0/6dcbebd49d6b12965d433bffcd07e9a786211703_builder.lock
2026-02-01 22:32:11,151 - filelock - DEBUG - Lock 140639523770672 released on /dss/dsshome1/00/ge95xod2/.cache/huggingface/datasets/ai4bharat___indic_glue/iitp-pr.hi/0.0.0/6dcbebd49d6b12965d433bffcd07e9a786211703_builder.lock
2026-02-01 22:32:11,175 - src.evaluation.indicglue_evaluator - INFO - Successfully loaded ProductReviewSentiment validation split with 523 examples
2026-02-01 22:32:11,175 - src.evaluation.indicglue_evaluator - INFO -   Loaded validation: 523 examples
2026-02-01 22:32:11,176 - src.evaluation.indicglue_evaluator - INFO - Attempting to load ProductReviewSentiment from ai4bharat/indic_glue with config 'iitp-pr.hi' (split=test)
2026-02-01 22:32:12,130 - filelock - DEBUG - Attempting to acquire lock 140639524661904 on /dss/dsshome1/00/ge95xod2/.cache/huggingface/datasets/_dss_dsshome1_00_ge95xod2_.cache_huggingface_datasets_ai4bharat___indic_glue_iitp-pr.hi_0.0.0_6dcbebd49d6b12965d433bffcd07e9a786211703.lock
2026-02-01 22:32:12,131 - filelock - DEBUG - Lock 140639524661904 acquired on /dss/dsshome1/00/ge95xod2/.cache/huggingface/datasets/_dss_dsshome1_00_ge95xod2_.cache_huggingface_datasets_ai4bharat___indic_glue_iitp-pr.hi_0.0.0_6dcbebd49d6b12965d433bffcd07e9a786211703.lock
2026-02-01 22:32:12,131 - fsspec.local - DEBUG - open file: /dss/dsshome1/00/ge95xod2/.cache/huggingface/datasets/ai4bharat___indic_glue/iitp-pr.hi/0.0.0/6dcbebd49d6b12965d433bffcd07e9a786211703/dataset_info.json
2026-02-01 22:32:12,132 - filelock - DEBUG - Attempting to release lock 140639524661904 on /dss/dsshome1/00/ge95xod2/.cache/huggingface/datasets/_dss_dsshome1_00_ge95xod2_.cache_huggingface_datasets_ai4bharat___indic_glue_iitp-pr.hi_0.0.0_6dcbebd49d6b12965d433bffcd07e9a786211703.lock
2026-02-01 22:32:12,132 - filelock - DEBUG - Lock 140639524661904 released on /dss/dsshome1/00/ge95xod2/.cache/huggingface/datasets/_dss_dsshome1_00_ge95xod2_.cache_huggingface_datasets_ai4bharat___indic_glue_iitp-pr.hi_0.0.0_6dcbebd49d6b12965d433bffcd07e9a786211703.lock
2026-02-01 22:32:12,134 - filelock - DEBUG - Attempting to acquire lock 140639533300512 on /dss/dsshome1/00/ge95xod2/.cache/huggingface/datasets/ai4bharat___indic_glue/iitp-pr.hi/0.0.0/6dcbebd49d6b12965d433bffcd07e9a786211703_builder.lock
2026-02-01 22:32:12,135 - filelock - DEBUG - Lock 140639533300512 acquired on /dss/dsshome1/00/ge95xod2/.cache/huggingface/datasets/ai4bharat___indic_glue/iitp-pr.hi/0.0.0/6dcbebd49d6b12965d433bffcd07e9a786211703_builder.lock
2026-02-01 22:32:12,136 - fsspec.local - DEBUG - open file: /dss/dsshome1/00/ge95xod2/.cache/huggingface/datasets/ai4bharat___indic_glue/iitp-pr.hi/0.0.0/6dcbebd49d6b12965d433bffcd07e9a786211703/dataset_info.json
2026-02-01 22:32:12,136 - filelock - DEBUG - Attempting to release lock 140639533300512 on /dss/dsshome1/00/ge95xod2/.cache/huggingface/datasets/ai4bharat___indic_glue/iitp-pr.hi/0.0.0/6dcbebd49d6b12965d433bffcd07e9a786211703_builder.lock
2026-02-01 22:32:12,136 - filelock - DEBUG - Lock 140639533300512 released on /dss/dsshome1/00/ge95xod2/.cache/huggingface/datasets/ai4bharat___indic_glue/iitp-pr.hi/0.0.0/6dcbebd49d6b12965d433bffcd07e9a786211703_builder.lock
2026-02-01 22:32:12,165 - src.evaluation.indicglue_evaluator - INFO - Successfully loaded ProductReviewSentiment test split with 523 examples
2026-02-01 22:32:12,165 - src.evaluation.indicglue_evaluator - INFO -   Loaded test: 523 examples
2026-02-01 22:32:12,165 - src.evaluation.indicglue_evaluator - INFO - Fine-tuning on ProductReviewSentiment...
2026-02-01 22:32:12,165 - src.evaluation.indicglue.fine_tuning_manager - INFO - Starting fine-tuning for ProductReviewSentiment
2026-02-01 22:32:12,165 - src.evaluation.indicglue.fine_tuning_manager - INFO - Train samples: 4182, Val samples: 523
2026-02-01 22:32:12,165 - src.evaluation.indicglue_evaluator - INFO - Detected BERT-style model: HindiDeBERTaModel → will use [CLS] token pooling
2026-02-01 22:32:12,165 - src.evaluation.indicglue_evaluator - INFO - Wrapping model for task 'ProductReviewSentiment' with 3 classes
2026-02-01 22:32:12,167 - src.models.classification_models - INFO - DeBERTaForSequenceClassification initialized: num_classes=3, hidden_size=768, pooling=first, weight_std=0.0513, bias=0.10
2026-02-01 22:32:12,172 - src.evaluation.indicglue.fine_tuning_manager - INFO - Starting training loop for ProductReviewSentiment
2026-02-01 22:32:12,173 - src.evaluation.indicglue.fine_tuning_manager - INFO - Model parameters: 87,005,415 total, 87,005,415 trainable (100.0%)
2026-02-01 22:32:12,174 - src.evaluation.indicglue.fine_tuning_manager - INFO - ✓ End-to-end training mode (all parameters trainable)
2026-02-01 22:32:12,176 - src.evaluation.indicglue.fine_tuning_manager - INFO - Optimizer: AdamW with 77 params with decay, 127 without decay
2026-02-01 22:32:12,177 - src.evaluation.indicglue.fine_tuning_manager - INFO - Scheduler created: Linear schedule with 65 warmup steps (total 1310 steps)
2026-02-01 22:32:12,177 - src.evaluation.indicglue.fine_tuning_manager - INFO - Training config: total_steps=1310, warmup_steps=65 (5.0%)
2026-02-01 22:33:01,125 - src.evaluation.indicglue.fine_tuning_manager - INFO - Epoch 1/10: train_loss=1.6183, val_acc=0.3614, val_loss=1.5625
2026-02-01 22:33:01,176 - src.evaluation.indicglue.fine_tuning_manager - INFO -   → New best validation accuracy: 0.3614 (improvement: 0.3614)
2026-02-01 22:33:50,127 - src.evaluation.indicglue.fine_tuning_manager - INFO - Epoch 2/10: train_loss=1.5811, val_acc=0.3556, val_loss=1.5286
2026-02-01 22:33:50,128 - src.evaluation.indicglue.fine_tuning_manager - INFO -   → No improvement (patience: 1/5)
2026-02-01 22:34:39,084 - src.evaluation.indicglue.fine_tuning_manager - INFO - Epoch 3/10: train_loss=1.5401, val_acc=0.3595, val_loss=1.4115
2026-02-01 22:34:39,084 - src.evaluation.indicglue.fine_tuning_manager - INFO -   → No improvement (patience: 2/5)
2026-02-01 22:35:28,018 - src.evaluation.indicglue.fine_tuning_manager - INFO - Epoch 4/10: train_loss=1.4119, val_acc=0.3690, val_loss=1.2622
2026-02-01 22:35:28,410 - src.evaluation.indicglue.fine_tuning_manager - INFO -   → New best validation accuracy: 0.3690 (improvement: 0.0076)
2026-02-01 22:36:17,371 - src.evaluation.indicglue.fine_tuning_manager - INFO - Epoch 5/10: train_loss=1.2813, val_acc=0.3805, val_loss=1.1493
2026-02-01 22:36:17,752 - src.evaluation.indicglue.fine_tuning_manager - INFO -   → New best validation accuracy: 0.3805 (improvement: 0.0115)
2026-02-01 22:37:06,732 - src.evaluation.indicglue.fine_tuning_manager - INFO - Epoch 6/10: train_loss=1.1926, val_acc=0.3786, val_loss=1.1102
2026-02-01 22:37:06,733 - src.evaluation.indicglue.fine_tuning_manager - INFO -   → No improvement (patience: 1/5)
2026-02-01 22:37:55,682 - src.evaluation.indicglue.fine_tuning_manager - INFO - Epoch 7/10: train_loss=1.1712, val_acc=0.3996, val_loss=1.0881
2026-02-01 22:37:56,064 - src.evaluation.indicglue.fine_tuning_manager - INFO -   → New best validation accuracy: 0.3996 (improvement: 0.0191)
2026-02-01 22:38:45,031 - src.evaluation.indicglue.fine_tuning_manager - INFO - Epoch 8/10: train_loss=1.1734, val_acc=0.3996, val_loss=1.0707
2026-02-01 22:38:45,032 - src.evaluation.indicglue.fine_tuning_manager - INFO -   → No improvement (patience: 1/5)
2026-02-01 22:39:34,032 - src.evaluation.indicglue.fine_tuning_manager - INFO - Epoch 9/10: train_loss=1.1464, val_acc=0.4034, val_loss=1.0573
2026-02-01 22:39:34,471 - src.evaluation.indicglue.fine_tuning_manager - INFO -   → New best validation accuracy: 0.4034 (improvement: 0.0038)
2026-02-01 22:40:23,461 - src.evaluation.indicglue.fine_tuning_manager - INFO - Epoch 10/10: train_loss=1.1370, val_acc=0.4092, val_loss=1.0464
2026-02-01 22:40:23,798 - src.evaluation.indicglue.fine_tuning_manager - INFO -   → New best validation accuracy: 0.4092 (improvement: 0.0057)
2026-02-01 22:40:23,831 - src.evaluation.indicglue.fine_tuning_manager - INFO - Restored best model from epoch 10 with val_acc=0.4092
2026-02-01 22:40:24,310 - src.evaluation.indicglue.fine_tuning_manager - DEBUG - CUDA memory cleanup completed successfully
2026-02-01 22:40:24,310 - src.evaluation.indicglue.fine_tuning_manager - DEBUG - Cleaned up optimizer, scheduler, and GPU memory after fine-tuning
2026-02-01 22:40:24,310 - src.evaluation.indicglue_evaluator - INFO - Evaluation mode switched to: fine-tuned (will use classification heads for all tasks)
2026-02-01 22:40:24,311 - src.evaluation.indicglue_evaluator - INFO - Evaluating fine-tuned model on test set...
2026-02-01 22:40:24,311 - src.evaluation.indicglue_evaluator - INFO - Evaluating on 523 examples
2026-02-01 22:40:24,311 - src.evaluation.indicglue_evaluator - INFO - [ROUTING] ProductReviewSentiment: Classification/NLI task → Using classification head
2026-02-01 22:40:24,311 - src.evaluation.indicglue_evaluator - INFO - Evaluating ProductReviewSentiment on 523 examples
2026-02-01 22:40:27,125 - src.evaluation.indicglue_evaluator - DEBUG - DataLoader cleanup completed
2026-02-01 22:40:42,912 - src.evaluation.evaluation_cache - INFO - Predictions cached: 4dc318a8c6ae423c73ee47b3453740a1912adbd52c26897c0f1eaa6b6b965c37
2026-02-01 22:40:42,913 - src.evaluation.evaluation_cache - DEBUG -   Samples: 2
2026-02-01 22:40:42,913 - src.evaluation.indicglue_evaluator - INFO - Saved predictions to cache for ProductReviewSentiment
2026-02-01 22:40:42,913 - src.evaluation.indicglue_evaluator - DEBUG - Cleared wrapped model cache for ProductReviewSentiment
2026-02-01 22:40:43,366 - src.evaluation.indicglue_evaluator - DEBUG - CUDA memory cleanup completed successfully
2026-02-01 22:40:43,367 - src.evaluation.indicglue_evaluator - INFO - ProductReviewSentiment Results:
2026-02-01 22:40:43,367 - src.evaluation.indicglue_evaluator - INFO -   num_examples: 523.0000
2026-02-01 22:40:43,367 - src.evaluation.indicglue_evaluator - INFO -   accuracy: 0.4742
2026-02-01 22:40:43,367 - src.evaluation.indicglue_evaluator - INFO -   f1_macro: 0.3357
2026-02-01 22:40:43,583 - src.evaluation.indicglue_evaluator - INFO -   f1_weighted: 0.4401
2026-02-01 22:40:43,583 - src.evaluation.indicglue_evaluator - INFO -   precision_macro: 0.3143
2026-02-01 22:40:43,583 - src.evaluation.indicglue_evaluator - INFO -   recall_macro: 0.3610
2026-02-01 22:40:43,583 - src.evaluation.indicglue_evaluator - INFO -   fine_tuned: 1.0000
2026-02-01 22:40:43,583 - src.evaluation.indicglue_evaluator - INFO -   fine_tuning_time_seconds: 492.1456
2026-02-01 22:40:43,983 - src.evaluation.indicglue_evaluator - DEBUG - CUDA memory cleanup completed successfully
2026-02-01 22:40:43,984 - src.evaluation.indicglue_evaluator - INFO - 
Evaluating DiscourseMode...
2026-02-01 22:40:43,985 - src.evaluation.evaluation_cache - DEBUG - Cache key includes model_type: deberta
2026-02-01 22:40:43,985 - src.evaluation.evaluation_cache - DEBUG - Cache key includes vocab_size: 228
2026-02-01 22:40:43,985 - src.evaluation.evaluation_cache - DEBUG - Cache key includes tokenizer_type: character
2026-02-01 22:40:43,985 - src.evaluation.evaluation_cache - DEBUG - Generated cache key: 974e8b5112a2724e89c24edc497452cbbada6eb45c4364c60ee4eccd6e461832
2026-02-01 22:40:43,987 - src.evaluation.evaluation_cache - DEBUG - Cache miss: 974e8b5112a2724e89c24edc497452cbbada6eb45c4364c60ee4eccd6e461832
2026-02-01 22:40:43,987 - src.evaluation.indicglue_evaluator - INFO - ✗ Cache miss for DiscourseMode (fine-tuned mode)
2026-02-01 22:40:43,987 - src.evaluation.indicglue_evaluator - INFO -   Proceeding with fine-tuning and inference
2026-02-01 22:40:43,987 - src.evaluation.indicglue_evaluator - INFO - Fine-tuning mode enabled for DiscourseMode
2026-02-01 22:40:43,987 - src.evaluation.indicglue_evaluator - INFO - Using original HuggingFace splits for DiscourseMode
2026-02-01 22:40:43,987 - src.evaluation.indicglue_evaluator - INFO - Attempting to load DiscourseMode from ai4bharat/indic_glue with config 'md.hi' (split=train)
2026-02-01 22:40:45,507 - filelock - DEBUG - Attempting to acquire lock 140639532985312 on /dss/dsshome1/00/ge95xod2/.cache/huggingface/datasets/_dss_dsshome1_00_ge95xod2_.cache_huggingface_datasets_ai4bharat___indic_glue_md.hi_0.0.0_6dcbebd49d6b12965d433bffcd07e9a786211703.lock
2026-02-01 22:40:45,510 - filelock - DEBUG - Lock 140639532985312 acquired on /dss/dsshome1/00/ge95xod2/.cache/huggingface/datasets/_dss_dsshome1_00_ge95xod2_.cache_huggingface_datasets_ai4bharat___indic_glue_md.hi_0.0.0_6dcbebd49d6b12965d433bffcd07e9a786211703.lock
2026-02-01 22:40:45,513 - fsspec.local - DEBUG - open file: /dss/dsshome1/00/ge95xod2/.cache/huggingface/datasets/ai4bharat___indic_glue/md.hi/0.0.0/6dcbebd49d6b12965d433bffcd07e9a786211703/dataset_info.json
2026-02-01 22:40:45,513 - filelock - DEBUG - Attempting to release lock 140639532985312 on /dss/dsshome1/00/ge95xod2/.cache/huggingface/datasets/_dss_dsshome1_00_ge95xod2_.cache_huggingface_datasets_ai4bharat___indic_glue_md.hi_0.0.0_6dcbebd49d6b12965d433bffcd07e9a786211703.lock
2026-02-01 22:40:45,514 - filelock - DEBUG - Lock 140639532985312 released on /dss/dsshome1/00/ge95xod2/.cache/huggingface/datasets/_dss_dsshome1_00_ge95xod2_.cache_huggingface_datasets_ai4bharat___indic_glue_md.hi_0.0.0_6dcbebd49d6b12965d433bffcd07e9a786211703.lock
2026-02-01 22:40:45,516 - filelock - DEBUG - Attempting to acquire lock 140639532809952 on /dss/dsshome1/00/ge95xod2/.cache/huggingface/datasets/ai4bharat___indic_glue/md.hi/0.0.0/6dcbebd49d6b12965d433bffcd07e9a786211703_builder.lock
2026-02-01 22:40:45,518 - filelock - DEBUG - Lock 140639532809952 acquired on /dss/dsshome1/00/ge95xod2/.cache/huggingface/datasets/ai4bharat___indic_glue/md.hi/0.0.0/6dcbebd49d6b12965d433bffcd07e9a786211703_builder.lock
2026-02-01 22:40:45,519 - fsspec.local - DEBUG - open file: /dss/dsshome1/00/ge95xod2/.cache/huggingface/datasets/ai4bharat___indic_glue/md.hi/0.0.0/6dcbebd49d6b12965d433bffcd07e9a786211703/dataset_info.json
2026-02-01 22:40:45,519 - filelock - DEBUG - Attempting to release lock 140639532809952 on /dss/dsshome1/00/ge95xod2/.cache/huggingface/datasets/ai4bharat___indic_glue/md.hi/0.0.0/6dcbebd49d6b12965d433bffcd07e9a786211703_builder.lock
2026-02-01 22:40:45,519 - filelock - DEBUG - Lock 140639532809952 released on /dss/dsshome1/00/ge95xod2/.cache/huggingface/datasets/ai4bharat___indic_glue/md.hi/0.0.0/6dcbebd49d6b12965d433bffcd07e9a786211703_builder.lock
2026-02-01 22:40:45,524 - src.evaluation.indicglue_evaluator - INFO - Successfully loaded DiscourseMode train split with 7974 examples
2026-02-01 22:40:45,524 - src.evaluation.indicglue_evaluator - INFO -   Loaded train: 7974 examples
2026-02-01 22:40:45,525 - src.evaluation.indicglue_evaluator - INFO - Attempting to load DiscourseMode from ai4bharat/indic_glue with config 'md.hi' (split=validation)
2026-02-01 22:40:46,497 - filelock - DEBUG - Attempting to acquire lock 140640584007248 on /dss/dsshome1/00/ge95xod2/.cache/huggingface/datasets/_dss_dsshome1_00_ge95xod2_.cache_huggingface_datasets_ai4bharat___indic_glue_md.hi_0.0.0_6dcbebd49d6b12965d433bffcd07e9a786211703.lock
2026-02-01 22:40:46,498 - filelock - DEBUG - Lock 140640584007248 acquired on /dss/dsshome1/00/ge95xod2/.cache/huggingface/datasets/_dss_dsshome1_00_ge95xod2_.cache_huggingface_datasets_ai4bharat___indic_glue_md.hi_0.0.0_6dcbebd49d6b12965d433bffcd07e9a786211703.lock
2026-02-01 22:40:46,499 - fsspec.local - DEBUG - open file: /dss/dsshome1/00/ge95xod2/.cache/huggingface/datasets/ai4bharat___indic_glue/md.hi/0.0.0/6dcbebd49d6b12965d433bffcd07e9a786211703/dataset_info.json
2026-02-01 22:40:46,499 - filelock - DEBUG - Attempting to release lock 140640584007248 on /dss/dsshome1/00/ge95xod2/.cache/huggingface/datasets/_dss_dsshome1_00_ge95xod2_.cache_huggingface_datasets_ai4bharat___indic_glue_md.hi_0.0.0_6dcbebd49d6b12965d433bffcd07e9a786211703.lock
2026-02-01 22:40:46,500 - filelock - DEBUG - Lock 140640584007248 released on /dss/dsshome1/00/ge95xod2/.cache/huggingface/datasets/_dss_dsshome1_00_ge95xod2_.cache_huggingface_datasets_ai4bharat___indic_glue_md.hi_0.0.0_6dcbebd49d6b12965d433bffcd07e9a786211703.lock
2026-02-01 22:40:46,502 - filelock - DEBUG - Attempting to acquire lock 140639533298544 on /dss/dsshome1/00/ge95xod2/.cache/huggingface/datasets/ai4bharat___indic_glue/md.hi/0.0.0/6dcbebd49d6b12965d433bffcd07e9a786211703_builder.lock
2026-02-01 22:40:46,502 - filelock - DEBUG - Lock 140639533298544 acquired on /dss/dsshome1/00/ge95xod2/.cache/huggingface/datasets/ai4bharat___indic_glue/md.hi/0.0.0/6dcbebd49d6b12965d433bffcd07e9a786211703_builder.lock
2026-02-01 22:40:46,502 - fsspec.local - DEBUG - open file: /dss/dsshome1/00/ge95xod2/.cache/huggingface/datasets/ai4bharat___indic_glue/md.hi/0.0.0/6dcbebd49d6b12965d433bffcd07e9a786211703/dataset_info.json
2026-02-01 22:40:46,503 - filelock - DEBUG - Attempting to release lock 140639533298544 on /dss/dsshome1/00/ge95xod2/.cache/huggingface/datasets/ai4bharat___indic_glue/md.hi/0.0.0/6dcbebd49d6b12965d433bffcd07e9a786211703_builder.lock
2026-02-01 22:40:46,503 - filelock - DEBUG - Lock 140639533298544 released on /dss/dsshome1/00/ge95xod2/.cache/huggingface/datasets/ai4bharat___indic_glue/md.hi/0.0.0/6dcbebd49d6b12965d433bffcd07e9a786211703_builder.lock
2026-02-01 22:40:46,525 - src.evaluation.indicglue_evaluator - INFO - Successfully loaded DiscourseMode validation split with 997 examples
2026-02-01 22:40:46,525 - src.evaluation.indicglue_evaluator - INFO -   Loaded validation: 997 examples
2026-02-01 22:40:46,525 - src.evaluation.indicglue_evaluator - INFO - Attempting to load DiscourseMode from ai4bharat/indic_glue with config 'md.hi' (split=test)
2026-02-01 22:40:47,483 - filelock - DEBUG - Attempting to acquire lock 140639512846048 on /dss/dsshome1/00/ge95xod2/.cache/huggingface/datasets/_dss_dsshome1_00_ge95xod2_.cache_huggingface_datasets_ai4bharat___indic_glue_md.hi_0.0.0_6dcbebd49d6b12965d433bffcd07e9a786211703.lock
2026-02-01 22:40:47,483 - filelock - DEBUG - Lock 140639512846048 acquired on /dss/dsshome1/00/ge95xod2/.cache/huggingface/datasets/_dss_dsshome1_00_ge95xod2_.cache_huggingface_datasets_ai4bharat___indic_glue_md.hi_0.0.0_6dcbebd49d6b12965d433bffcd07e9a786211703.lock
2026-02-01 22:40:47,484 - fsspec.local - DEBUG - open file: /dss/dsshome1/00/ge95xod2/.cache/huggingface/datasets/ai4bharat___indic_glue/md.hi/0.0.0/6dcbebd49d6b12965d433bffcd07e9a786211703/dataset_info.json
2026-02-01 22:40:47,485 - filelock - DEBUG - Attempting to release lock 140639512846048 on /dss/dsshome1/00/ge95xod2/.cache/huggingface/datasets/_dss_dsshome1_00_ge95xod2_.cache_huggingface_datasets_ai4bharat___indic_glue_md.hi_0.0.0_6dcbebd49d6b12965d433bffcd07e9a786211703.lock
2026-02-01 22:40:47,485 - filelock - DEBUG - Lock 140639512846048 released on /dss/dsshome1/00/ge95xod2/.cache/huggingface/datasets/_dss_dsshome1_00_ge95xod2_.cache_huggingface_datasets_ai4bharat___indic_glue_md.hi_0.0.0_6dcbebd49d6b12965d433bffcd07e9a786211703.lock
2026-02-01 22:40:47,512 - filelock - DEBUG - Attempting to acquire lock 140639514123952 on /dss/dsshome1/00/ge95xod2/.cache/huggingface/datasets/ai4bharat___indic_glue/md.hi/0.0.0/6dcbebd49d6b12965d433bffcd07e9a786211703_builder.lock
2026-02-01 22:40:47,513 - filelock - DEBUG - Lock 140639514123952 acquired on /dss/dsshome1/00/ge95xod2/.cache/huggingface/datasets/ai4bharat___indic_glue/md.hi/0.0.0/6dcbebd49d6b12965d433bffcd07e9a786211703_builder.lock
2026-02-01 22:40:47,513 - fsspec.local - DEBUG - open file: /dss/dsshome1/00/ge95xod2/.cache/huggingface/datasets/ai4bharat___indic_glue/md.hi/0.0.0/6dcbebd49d6b12965d433bffcd07e9a786211703/dataset_info.json
2026-02-01 22:40:47,514 - filelock - DEBUG - Attempting to release lock 140639514123952 on /dss/dsshome1/00/ge95xod2/.cache/huggingface/datasets/ai4bharat___indic_glue/md.hi/0.0.0/6dcbebd49d6b12965d433bffcd07e9a786211703_builder.lock
2026-02-01 22:40:47,514 - filelock - DEBUG - Lock 140639514123952 released on /dss/dsshome1/00/ge95xod2/.cache/huggingface/datasets/ai4bharat___indic_glue/md.hi/0.0.0/6dcbebd49d6b12965d433bffcd07e9a786211703_builder.lock
2026-02-01 22:40:47,533 - src.evaluation.indicglue_evaluator - INFO - Successfully loaded DiscourseMode test split with 997 examples
2026-02-01 22:40:47,533 - src.evaluation.indicglue_evaluator - INFO -   Loaded test: 997 examples
2026-02-01 22:40:47,533 - src.evaluation.indicglue_evaluator - INFO - Fine-tuning on DiscourseMode...
2026-02-01 22:40:47,533 - src.evaluation.indicglue.fine_tuning_manager - INFO - Starting fine-tuning for DiscourseMode
2026-02-01 22:40:47,533 - src.evaluation.indicglue.fine_tuning_manager - INFO - Train samples: 7974, Val samples: 997
2026-02-01 22:40:47,534 - src.evaluation.indicglue_evaluator - INFO - Detected BERT-style model: HindiDeBERTaModel → will use [CLS] token pooling
2026-02-01 22:40:47,534 - src.evaluation.indicglue_evaluator - INFO - Wrapping model for task 'DiscourseMode' with 6 classes
2026-02-01 22:40:47,535 - src.models.classification_models - INFO - DeBERTaForSequenceClassification initialized: num_classes=6, hidden_size=768, pooling=first, weight_std=0.0513, bias=0.10
2026-02-01 22:40:47,538 - src.evaluation.indicglue.fine_tuning_manager - INFO - Starting training loop for DiscourseMode
2026-02-01 22:40:47,540 - src.evaluation.indicglue.fine_tuning_manager - INFO - Model parameters: 87,007,722 total, 87,007,722 trainable (100.0%)
2026-02-01 22:40:47,540 - src.evaluation.indicglue.fine_tuning_manager - INFO - ✓ End-to-end training mode (all parameters trainable)
2026-02-01 22:40:47,543 - src.evaluation.indicglue.fine_tuning_manager - INFO - Optimizer: AdamW with 77 params with decay, 127 without decay
2026-02-01 22:40:47,543 - src.evaluation.indicglue.fine_tuning_manager - INFO - Scheduler created: Linear schedule with 125 warmup steps (total 2500 steps)
2026-02-01 22:40:47,543 - src.evaluation.indicglue.fine_tuning_manager - INFO - Training config: total_steps=2500, warmup_steps=125 (5.0%)
2026-02-01 22:42:21,035 - src.evaluation.indicglue.fine_tuning_manager - INFO - Epoch 1/10: train_loss=2.0974, val_acc=0.2237, val_loss=1.9771
2026-02-01 22:42:21,083 - src.evaluation.indicglue.fine_tuning_manager - INFO -   → New best validation accuracy: 0.2237 (improvement: 0.2237)
2026-02-01 22:43:54,552 - src.evaluation.indicglue.fine_tuning_manager - INFO - Epoch 2/10: train_loss=2.0893, val_acc=0.2277, val_loss=1.9644
2026-02-01 22:43:54,962 - src.evaluation.indicglue.fine_tuning_manager - INFO -   → New best validation accuracy: 0.2277 (improvement: 0.0040)
2026-02-01 22:45:28,329 - src.evaluation.indicglue.fine_tuning_manager - INFO - Epoch 3/10: train_loss=2.0507, val_acc=0.2427, val_loss=1.9189
2026-02-01 22:45:28,709 - src.evaluation.indicglue.fine_tuning_manager - INFO -   → New best validation accuracy: 0.2427 (improvement: 0.0150)
2026-02-01 22:47:02,045 - src.evaluation.indicglue.fine_tuning_manager - INFO - Epoch 4/10: train_loss=1.9759, val_acc=0.2768, val_loss=1.8076
2026-02-01 22:47:02,456 - src.evaluation.indicglue.fine_tuning_manager - INFO -   → New best validation accuracy: 0.2768 (improvement: 0.0341)
2026-02-01 22:48:35,873 - src.evaluation.indicglue.fine_tuning_manager - INFO - Epoch 5/10: train_loss=1.8764, val_acc=0.3019, val_loss=1.7012
2026-02-01 22:48:36,298 - src.evaluation.indicglue.fine_tuning_manager - INFO -   → New best validation accuracy: 0.3019 (improvement: 0.0251)
2026-02-01 22:50:09,615 - src.evaluation.indicglue.fine_tuning_manager - INFO - Epoch 6/10: train_loss=1.7849, val_acc=0.3180, val_loss=1.6147
2026-02-01 22:50:09,995 - src.evaluation.indicglue.fine_tuning_manager - INFO -   → New best validation accuracy: 0.3180 (improvement: 0.0160)
2026-02-01 22:51:43,299 - src.evaluation.indicglue.fine_tuning_manager - INFO - Epoch 7/10: train_loss=1.6941, val_acc=0.3310, val_loss=1.5034
2026-02-01 22:51:43,687 - src.evaluation.indicglue.fine_tuning_manager - INFO -   → New best validation accuracy: 0.3310 (improvement: 0.0130)
2026-02-01 22:53:17,014 - src.evaluation.indicglue.fine_tuning_manager - INFO - Epoch 8/10: train_loss=1.5903, val_acc=0.3450, val_loss=1.4048
2026-02-01 22:53:17,399 - src.evaluation.indicglue.fine_tuning_manager - INFO -   → New best validation accuracy: 0.3450 (improvement: 0.0140)
2026-02-01 22:54:50,728 - src.evaluation.indicglue.fine_tuning_manager - INFO - Epoch 9/10: train_loss=1.5247, val_acc=0.3591, val_loss=1.3354
2026-02-01 22:54:51,114 - src.evaluation.indicglue.fine_tuning_manager - INFO -   → New best validation accuracy: 0.3591 (improvement: 0.0140)
2026-02-01 22:56:24,436 - src.evaluation.indicglue.fine_tuning_manager - INFO - Epoch 10/10: train_loss=1.4522, val_acc=0.3581, val_loss=1.2910
2026-02-01 22:56:24,448 - src.evaluation.indicglue.fine_tuning_manager - INFO -   → No improvement (patience: 1/5)
2026-02-01 22:56:24,527 - src.evaluation.indicglue.fine_tuning_manager - INFO - Restored best model from epoch 9 with val_acc=0.3591
2026-02-01 22:56:25,146 - src.evaluation.indicglue.fine_tuning_manager - DEBUG - CUDA memory cleanup completed successfully
2026-02-01 22:56:25,146 - src.evaluation.indicglue.fine_tuning_manager - DEBUG - Cleaned up optimizer, scheduler, and GPU memory after fine-tuning
2026-02-01 22:56:25,146 - src.evaluation.indicglue_evaluator - INFO - Evaluation mode switched to: fine-tuned (will use classification heads for all tasks)
2026-02-01 22:56:25,146 - src.evaluation.indicglue_evaluator - INFO - Evaluating fine-tuned model on test set...
2026-02-01 22:56:25,147 - src.evaluation.indicglue_evaluator - INFO - Evaluating on 997 examples
2026-02-01 22:56:25,147 - src.evaluation.indicglue_evaluator - INFO - [ROUTING] DiscourseMode: Classification/NLI task → Using classification head
2026-02-01 22:56:25,147 - src.evaluation.indicglue_evaluator - INFO - Evaluating DiscourseMode on 997 examples
2026-02-01 22:56:30,525 - src.evaluation.indicglue_evaluator - DEBUG - DataLoader cleanup completed
2026-02-01 22:56:57,695 - src.evaluation.evaluation_cache - INFO - Predictions cached: 974e8b5112a2724e89c24edc497452cbbada6eb45c4364c60ee4eccd6e461832
2026-02-01 22:56:57,696 - src.evaluation.evaluation_cache - DEBUG -   Samples: 2
2026-02-01 22:56:57,696 - src.evaluation.indicglue_evaluator - INFO - Saved predictions to cache for DiscourseMode
2026-02-01 22:56:57,696 - src.evaluation.indicglue_evaluator - DEBUG - Cleared wrapped model cache for DiscourseMode
2026-02-01 22:56:58,234 - src.evaluation.indicglue_evaluator - DEBUG - CUDA memory cleanup completed successfully
2026-02-01 22:56:58,235 - src.evaluation.indicglue_evaluator - INFO - DiscourseMode Results:
2026-02-01 22:56:58,235 - src.evaluation.indicglue_evaluator - INFO -   num_examples: 997.0000
2026-02-01 22:56:58,235 - src.evaluation.indicglue_evaluator - INFO -   accuracy: 0.3440
2026-02-01 22:56:58,235 - src.evaluation.indicglue_evaluator - INFO -   f1_macro: 0.1961
2026-02-01 22:56:58,235 - src.evaluation.indicglue_evaluator - INFO -   f1_weighted: 0.3338
2026-02-01 22:56:58,236 - src.evaluation.indicglue_evaluator - INFO -   precision_macro: 0.1944
2026-02-01 22:56:58,236 - src.evaluation.indicglue_evaluator - INFO -   recall_macro: 0.2093
2026-02-01 22:56:58,236 - src.evaluation.indicglue_evaluator - INFO -   fine_tuned: 1.0000
2026-02-01 22:56:58,236 - src.evaluation.indicglue_evaluator - INFO -   fine_tuning_time_seconds: 937.6131
2026-02-01 22:56:58,642 - src.evaluation.indicglue_evaluator - DEBUG - CUDA memory cleanup completed successfully
2026-02-01 22:56:58,643 - src.evaluation.indicglue_evaluator - INFO - 
============================================================
2026-02-01 22:56:58,643 - src.evaluation.indicglue_evaluator - INFO - IndicGLUE Evaluation Complete
2026-02-01 22:56:58,643 - src.evaluation.indicglue_evaluator - INFO - Overall Accuracy: 0.4127
2026-02-01 22:56:58,643 - src.evaluation.indicglue_evaluator - INFO - ============================================================
2026-02-01 22:56:58,643 - src.evaluation.multiblimp_evaluator - INFO - Starting MultiBLiMP evaluation on all phenomena...
2026-02-01 22:56:58,643 - src.evaluation.multiblimp_evaluator - INFO - 
Evaluating SV-#...
2026-02-01 23:11:21,393 - src.evaluation.multiblimp_evaluator - WARNING - SV-#: Below-chance accuracy (14.5%). Model prefers ungrammatical. Mean loss diff: -1.3569
2026-02-01 23:11:21,396 - src.evaluation.multiblimp_evaluator - INFO - SV-# Results:
2026-02-01 23:11:21,396 - src.evaluation.multiblimp_evaluator - INFO -   Accuracy: 0.1450
2026-02-01 23:11:21,396 - src.evaluation.multiblimp_evaluator - INFO -   Correct: 59/407
2026-02-01 23:11:21,396 - src.evaluation.multiblimp_evaluator - INFO - 
Evaluating SV-G...
2026-02-01 23:26:26,598 - src.evaluation.multiblimp_evaluator - WARNING - SV-G: Below-chance accuracy (17.9%). Model prefers ungrammatical. Mean loss diff: -0.1544
2026-02-01 23:26:26,601 - src.evaluation.multiblimp_evaluator - INFO - SV-G Results:
2026-02-01 23:26:26,602 - src.evaluation.multiblimp_evaluator - INFO -   Accuracy: 0.1790
2026-02-01 23:26:26,602 - src.evaluation.multiblimp_evaluator - INFO -   Correct: 75/419
2026-02-01 23:26:26,602 - src.evaluation.multiblimp_evaluator - INFO - 
Evaluating SV-P...
2026-02-01 23:41:11,463 - src.evaluation.multiblimp_evaluator - WARNING - SV-P: Below-chance accuracy (16.7%). Model prefers ungrammatical. Mean loss diff: -1.3032
2026-02-01 23:41:11,547 - src.evaluation.multiblimp_evaluator - INFO - SV-P Results:
2026-02-01 23:41:11,547 - src.evaluation.multiblimp_evaluator - INFO -   Accuracy: 0.1675
2026-02-01 23:41:11,547 - src.evaluation.multiblimp_evaluator - INFO -   Correct: 69/412
2026-02-01 23:41:11,547 - src.evaluation.multiblimp_evaluator - INFO - 
Evaluating SP-#...
2026-02-01 23:44:27,751 - src.evaluation.multiblimp_evaluator - WARNING - SP-#: Below-chance accuracy (11.0%). Model shows no clear preference. Mean loss diff: 0.4886
2026-02-01 23:44:27,751 - src.evaluation.multiblimp_evaluator - INFO - SP-# Results:
2026-02-01 23:44:27,751 - src.evaluation.multiblimp_evaluator - INFO -   Accuracy: 0.1100
2026-02-01 23:44:27,751 - src.evaluation.multiblimp_evaluator - INFO -   Correct: 11/100
2026-02-01 23:44:27,751 - src.evaluation.multiblimp_evaluator - INFO - 
Evaluating SP-G...
2026-02-01 23:48:10,646 - src.evaluation.multiblimp_evaluator - WARNING - SP-G: Below-chance accuracy (3.7%). Model prefers ungrammatical. Mean loss diff: -0.7310
2026-02-01 23:48:10,646 - src.evaluation.multiblimp_evaluator - INFO - SP-G Results:
2026-02-01 23:48:10,647 - src.evaluation.multiblimp_evaluator - INFO -   Accuracy: 0.0367
2026-02-01 23:48:10,647 - src.evaluation.multiblimp_evaluator - INFO -   Correct: 4/109
2026-02-01 23:48:10,647 - src.evaluation.multiblimp_evaluator - WARNING - CRITICAL: Overall MultiBLiMP accuracy (15.1%) is below chance (50%). 5/5 phenomena show below-chance performance. This may indicate: (1) tokenization issues affecting morphological patterns, (2) insufficient training data for learning agreement, or (3) model architecture limitations for capturing syntactic dependencies.
2026-02-01 23:48:10,648 - src.evaluation.multiblimp_evaluator - INFO - 
============================================================
2026-02-01 23:48:10,648 - src.evaluation.multiblimp_evaluator - INFO - MultiBLiMP Evaluation Complete
2026-02-01 23:48:10,648 - src.evaluation.multiblimp_evaluator - INFO - Overall Accuracy: 0.1276
2026-02-01 23:48:10,648 - src.evaluation.multiblimp_evaluator - INFO - ============================================================
2026-02-01 23:48:10,753 - root - INFO - 
💾 Saving evaluation results...
2026-02-01 23:48:10,760 - root - INFO -    Results saved to: results/deberta_10M_character_level/evaluation_results.json
2026-02-01 23:48:10,761 - root - INFO - 
📊 Evaluation Summary:
2026-02-01 23:48:10,761 - root - INFO -    indicglue: 0.4127 average (5 tasks)
2026-02-01 23:48:10,761 - root - INFO -    multiblimp: 0.1276 average (5 tasks)
2026-02-01 23:48:10,761 - root - INFO -    summary: No numeric scores available
2026-02-01 23:48:10,761 - root - INFO - 
✅ Evaluation completed successfully!
2026-02-01 23:48:10,764 - root - INFO - ✅ All stages completed successfully!
2026-02-01 23:48:10,764 - root - INFO - 📁 Results directory: results/deberta_10M_character_level
2026-02-01 23:48:10,764 - root - INFO - 📊 View results:
2026-02-01 23:48:10,764 - root - INFO -    - Training summary: results/deberta_10M_character_level/training_summary.json
2026-02-01 23:48:10,764 - root - INFO -    - Evaluation results: results/deberta_10M_character_level/evaluation_results.json
2026-02-01 23:48:10,764 - root - INFO -    - Logs: results/deberta_10M_character_level/experiment.log
2026-02-02 12:08:41,486 - root - INFO - Experiment: deberta_10M_character_level
2026-02-02 12:08:41,495 - root - INFO - Stage: eval
2026-02-02 12:08:41,495 - root - INFO - Results directory: results/deberta_10M_character_level
2026-02-02 12:08:41,495 - root - INFO - Configuration: configs/ablations/tokenization_experiments/deberta_character_level_10M.yaml
2026-02-02 12:08:41,495 - root - INFO - 
🎲 Setting up reproducibility...
2026-02-02 12:08:41,495 - root - INFO -    Seed: 42
2026-02-02 12:08:41,495 - root - INFO -    Deterministic: True
2026-02-02 12:08:41,495 - src.utils.seed_manager - INFO - Setting all seeds to 42
2026-02-02 12:08:41,495 - src.utils.seed_manager - DEBUG - ✓ Python random seed set
2026-02-02 12:08:41,495 - src.utils.seed_manager - DEBUG - ✓ NumPy seed set
2026-02-02 12:08:41,497 - src.utils.seed_manager - DEBUG - ✓ PyTorch CPU seed set
2026-02-02 12:08:42,560 - src.utils.seed_manager - DEBUG - ✓ PyTorch CUDA seeds set
2026-02-02 12:08:42,560 - src.utils.seed_manager - INFO - Enabling deterministic mode for PyTorch
2026-02-02 12:08:42,560 - src.utils.seed_manager - DEBUG - ✓ PyTorch deterministic algorithms enabled
2026-02-02 12:08:42,561 - src.utils.seed_manager - DEBUG - ✓ CuDNN deterministic mode enabled
2026-02-02 12:08:42,561 - src.utils.seed_manager - WARNING - CuDNN benchmark disabled - may reduce training speed
2026-02-02 12:08:42,561 - src.utils.seed_manager - DEBUG - ✓ Set PYTHONHASHSEED=42
2026-02-02 12:08:42,561 - src.utils.seed_manager - DEBUG - ✓ Set CUBLAS_WORKSPACE_CONFIG=:4096:8
2026-02-02 12:08:42,561 - root - INFO - 
💻 Device configuration:
2026-02-02 12:08:42,561 - root - INFO -    Device: cuda
2026-02-02 12:08:42,605 - root - INFO -    GPU: NVIDIA H100
2026-02-02 12:08:42,605 - root - INFO -    CUDA Version: 12.8
2026-02-02 12:08:42,615 - root - INFO - Metadata saved to results/deberta_10M_character_level/metadata.json
2026-02-02 12:08:42,615 - root - INFO - Config saved to results/deberta_10M_character_level/config.yaml
2026-02-02 12:08:42,615 - root - INFO - 
Loading trained model and tokenizer...
2026-02-02 12:08:46,279 - root - INFO - Starting evaluation stage...
2026-02-02 12:08:46,280 - root - INFO - 
📋 Initializing evaluation manager...
2026-02-02 12:08:46,280 - root - INFO -    Added evaluation config to evaluator
2026-02-02 12:08:46,280 - src.evaluation.indicglue_evaluator - INFO - IndicGLUE evaluator initialized on device: cuda:0
2026-02-02 12:08:46,280 - src.evaluation.indicglue_evaluator - INFO - Max sequence length: 1024 tokens (IndicBERT paper uses 128)
2026-02-02 12:08:46,281 - src.evaluation.indicglue_evaluator - INFO - Tokenizer pad_token: <pad> (id: 0)
2026-02-02 12:08:46,281 - src.evaluation.indicglue_evaluator - WARNING - Could not definitively determine model type for HindiDeBERTaModel, assuming language model
2026-02-02 12:08:46,281 - src.evaluation.indicglue_evaluator - INFO - Model type detected: Language Model
2026-02-02 12:08:46,281 - src.evaluation.indicglue_evaluator - INFO - Initialized TaskRegistry with 8 tasks
2026-02-02 12:08:46,281 - src.evaluation.metrics_utils - DEBUG - MetricsAggregator initialized: bootstrap_samples=1000, confidence_level=0.95
2026-02-02 12:08:46,281 - src.evaluation.indicglue_evaluator - INFO - Label validation mode: STRICT (invalid labels will raise errors)
2026-02-02 12:08:46,282 - src.evaluation.evaluation_cache - INFO - Evaluation cache initialized at: .eval_cache
2026-02-02 12:08:46,282 - src.evaluation.evaluation_cache - INFO - Cache expiration: 30 days
2026-02-02 12:08:46,282 - src.evaluation.indicglue_evaluator - INFO - Evaluation mode initialized: zero-shot (will switch to fine-tuned after training)
2026-02-02 12:08:46,283 - src.evaluation.indicglue_evaluator - INFO - Initialized TaskDataExtractor
2026-02-02 12:08:46,283 - src.evaluation.indicglue_evaluator - INFO - Initialized DataLoaderFactory
2026-02-02 12:08:46,283 - src.evaluation.indicglue_evaluator - INFO - Initialized evaluation strategies (Classification, MC, Perplexity)
2026-02-02 12:08:46,283 - src.evaluation.indicglue_evaluator - INFO - Using internal _get_model_for_task for fine-tuning
2026-02-02 12:08:46,283 - src.evaluation.indicglue.fine_tuning_manager - INFO - FineTuningManager initialized: freeze_base=False, use_auto_models=False, lr=0.0001, epochs=10, batch_size=32, grad_accum=2, warmup_ratio=0.05, scheduler_type=linear, weight_decay=0.001, dropout=0.1, max_grad_norm=1.0, label_smoothing=0.0, patience=5, min_delta=0.0
2026-02-02 12:08:46,283 - src.evaluation.indicglue_evaluator - INFO - Initialized FineTuningManager (refactored with config, dataloader_factory, model_provider)
2026-02-02 12:08:46,283 - src.evaluation.indicglue_evaluator - INFO - Initialized ResultVisualizer
2026-02-02 12:08:46,283 - src.evaluation.multiblimp_evaluator - INFO - Final model type for MultiBLiMP: HindiDeBERTaModel
2026-02-02 12:08:46,283 - src.evaluation.multiblimp_evaluator - INFO - Model module: src.models.deberta_model
2026-02-02 12:08:46,283 - src.evaluation.multiblimp_evaluator - INFO - Model has 59 public attributes
2026-02-02 12:08:46,283 - src.evaluation.multiblimp_evaluator - DEBUG - Model attributes: ['MODEL_SIZES', 'T_destination', 'add_module', 'apply', 'bfloat16', 'buffers', 'call_super_init', 'children', 'compile', 'config', 'cpu', 'cuda', 'double', 'dump_patches', 'eval', 'extra_repr', 'float', 'forward', 'get_buffer', 'get_extra_state', 'get_parameter', 'get_submodule', 'half', 'ipu', 'load_state_dict', 'model', 'modules', 'mtia', 'named_buffers', 'named_children', 'named_modules', 'named_parameters', 'num_parameters', 'parameters', 'register_backward_hook', 'register_buffer', 'register_forward_hook', 'register_forward_pre_hook', 'register_full_backward_hook', 'register_full_backward_pre_hook', 'register_load_state_dict_post_hook', 'register_load_state_dict_pre_hook', 'register_module', 'register_parameter', 'register_state_dict_post_hook', 'register_state_dict_pre_hook', 'requires_grad_', 'set_extra_state', 'set_submodule', 'share_memory', 'smart_apply', 'state_dict', 'to', 'to_empty', 'train', 'training', 'type', 'xpu', 'zero_grad']
2026-02-02 12:08:46,284 - src.evaluation.multiblimp_evaluator - INFO - MultiBLiMP evaluator initialized on device: cuda:0
2026-02-02 12:08:46,284 - src.evaluation.multiblimp_evaluator - INFO - Model type: MLM (bidirectional)
2026-02-02 12:08:46,284 - src.evaluation.multiblimp_evaluator - INFO - Will use pseudo-log-likelihood for perplexity computation
2026-02-02 12:08:46,284 - src.evaluation.multiblimp_evaluator - INFO - Attempting to load MultiBLiMP dataset from HuggingFace (jumelet/multiblimp)...
2026-02-02 12:08:48,362 - filelock - DEBUG - Attempting to acquire lock 140638186218496 on /dss/dsshome1/00/ge95xod2/.cache/huggingface/datasets/_dss_dsshome1_00_ge95xod2_.cache_huggingface_datasets_jumelet___multiblimp_hin_0.0.0_de923efa8d2483d6b13364ee68e65308e990a991.lock
2026-02-02 12:08:48,363 - filelock - DEBUG - Lock 140638186218496 acquired on /dss/dsshome1/00/ge95xod2/.cache/huggingface/datasets/_dss_dsshome1_00_ge95xod2_.cache_huggingface_datasets_jumelet___multiblimp_hin_0.0.0_de923efa8d2483d6b13364ee68e65308e990a991.lock
2026-02-02 12:08:48,365 - fsspec.local - DEBUG - open file: /dss/dsshome1/00/ge95xod2/.cache/huggingface/datasets/jumelet___multiblimp/hin/0.0.0/de923efa8d2483d6b13364ee68e65308e990a991/dataset_info.json
2026-02-02 12:08:48,367 - filelock - DEBUG - Attempting to release lock 140638186218496 on /dss/dsshome1/00/ge95xod2/.cache/huggingface/datasets/_dss_dsshome1_00_ge95xod2_.cache_huggingface_datasets_jumelet___multiblimp_hin_0.0.0_de923efa8d2483d6b13364ee68e65308e990a991.lock
2026-02-02 12:08:48,367 - filelock - DEBUG - Lock 140638186218496 released on /dss/dsshome1/00/ge95xod2/.cache/huggingface/datasets/_dss_dsshome1_00_ge95xod2_.cache_huggingface_datasets_jumelet___multiblimp_hin_0.0.0_de923efa8d2483d6b13364ee68e65308e990a991.lock
2026-02-02 12:08:48,508 - filelock - DEBUG - Attempting to acquire lock 140638185626208 on /dss/dsshome1/00/ge95xod2/.cache/huggingface/datasets/jumelet___multiblimp/hin/0.0.0/de923efa8d2483d6b13364ee68e65308e990a991_builder.lock
2026-02-02 12:08:48,509 - filelock - DEBUG - Lock 140638185626208 acquired on /dss/dsshome1/00/ge95xod2/.cache/huggingface/datasets/jumelet___multiblimp/hin/0.0.0/de923efa8d2483d6b13364ee68e65308e990a991_builder.lock
2026-02-02 12:08:48,509 - fsspec.local - DEBUG - open file: /dss/dsshome1/00/ge95xod2/.cache/huggingface/datasets/jumelet___multiblimp/hin/0.0.0/de923efa8d2483d6b13364ee68e65308e990a991/dataset_info.json
2026-02-02 12:08:48,511 - filelock - DEBUG - Attempting to release lock 140638185626208 on /dss/dsshome1/00/ge95xod2/.cache/huggingface/datasets/jumelet___multiblimp/hin/0.0.0/de923efa8d2483d6b13364ee68e65308e990a991_builder.lock
2026-02-02 12:08:48,511 - filelock - DEBUG - Lock 140638185626208 released on /dss/dsshome1/00/ge95xod2/.cache/huggingface/datasets/jumelet___multiblimp/hin/0.0.0/de923efa8d2483d6b13364ee68e65308e990a991_builder.lock
2026-02-02 12:08:48,523 - src.evaluation.multiblimp_evaluator - INFO - Successfully loaded external dataset with 1447 examples
2026-02-02 12:08:48,788 - src.evaluation.multiblimp_evaluator - INFO - Converted to 1447 minimal pairs across 5 phenomena
2026-02-02 12:08:48,789 - src.evaluation.multiblimp_evaluator - DEBUG -   SP-#: 100 pairs
2026-02-02 12:08:48,789 - src.evaluation.multiblimp_evaluator - DEBUG -   SP-G: 109 pairs
2026-02-02 12:08:48,789 - src.evaluation.multiblimp_evaluator - DEBUG -   SV-#: 407 pairs
2026-02-02 12:08:48,789 - src.evaluation.multiblimp_evaluator - DEBUG -   SV-G: 419 pairs
2026-02-02 12:08:48,789 - src.evaluation.multiblimp_evaluator - DEBUG -   SV-P: 412 pairs
2026-02-02 12:08:48,789 - src.evaluation.multiblimp_evaluator - INFO - MultiBLiMP test coverage: 1447 minimal pairs across 5 phenomena
2026-02-02 12:08:48,789 - src.evaluation.multiblimp_evaluator - INFO - Per-phenomenon test coverage:
2026-02-02 12:08:48,790 - src.evaluation.multiblimp_evaluator - INFO -   SP-#: 100 pairs
2026-02-02 12:08:48,790 - src.evaluation.multiblimp_evaluator - INFO -   SP-G: 109 pairs
2026-02-02 12:08:48,790 - src.evaluation.multiblimp_evaluator - INFO -   SV-#: 407 pairs
2026-02-02 12:08:48,790 - src.evaluation.multiblimp_evaluator - INFO -   SV-G: 419 pairs
2026-02-02 12:08:48,790 - src.evaluation.multiblimp_evaluator - INFO -   SV-P: 412 pairs
2026-02-02 12:08:48,790 - src.evaluation.multiblimp_evaluator - INFO - Validating model output structure...
2026-02-02 12:08:49,338 - src.evaluation.multiblimp_evaluator - WARNING - Vocabulary size is 228, which seems small for a language model. Expected 10k-50k. This might indicate a classification model.
2026-02-02 12:08:49,338 - src.evaluation.multiblimp_evaluator - INFO - ✓ Model validation passed!
2026-02-02 12:08:49,338 - src.evaluation.multiblimp_evaluator - INFO -   Output shape: torch.Size([1, 5, 228])
2026-02-02 12:08:49,338 - src.evaluation.multiblimp_evaluator - INFO -   Vocabulary size: 228
2026-02-02 12:08:49,338 - root - INFO - 
🔍 Running comprehensive evaluation...
2026-02-02 12:08:49,338 - root - INFO -    This may take several minutes...
2026-02-02 12:08:49,338 - root - INFO -    Enabled benchmarks: indicglue, multiblimp
2026-02-02 12:08:49,339 - src.evaluation.indicglue_evaluator - INFO - Starting IndicGLUE evaluation on all tasks...
2026-02-02 12:08:49,339 - src.evaluation.indicglue_evaluator - INFO - 
Evaluating BBCArticlesClassification...
2026-02-02 12:08:49,339 - src.evaluation.evaluation_cache - DEBUG - Cache key includes model_type: deberta
2026-02-02 12:08:49,339 - src.evaluation.evaluation_cache - DEBUG - Cache key includes vocab_size: 228
2026-02-02 12:08:49,339 - src.evaluation.evaluation_cache - DEBUG - Cache key includes tokenizer_type: character
2026-02-02 12:08:49,339 - src.evaluation.evaluation_cache - DEBUG - Generated cache key: ed0b07ebdeb5f76d4837213dc127ec1b636004ac3ff00e68dfeaa8ff99f56842
2026-02-02 12:08:49,353 - src.evaluation.evaluation_cache - INFO - Cache hit: ed0b07ebdeb5f76d4837213dc127ec1b636004ac3ff00e68dfeaa8ff99f56842
2026-02-02 12:08:49,353 - src.evaluation.evaluation_cache - INFO -   Created: 2026-02-01T22:27:15.322906
2026-02-02 12:08:49,353 - src.evaluation.evaluation_cache - INFO -   Samples: 2
2026-02-02 12:08:49,353 - src.evaluation.indicglue_evaluator - INFO - ✓ Cache hit for BBCArticlesClassification (fine-tuned mode)
2026-02-02 12:08:49,353 - src.evaluation.indicglue_evaluator - INFO -   Skipping fine-tuning and inference
2026-02-02 12:08:49,353 - src.evaluation.indicglue_evaluator - DEBUG - Cleared wrapped model cache for BBCArticlesClassification
2026-02-02 12:08:49,804 - src.evaluation.indicglue_evaluator - DEBUG - CUDA memory cleanup completed successfully
2026-02-02 12:08:49,804 - src.evaluation.indicglue_evaluator - INFO - BBCArticlesClassification Results:
2026-02-02 12:08:49,804 - src.evaluation.indicglue_evaluator - INFO -   num_examples: 866.0000
2026-02-02 12:08:49,804 - src.evaluation.indicglue_evaluator - INFO -   accuracy: 0.4145
2026-02-02 12:08:49,804 - src.evaluation.indicglue_evaluator - INFO -   f1_macro: 0.0537
2026-02-02 12:08:49,804 - src.evaluation.indicglue_evaluator - INFO -   f1_weighted: 0.2812
2026-02-02 12:08:49,805 - src.evaluation.indicglue_evaluator - INFO -   precision_macro: 0.0549
2026-02-02 12:08:49,805 - src.evaluation.indicglue_evaluator - INFO -   recall_macro: 0.0751
2026-02-02 12:08:49,805 - src.evaluation.indicglue_evaluator - INFO -   fine_tuned: 1.0000
2026-02-02 12:08:49,805 - src.evaluation.indicglue_evaluator - INFO -   from_cache: 1.0000
2026-02-02 12:08:50,288 - src.evaluation.indicglue_evaluator - DEBUG - CUDA memory cleanup completed successfully
2026-02-02 12:08:50,288 - src.evaluation.indicglue_evaluator - INFO - 
Evaluating Wikipedia Section Title Prediction...
2026-02-02 12:08:50,288 - src.evaluation.evaluation_cache - DEBUG - Cache key includes model_type: deberta
2026-02-02 12:08:50,288 - src.evaluation.evaluation_cache - DEBUG - Cache key includes vocab_size: 228
2026-02-02 12:08:50,288 - src.evaluation.evaluation_cache - DEBUG - Cache key includes tokenizer_type: character
2026-02-02 12:08:50,288 - src.evaluation.evaluation_cache - DEBUG - Generated cache key: e8436c5dc15465257f1863401b125c0dbe87561ee3efa440e2f501e778884715
2026-02-02 12:08:50,288 - src.evaluation.evaluation_cache - DEBUG - Cache miss: e8436c5dc15465257f1863401b125c0dbe87561ee3efa440e2f501e778884715
2026-02-02 12:08:50,288 - src.evaluation.indicglue_evaluator - INFO - ✗ Cache miss for Wikipedia Section Title Prediction (fine-tuned mode)
2026-02-02 12:08:50,288 - src.evaluation.indicglue_evaluator - INFO -   Proceeding with fine-tuning and inference
2026-02-02 12:08:50,288 - src.evaluation.indicglue_evaluator - INFO - Fine-tuning mode enabled for Wikipedia Section Title Prediction
2026-02-02 12:08:50,289 - src.evaluation.indicglue_evaluator - INFO - Using original HuggingFace splits for Wikipedia Section Title Prediction
2026-02-02 12:08:50,289 - src.evaluation.indicglue_evaluator - INFO - Attempting to load Wikipedia Section Title Prediction from ai4bharat/indic_glue with config 'wstp.hi' (split=train)
2026-02-02 12:08:52,145 - filelock - DEBUG - Attempting to acquire lock 140638366913008 on /dss/dsshome1/00/ge95xod2/.cache/huggingface/datasets/_dss_dsshome1_00_ge95xod2_.cache_huggingface_datasets_ai4bharat___indic_glue_wstp.hi_0.0.0_6dcbebd49d6b12965d433bffcd07e9a786211703.lock
2026-02-02 12:08:52,146 - filelock - DEBUG - Lock 140638366913008 acquired on /dss/dsshome1/00/ge95xod2/.cache/huggingface/datasets/_dss_dsshome1_00_ge95xod2_.cache_huggingface_datasets_ai4bharat___indic_glue_wstp.hi_0.0.0_6dcbebd49d6b12965d433bffcd07e9a786211703.lock
2026-02-02 12:08:52,148 - fsspec.local - DEBUG - open file: /dss/dsshome1/00/ge95xod2/.cache/huggingface/datasets/ai4bharat___indic_glue/wstp.hi/0.0.0/6dcbebd49d6b12965d433bffcd07e9a786211703/dataset_info.json
2026-02-02 12:08:52,148 - filelock - DEBUG - Attempting to release lock 140638366913008 on /dss/dsshome1/00/ge95xod2/.cache/huggingface/datasets/_dss_dsshome1_00_ge95xod2_.cache_huggingface_datasets_ai4bharat___indic_glue_wstp.hi_0.0.0_6dcbebd49d6b12965d433bffcd07e9a786211703.lock
2026-02-02 12:08:52,149 - filelock - DEBUG - Lock 140638366913008 released on /dss/dsshome1/00/ge95xod2/.cache/huggingface/datasets/_dss_dsshome1_00_ge95xod2_.cache_huggingface_datasets_ai4bharat___indic_glue_wstp.hi_0.0.0_6dcbebd49d6b12965d433bffcd07e9a786211703.lock
2026-02-02 12:08:52,152 - filelock - DEBUG - Attempting to acquire lock 140647028609760 on /dss/dsshome1/00/ge95xod2/.cache/huggingface/datasets/ai4bharat___indic_glue/wstp.hi/0.0.0/6dcbebd49d6b12965d433bffcd07e9a786211703_builder.lock
2026-02-02 12:08:52,152 - filelock - DEBUG - Lock 140647028609760 acquired on /dss/dsshome1/00/ge95xod2/.cache/huggingface/datasets/ai4bharat___indic_glue/wstp.hi/0.0.0/6dcbebd49d6b12965d433bffcd07e9a786211703_builder.lock
2026-02-02 12:08:52,153 - fsspec.local - DEBUG - open file: /dss/dsshome1/00/ge95xod2/.cache/huggingface/datasets/ai4bharat___indic_glue/wstp.hi/0.0.0/6dcbebd49d6b12965d433bffcd07e9a786211703/dataset_info.json
2026-02-02 12:08:52,153 - filelock - DEBUG - Attempting to release lock 140647028609760 on /dss/dsshome1/00/ge95xod2/.cache/huggingface/datasets/ai4bharat___indic_glue/wstp.hi/0.0.0/6dcbebd49d6b12965d433bffcd07e9a786211703_builder.lock
2026-02-02 12:08:52,153 - filelock - DEBUG - Lock 140647028609760 released on /dss/dsshome1/00/ge95xod2/.cache/huggingface/datasets/ai4bharat___indic_glue/wstp.hi/0.0.0/6dcbebd49d6b12965d433bffcd07e9a786211703_builder.lock
2026-02-02 12:08:52,158 - src.evaluation.indicglue_evaluator - INFO - Successfully loaded Wikipedia Section Title Prediction train split with 44069 examples
2026-02-02 12:08:52,158 - src.evaluation.indicglue_evaluator - INFO -   Loaded train: 44069 examples
2026-02-02 12:08:52,158 - src.evaluation.indicglue_evaluator - INFO - Attempting to load Wikipedia Section Title Prediction from ai4bharat/indic_glue with config 'wstp.hi' (split=validation)
2026-02-02 12:08:53,113 - filelock - DEBUG - Attempting to acquire lock 140638367410928 on /dss/dsshome1/00/ge95xod2/.cache/huggingface/datasets/_dss_dsshome1_00_ge95xod2_.cache_huggingface_datasets_ai4bharat___indic_glue_wstp.hi_0.0.0_6dcbebd49d6b12965d433bffcd07e9a786211703.lock
2026-02-02 12:08:53,114 - filelock - DEBUG - Lock 140638367410928 acquired on /dss/dsshome1/00/ge95xod2/.cache/huggingface/datasets/_dss_dsshome1_00_ge95xod2_.cache_huggingface_datasets_ai4bharat___indic_glue_wstp.hi_0.0.0_6dcbebd49d6b12965d433bffcd07e9a786211703.lock
2026-02-02 12:08:53,114 - fsspec.local - DEBUG - open file: /dss/dsshome1/00/ge95xod2/.cache/huggingface/datasets/ai4bharat___indic_glue/wstp.hi/0.0.0/6dcbebd49d6b12965d433bffcd07e9a786211703/dataset_info.json
2026-02-02 12:08:53,115 - filelock - DEBUG - Attempting to release lock 140638367410928 on /dss/dsshome1/00/ge95xod2/.cache/huggingface/datasets/_dss_dsshome1_00_ge95xod2_.cache_huggingface_datasets_ai4bharat___indic_glue_wstp.hi_0.0.0_6dcbebd49d6b12965d433bffcd07e9a786211703.lock
2026-02-02 12:08:53,115 - filelock - DEBUG - Lock 140638367410928 released on /dss/dsshome1/00/ge95xod2/.cache/huggingface/datasets/_dss_dsshome1_00_ge95xod2_.cache_huggingface_datasets_ai4bharat___indic_glue_wstp.hi_0.0.0_6dcbebd49d6b12965d433bffcd07e9a786211703.lock
2026-02-02 12:08:53,117 - filelock - DEBUG - Attempting to acquire lock 140638367776832 on /dss/dsshome1/00/ge95xod2/.cache/huggingface/datasets/ai4bharat___indic_glue/wstp.hi/0.0.0/6dcbebd49d6b12965d433bffcd07e9a786211703_builder.lock
2026-02-02 12:08:53,118 - filelock - DEBUG - Lock 140638367776832 acquired on /dss/dsshome1/00/ge95xod2/.cache/huggingface/datasets/ai4bharat___indic_glue/wstp.hi/0.0.0/6dcbebd49d6b12965d433bffcd07e9a786211703_builder.lock
2026-02-02 12:08:53,118 - fsspec.local - DEBUG - open file: /dss/dsshome1/00/ge95xod2/.cache/huggingface/datasets/ai4bharat___indic_glue/wstp.hi/0.0.0/6dcbebd49d6b12965d433bffcd07e9a786211703/dataset_info.json
2026-02-02 12:08:53,118 - filelock - DEBUG - Attempting to release lock 140638367776832 on /dss/dsshome1/00/ge95xod2/.cache/huggingface/datasets/ai4bharat___indic_glue/wstp.hi/0.0.0/6dcbebd49d6b12965d433bffcd07e9a786211703_builder.lock
2026-02-02 12:08:53,119 - filelock - DEBUG - Lock 140638367776832 released on /dss/dsshome1/00/ge95xod2/.cache/huggingface/datasets/ai4bharat___indic_glue/wstp.hi/0.0.0/6dcbebd49d6b12965d433bffcd07e9a786211703_builder.lock
2026-02-02 12:08:53,123 - src.evaluation.indicglue_evaluator - INFO - Successfully loaded Wikipedia Section Title Prediction validation split with 5509 examples
2026-02-02 12:08:53,124 - src.evaluation.indicglue_evaluator - INFO -   Loaded validation: 5509 examples
2026-02-02 12:08:53,124 - src.evaluation.indicglue_evaluator - INFO - Attempting to load Wikipedia Section Title Prediction from ai4bharat/indic_glue with config 'wstp.hi' (split=test)
2026-02-02 12:08:54,188 - filelock - DEBUG - Attempting to acquire lock 140638187640864 on /dss/dsshome1/00/ge95xod2/.cache/huggingface/datasets/_dss_dsshome1_00_ge95xod2_.cache_huggingface_datasets_ai4bharat___indic_glue_wstp.hi_0.0.0_6dcbebd49d6b12965d433bffcd07e9a786211703.lock
2026-02-02 12:08:54,188 - filelock - DEBUG - Lock 140638187640864 acquired on /dss/dsshome1/00/ge95xod2/.cache/huggingface/datasets/_dss_dsshome1_00_ge95xod2_.cache_huggingface_datasets_ai4bharat___indic_glue_wstp.hi_0.0.0_6dcbebd49d6b12965d433bffcd07e9a786211703.lock
2026-02-02 12:08:54,189 - fsspec.local - DEBUG - open file: /dss/dsshome1/00/ge95xod2/.cache/huggingface/datasets/ai4bharat___indic_glue/wstp.hi/0.0.0/6dcbebd49d6b12965d433bffcd07e9a786211703/dataset_info.json
2026-02-02 12:08:54,190 - filelock - DEBUG - Attempting to release lock 140638187640864 on /dss/dsshome1/00/ge95xod2/.cache/huggingface/datasets/_dss_dsshome1_00_ge95xod2_.cache_huggingface_datasets_ai4bharat___indic_glue_wstp.hi_0.0.0_6dcbebd49d6b12965d433bffcd07e9a786211703.lock
2026-02-02 12:08:54,190 - filelock - DEBUG - Lock 140638187640864 released on /dss/dsshome1/00/ge95xod2/.cache/huggingface/datasets/_dss_dsshome1_00_ge95xod2_.cache_huggingface_datasets_ai4bharat___indic_glue_wstp.hi_0.0.0_6dcbebd49d6b12965d433bffcd07e9a786211703.lock
2026-02-02 12:08:54,192 - filelock - DEBUG - Attempting to acquire lock 140638367637952 on /dss/dsshome1/00/ge95xod2/.cache/huggingface/datasets/ai4bharat___indic_glue/wstp.hi/0.0.0/6dcbebd49d6b12965d433bffcd07e9a786211703_builder.lock
2026-02-02 12:08:54,192 - filelock - DEBUG - Lock 140638367637952 acquired on /dss/dsshome1/00/ge95xod2/.cache/huggingface/datasets/ai4bharat___indic_glue/wstp.hi/0.0.0/6dcbebd49d6b12965d433bffcd07e9a786211703_builder.lock
2026-02-02 12:08:54,192 - fsspec.local - DEBUG - open file: /dss/dsshome1/00/ge95xod2/.cache/huggingface/datasets/ai4bharat___indic_glue/wstp.hi/0.0.0/6dcbebd49d6b12965d433bffcd07e9a786211703/dataset_info.json
2026-02-02 12:08:54,193 - filelock - DEBUG - Attempting to release lock 140638367637952 on /dss/dsshome1/00/ge95xod2/.cache/huggingface/datasets/ai4bharat___indic_glue/wstp.hi/0.0.0/6dcbebd49d6b12965d433bffcd07e9a786211703_builder.lock
2026-02-02 12:08:54,193 - filelock - DEBUG - Lock 140638367637952 released on /dss/dsshome1/00/ge95xod2/.cache/huggingface/datasets/ai4bharat___indic_glue/wstp.hi/0.0.0/6dcbebd49d6b12965d433bffcd07e9a786211703_builder.lock
2026-02-02 12:08:54,198 - src.evaluation.indicglue_evaluator - INFO - Successfully loaded Wikipedia Section Title Prediction test split with 5509 examples
2026-02-02 12:08:54,198 - src.evaluation.indicglue_evaluator - INFO -   Loaded test: 5509 examples
2026-02-02 12:08:54,198 - src.evaluation.indicglue_evaluator - INFO - Fine-tuning on Wikipedia Section Title Prediction...
2026-02-02 12:08:54,198 - src.evaluation.indicglue.fine_tuning_manager - INFO - Starting fine-tuning for Wikipedia Section Title Prediction
2026-02-02 12:08:54,198 - src.evaluation.indicglue.fine_tuning_manager - INFO - Train samples: 44069, Val samples: 5509
2026-02-02 12:08:54,199 - src.evaluation.indicglue_evaluator - INFO - Detected BERT-style model: HindiDeBERTaModel → will use [CLS] token pooling
2026-02-02 12:08:54,199 - src.evaluation.indicglue_evaluator - INFO - Creating custom MultipleChoiceWrapper for 'Wikipedia Section Title Prediction' with 4 choices
2026-02-02 12:08:54,199 - src.evaluation.indicglue_evaluator - INFO - Auto-detected BERT/DeBERTa-like model (HindiDeBERTaModel), using 'first' token (CLS) pooling
2026-02-02 12:08:54,200 - src.evaluation.indicglue_evaluator - INFO - MultipleChoiceWrapper initialized: num_choices=4, hidden_size=768, pooling=first, dropout=0.1, weight_std=0.0505, bias=0.10
2026-02-02 12:08:54,205 - src.evaluation.indicglue.fine_tuning_manager - INFO - Starting training loop for Wikipedia Section Title Prediction
2026-02-02 12:08:54,206 - src.evaluation.indicglue.fine_tuning_manager - INFO - Model parameters: 87,003,877 total, 87,003,877 trainable (100.0%)
2026-02-02 12:08:54,207 - src.evaluation.indicglue.fine_tuning_manager - INFO - ✓ End-to-end training mode (all parameters trainable)
2026-02-02 12:08:54,209 - src.evaluation.indicglue.fine_tuning_manager - INFO - Optimizer: AdamW with 77 params with decay, 127 without decay
2026-02-02 12:08:54,209 - src.evaluation.indicglue.fine_tuning_manager - INFO - Scheduler created: Linear schedule with 689 warmup steps (total 13780 steps)
2026-02-02 12:08:54,209 - src.evaluation.indicglue.fine_tuning_manager - INFO - Training config: total_steps=13780, warmup_steps=689 (5.0%)
2026-02-02 12:08:54,620 - src.evaluation.indicglue_evaluator - DEBUG - Cleared wrapped model cache for Wikipedia Section Title Prediction
2026-02-02 12:08:55,208 - src.evaluation.indicglue_evaluator - DEBUG - CUDA memory cleanup completed successfully
2026-02-02 12:08:55,209 - src.evaluation.indicglue_evaluator - ERROR - Error evaluating Wikipedia Section Title Prediction: CUDA out of memory. Tried to allocate 6.00 GiB. GPU 0 has a total capacity of 93.02 GiB of which 2.46 GiB is free. Including non-PyTorch memory, this process has 90.54 GiB memory in use. Of the allocated memory 88.97 GiB is allocated by PyTorch, and 968.72 MiB is reserved by PyTorch but unallocated. If reserved but unallocated memory is large try setting PYTORCH_CUDA_ALLOC_CONF=expandable_segments:True to avoid fragmentation.  See documentation for Memory Management  (https://pytorch.org/docs/stable/notes/cuda.html#environment-variables)
2026-02-02 12:08:55,684 - src.evaluation.indicglue_evaluator - DEBUG - CUDA memory cleanup completed successfully
2026-02-02 12:08:55,684 - src.evaluation.indicglue_evaluator - INFO - 
Evaluating Cloze-style multiple-choice QA...
2026-02-02 12:08:55,684 - src.evaluation.evaluation_cache - DEBUG - Cache key includes model_type: deberta
2026-02-02 12:08:55,684 - src.evaluation.evaluation_cache - DEBUG - Cache key includes vocab_size: 228
2026-02-02 12:08:55,684 - src.evaluation.evaluation_cache - DEBUG - Cache key includes tokenizer_type: character
2026-02-02 12:08:55,684 - src.evaluation.evaluation_cache - DEBUG - Generated cache key: 164c222f23ef35bb3c9a82335c0cd3eb222636b80ea90dc173c7a38f3ed5abf3
2026-02-02 12:08:55,685 - src.evaluation.evaluation_cache - DEBUG - Cache miss: 164c222f23ef35bb3c9a82335c0cd3eb222636b80ea90dc173c7a38f3ed5abf3
2026-02-02 12:08:55,685 - src.evaluation.indicglue_evaluator - INFO - ✗ Cache miss for Cloze-style multiple-choice QA (fine-tuned mode)
2026-02-02 12:08:55,685 - src.evaluation.indicglue_evaluator - INFO -   Proceeding with fine-tuning and inference
2026-02-02 12:08:55,685 - src.evaluation.indicglue_evaluator - INFO - Fine-tuning mode enabled for Cloze-style multiple-choice QA
2026-02-02 12:08:55,685 - src.evaluation.indicglue_evaluator - INFO - Creating custom splits for Cloze-style multiple-choice QA
2026-02-02 12:08:55,685 - src.evaluation.indicglue_evaluator - INFO -   Reason: Dataset only has test split (35,140 examples); custom splits required for fine-tuning
2026-02-02 12:08:55,685 - src.evaluation.indicglue_evaluator - INFO - Creating custom splits for Cloze-style multiple-choice QA...
2026-02-02 12:08:55,685 - src.evaluation.indicglue_evaluator - INFO - Using task-specific split ratios for Cloze-style multiple-choice QA
2026-02-02 12:08:55,685 - src.evaluation.indicglue_evaluator - INFO -   Train: 80.0%, Val: 10.0%, Test: 10.0%, Seed: 42
2026-02-02 12:08:55,685 - src.evaluation.indicglue_evaluator - INFO - Loading complete dataset for Cloze-style multiple-choice QA (all available splits)...
2026-02-02 12:08:55,685 - src.evaluation.indicglue_evaluator - INFO - Attempting to load Cloze-style multiple-choice QA from ai4bharat/indic_glue with config 'csqa.hi' (split=train)
2026-02-02 12:08:56,786 - filelock - DEBUG - Attempting to acquire lock 140638167919392 on /dss/dsshome1/00/ge95xod2/.cache/huggingface/datasets/_dss_dsshome1_00_ge95xod2_.cache_huggingface_datasets_ai4bharat___indic_glue_csqa.hi_0.0.0_6dcbebd49d6b12965d433bffcd07e9a786211703.lock
2026-02-02 12:08:56,787 - filelock - DEBUG - Lock 140638167919392 acquired on /dss/dsshome1/00/ge95xod2/.cache/huggingface/datasets/_dss_dsshome1_00_ge95xod2_.cache_huggingface_datasets_ai4bharat___indic_glue_csqa.hi_0.0.0_6dcbebd49d6b12965d433bffcd07e9a786211703.lock
2026-02-02 12:08:56,788 - fsspec.local - DEBUG - open file: /dss/dsshome1/00/ge95xod2/.cache/huggingface/datasets/ai4bharat___indic_glue/csqa.hi/0.0.0/6dcbebd49d6b12965d433bffcd07e9a786211703/dataset_info.json
2026-02-02 12:08:56,788 - filelock - DEBUG - Attempting to release lock 140638167919392 on /dss/dsshome1/00/ge95xod2/.cache/huggingface/datasets/_dss_dsshome1_00_ge95xod2_.cache_huggingface_datasets_ai4bharat___indic_glue_csqa.hi_0.0.0_6dcbebd49d6b12965d433bffcd07e9a786211703.lock
2026-02-02 12:08:56,788 - filelock - DEBUG - Lock 140638167919392 released on /dss/dsshome1/00/ge95xod2/.cache/huggingface/datasets/_dss_dsshome1_00_ge95xod2_.cache_huggingface_datasets_ai4bharat___indic_glue_csqa.hi_0.0.0_6dcbebd49d6b12965d433bffcd07e9a786211703.lock
2026-02-02 12:08:56,789 - filelock - DEBUG - Attempting to acquire lock 140647028378880 on /dss/dsshome1/00/ge95xod2/.cache/huggingface/datasets/ai4bharat___indic_glue/csqa.hi/0.0.0/6dcbebd49d6b12965d433bffcd07e9a786211703_builder.lock
2026-02-02 12:08:56,790 - filelock - DEBUG - Lock 140647028378880 acquired on /dss/dsshome1/00/ge95xod2/.cache/huggingface/datasets/ai4bharat___indic_glue/csqa.hi/0.0.0/6dcbebd49d6b12965d433bffcd07e9a786211703_builder.lock
2026-02-02 12:08:56,790 - fsspec.local - DEBUG - open file: /dss/dsshome1/00/ge95xod2/.cache/huggingface/datasets/ai4bharat___indic_glue/csqa.hi/0.0.0/6dcbebd49d6b12965d433bffcd07e9a786211703/dataset_info.json
2026-02-02 12:08:56,790 - filelock - DEBUG - Attempting to release lock 140647028378880 on /dss/dsshome1/00/ge95xod2/.cache/huggingface/datasets/ai4bharat___indic_glue/csqa.hi/0.0.0/6dcbebd49d6b12965d433bffcd07e9a786211703_builder.lock
2026-02-02 12:08:56,790 - filelock - DEBUG - Lock 140647028378880 released on /dss/dsshome1/00/ge95xod2/.cache/huggingface/datasets/ai4bharat___indic_glue/csqa.hi/0.0.0/6dcbebd49d6b12965d433bffcd07e9a786211703_builder.lock
2026-02-02 12:08:56,790 - src.evaluation.indicglue_evaluator - DEBUG - Failed to load Cloze-style multiple-choice QA train split from HuggingFace: Unknown split "train". Should be one of ['test'].
2026-02-02 12:08:56,790 - src.evaluation.indicglue_evaluator - INFO - Attempting to load Cloze-style multiple-choice QA from ai4bharat/indic_glue with config 'csqa.hi' (split=validation)
2026-02-02 12:08:58,010 - filelock - DEBUG - Attempting to acquire lock 140638168107424 on /dss/dsshome1/00/ge95xod2/.cache/huggingface/datasets/_dss_dsshome1_00_ge95xod2_.cache_huggingface_datasets_ai4bharat___indic_glue_csqa.hi_0.0.0_6dcbebd49d6b12965d433bffcd07e9a786211703.lock
2026-02-02 12:08:58,011 - filelock - DEBUG - Lock 140638168107424 acquired on /dss/dsshome1/00/ge95xod2/.cache/huggingface/datasets/_dss_dsshome1_00_ge95xod2_.cache_huggingface_datasets_ai4bharat___indic_glue_csqa.hi_0.0.0_6dcbebd49d6b12965d433bffcd07e9a786211703.lock
2026-02-02 12:08:58,012 - fsspec.local - DEBUG - open file: /dss/dsshome1/00/ge95xod2/.cache/huggingface/datasets/ai4bharat___indic_glue/csqa.hi/0.0.0/6dcbebd49d6b12965d433bffcd07e9a786211703/dataset_info.json
2026-02-02 12:08:58,012 - filelock - DEBUG - Attempting to release lock 140638168107424 on /dss/dsshome1/00/ge95xod2/.cache/huggingface/datasets/_dss_dsshome1_00_ge95xod2_.cache_huggingface_datasets_ai4bharat___indic_glue_csqa.hi_0.0.0_6dcbebd49d6b12965d433bffcd07e9a786211703.lock
2026-02-02 12:08:58,012 - filelock - DEBUG - Lock 140638168107424 released on /dss/dsshome1/00/ge95xod2/.cache/huggingface/datasets/_dss_dsshome1_00_ge95xod2_.cache_huggingface_datasets_ai4bharat___indic_glue_csqa.hi_0.0.0_6dcbebd49d6b12965d433bffcd07e9a786211703.lock
2026-02-02 12:08:58,014 - filelock - DEBUG - Attempting to acquire lock 140638186619568 on /dss/dsshome1/00/ge95xod2/.cache/huggingface/datasets/ai4bharat___indic_glue/csqa.hi/0.0.0/6dcbebd49d6b12965d433bffcd07e9a786211703_builder.lock
2026-02-02 12:08:58,014 - filelock - DEBUG - Lock 140638186619568 acquired on /dss/dsshome1/00/ge95xod2/.cache/huggingface/datasets/ai4bharat___indic_glue/csqa.hi/0.0.0/6dcbebd49d6b12965d433bffcd07e9a786211703_builder.lock
2026-02-02 12:08:58,015 - fsspec.local - DEBUG - open file: /dss/dsshome1/00/ge95xod2/.cache/huggingface/datasets/ai4bharat___indic_glue/csqa.hi/0.0.0/6dcbebd49d6b12965d433bffcd07e9a786211703/dataset_info.json
2026-02-02 12:08:58,015 - filelock - DEBUG - Attempting to release lock 140638186619568 on /dss/dsshome1/00/ge95xod2/.cache/huggingface/datasets/ai4bharat___indic_glue/csqa.hi/0.0.0/6dcbebd49d6b12965d433bffcd07e9a786211703_builder.lock
2026-02-02 12:08:58,015 - filelock - DEBUG - Lock 140638186619568 released on /dss/dsshome1/00/ge95xod2/.cache/huggingface/datasets/ai4bharat___indic_glue/csqa.hi/0.0.0/6dcbebd49d6b12965d433bffcd07e9a786211703_builder.lock
2026-02-02 12:08:58,016 - src.evaluation.indicglue_evaluator - DEBUG - Failed to load Cloze-style multiple-choice QA validation split from HuggingFace: Unknown split "validation". Should be one of ['test'].
2026-02-02 12:08:58,016 - src.evaluation.indicglue_evaluator - INFO - Attempting to load Cloze-style multiple-choice QA from ai4bharat/indic_glue with config 'csqa.hi' (split=test)
2026-02-02 12:08:58,967 - filelock - DEBUG - Attempting to acquire lock 140638186023328 on /dss/dsshome1/00/ge95xod2/.cache/huggingface/datasets/_dss_dsshome1_00_ge95xod2_.cache_huggingface_datasets_ai4bharat___indic_glue_csqa.hi_0.0.0_6dcbebd49d6b12965d433bffcd07e9a786211703.lock
2026-02-02 12:08:58,968 - filelock - DEBUG - Lock 140638186023328 acquired on /dss/dsshome1/00/ge95xod2/.cache/huggingface/datasets/_dss_dsshome1_00_ge95xod2_.cache_huggingface_datasets_ai4bharat___indic_glue_csqa.hi_0.0.0_6dcbebd49d6b12965d433bffcd07e9a786211703.lock
2026-02-02 12:08:58,969 - fsspec.local - DEBUG - open file: /dss/dsshome1/00/ge95xod2/.cache/huggingface/datasets/ai4bharat___indic_glue/csqa.hi/0.0.0/6dcbebd49d6b12965d433bffcd07e9a786211703/dataset_info.json
2026-02-02 12:08:58,969 - filelock - DEBUG - Attempting to release lock 140638186023328 on /dss/dsshome1/00/ge95xod2/.cache/huggingface/datasets/_dss_dsshome1_00_ge95xod2_.cache_huggingface_datasets_ai4bharat___indic_glue_csqa.hi_0.0.0_6dcbebd49d6b12965d433bffcd07e9a786211703.lock
2026-02-02 12:08:58,970 - filelock - DEBUG - Lock 140638186023328 released on /dss/dsshome1/00/ge95xod2/.cache/huggingface/datasets/_dss_dsshome1_00_ge95xod2_.cache_huggingface_datasets_ai4bharat___indic_glue_csqa.hi_0.0.0_6dcbebd49d6b12965d433bffcd07e9a786211703.lock
2026-02-02 12:08:58,971 - filelock - DEBUG - Attempting to acquire lock 140637836167056 on /dss/dsshome1/00/ge95xod2/.cache/huggingface/datasets/ai4bharat___indic_glue/csqa.hi/0.0.0/6dcbebd49d6b12965d433bffcd07e9a786211703_builder.lock
2026-02-02 12:08:58,972 - filelock - DEBUG - Lock 140637836167056 acquired on /dss/dsshome1/00/ge95xod2/.cache/huggingface/datasets/ai4bharat___indic_glue/csqa.hi/0.0.0/6dcbebd49d6b12965d433bffcd07e9a786211703_builder.lock
2026-02-02 12:08:58,972 - fsspec.local - DEBUG - open file: /dss/dsshome1/00/ge95xod2/.cache/huggingface/datasets/ai4bharat___indic_glue/csqa.hi/0.0.0/6dcbebd49d6b12965d433bffcd07e9a786211703/dataset_info.json
2026-02-02 12:08:58,973 - filelock - DEBUG - Attempting to release lock 140637836167056 on /dss/dsshome1/00/ge95xod2/.cache/huggingface/datasets/ai4bharat___indic_glue/csqa.hi/0.0.0/6dcbebd49d6b12965d433bffcd07e9a786211703_builder.lock
2026-02-02 12:08:58,973 - filelock - DEBUG - Lock 140637836167056 released on /dss/dsshome1/00/ge95xod2/.cache/huggingface/datasets/ai4bharat___indic_glue/csqa.hi/0.0.0/6dcbebd49d6b12965d433bffcd07e9a786211703_builder.lock
2026-02-02 12:08:58,978 - src.evaluation.indicglue_evaluator - INFO - Successfully loaded Cloze-style multiple-choice QA test split with 35140 examples
2026-02-02 12:08:58,978 - src.evaluation.indicglue_evaluator - INFO -   Loaded test: 35140 examples
2026-02-02 12:08:58,978 - src.evaluation.indicglue_evaluator - INFO -   Combined dataset: 35140 total examples from [test(35140)]
2026-02-02 12:08:59,065 - src.evaluation.indicglue_evaluator - INFO - Custom splits created for Cloze-style multiple-choice QA:
2026-02-02 12:08:59,066 - src.evaluation.indicglue_evaluator - INFO -   Train:      28112 examples (80.0%)
2026-02-02 12:08:59,066 - src.evaluation.indicglue_evaluator - INFO -   Validation:  3514 examples (10.0%)
2026-02-02 12:08:59,066 - src.evaluation.indicglue_evaluator - INFO -   Test:        3514 examples (10.0%)
2026-02-02 12:08:59,066 - src.evaluation.indicglue_evaluator - INFO -   Total:      35140 examples
2026-02-02 12:08:59,066 - src.evaluation.indicglue_evaluator - INFO - Fine-tuning on Cloze-style multiple-choice QA...
2026-02-02 12:08:59,066 - src.evaluation.indicglue.fine_tuning_manager - INFO - Starting fine-tuning for Cloze-style multiple-choice QA
2026-02-02 12:08:59,066 - src.evaluation.indicglue.fine_tuning_manager - INFO - Train samples: 28112, Val samples: 3514
2026-02-02 12:08:59,066 - src.evaluation.indicglue_evaluator - INFO - Detected BERT-style model: HindiDeBERTaModel → will use [CLS] token pooling
2026-02-02 12:08:59,066 - src.evaluation.indicglue_evaluator - INFO - Creating custom MultipleChoiceWrapper for 'Cloze-style multiple-choice QA' with 4 choices
2026-02-02 12:08:59,066 - src.evaluation.indicglue_evaluator - INFO - Auto-detected BERT/DeBERTa-like model (HindiDeBERTaModel), using 'first' token (CLS) pooling
2026-02-02 12:08:59,067 - src.evaluation.indicglue_evaluator - INFO - MultipleChoiceWrapper initialized: num_choices=4, hidden_size=768, pooling=first, dropout=0.1, weight_std=0.0509, bias=0.10
2026-02-02 12:08:59,070 - src.evaluation.indicglue.fine_tuning_manager - INFO - Starting training loop for Cloze-style multiple-choice QA
2026-02-02 12:08:59,071 - src.evaluation.indicglue.fine_tuning_manager - INFO - Model parameters: 87,003,877 total, 87,003,877 trainable (100.0%)
2026-02-02 12:08:59,071 - src.evaluation.indicglue.fine_tuning_manager - INFO - ✓ End-to-end training mode (all parameters trainable)
2026-02-02 12:08:59,072 - src.evaluation.indicglue.fine_tuning_manager - INFO - Optimizer: AdamW with 77 params with decay, 127 without decay
2026-02-02 12:08:59,072 - src.evaluation.indicglue.fine_tuning_manager - INFO - Scheduler created: Linear schedule with 439 warmup steps (total 8790 steps)
2026-02-02 12:08:59,072 - src.evaluation.indicglue.fine_tuning_manager - INFO - Training config: total_steps=8790, warmup_steps=439 (5.0%)
2026-02-02 12:08:59,276 - src.evaluation.indicglue_evaluator - DEBUG - Cleared wrapped model cache for Cloze-style multiple-choice QA
2026-02-02 12:08:59,855 - src.evaluation.indicglue_evaluator - DEBUG - CUDA memory cleanup completed successfully
2026-02-02 12:08:59,856 - src.evaluation.indicglue_evaluator - ERROR - Error evaluating Cloze-style multiple-choice QA: CUDA out of memory. Tried to allocate 6.00 GiB. GPU 0 has a total capacity of 93.02 GiB of which 2.46 GiB is free. Including non-PyTorch memory, this process has 90.54 GiB memory in use. Of the allocated memory 88.97 GiB is allocated by PyTorch, and 968.72 MiB is reserved by PyTorch but unallocated. If reserved but unallocated memory is large try setting PYTORCH_CUDA_ALLOC_CONF=expandable_segments:True to avoid fragmentation.  See documentation for Memory Management  (https://pytorch.org/docs/stable/notes/cuda.html#environment-variables)
2026-02-02 12:09:00,326 - src.evaluation.indicglue_evaluator - DEBUG - CUDA memory cleanup completed successfully
2026-02-02 12:09:00,326 - src.evaluation.indicglue_evaluator - INFO - 
Evaluating WinogradNLI...
2026-02-02 12:09:00,326 - src.evaluation.indicglue_evaluator - WARNING - Skipping WinogradNLI: WNLI contains only entailment class for train and validation sets while the test set contains None
2026-02-02 12:09:00,326 - src.evaluation.indicglue_evaluator - DEBUG - Cleared wrapped model cache for WinogradNLI
2026-02-02 12:09:00,731 - src.evaluation.indicglue_evaluator - DEBUG - CUDA memory cleanup completed successfully
2026-02-02 12:09:00,731 - src.evaluation.indicglue_evaluator - INFO - WinogradNLI Results:
2026-02-02 12:09:01,152 - src.evaluation.indicglue_evaluator - DEBUG - CUDA memory cleanup completed successfully
2026-02-02 12:09:01,152 - src.evaluation.indicglue_evaluator - INFO - 
Evaluating Choice of Plausible Alternatives...
2026-02-02 12:09:01,153 - src.evaluation.evaluation_cache - DEBUG - Cache key includes model_type: deberta
2026-02-02 12:09:01,153 - src.evaluation.evaluation_cache - DEBUG - Cache key includes vocab_size: 228
2026-02-02 12:09:01,153 - src.evaluation.evaluation_cache - DEBUG - Cache key includes tokenizer_type: character
2026-02-02 12:09:01,153 - src.evaluation.evaluation_cache - DEBUG - Generated cache key: da8cafb22d5f0296e48690b61f9a21074c6b2a05c81862c12d488230af28f7a6
2026-02-02 12:09:01,175 - src.evaluation.evaluation_cache - INFO - Cache hit: da8cafb22d5f0296e48690b61f9a21074c6b2a05c81862c12d488230af28f7a6
2026-02-02 12:09:01,175 - src.evaluation.evaluation_cache - INFO -   Created: 2026-02-01T22:28:38.797631
2026-02-02 12:09:01,175 - src.evaluation.evaluation_cache - INFO -   Samples: 2
2026-02-02 12:09:01,175 - src.evaluation.indicglue_evaluator - INFO - ✓ Cache hit for Choice of Plausible Alternatives (fine-tuned mode)
2026-02-02 12:09:01,175 - src.evaluation.indicglue_evaluator - INFO -   Skipping fine-tuning and inference
2026-02-02 12:09:01,175 - src.evaluation.indicglue_evaluator - DEBUG - Cleared wrapped model cache for Choice of Plausible Alternatives
2026-02-02 12:09:01,615 - src.evaluation.indicglue_evaluator - DEBUG - CUDA memory cleanup completed successfully
2026-02-02 12:09:01,616 - src.evaluation.indicglue_evaluator - INFO - Choice of Plausible Alternatives Results:
2026-02-02 12:09:01,616 - src.evaluation.indicglue_evaluator - INFO -   num_examples: 88.0000
2026-02-02 12:09:01,616 - src.evaluation.indicglue_evaluator - INFO -   accuracy: 0.4886
2026-02-02 12:09:01,616 - src.evaluation.indicglue_evaluator - INFO -   f1_macro: 0.4832
2026-02-02 12:09:01,616 - src.evaluation.indicglue_evaluator - INFO -   f1_weighted: 0.4904
2026-02-02 12:09:01,616 - src.evaluation.indicglue_evaluator - INFO -   precision_macro: 0.4839
2026-02-02 12:09:01,616 - src.evaluation.indicglue_evaluator - INFO -   recall_macro: 0.4837
2026-02-02 12:09:01,616 - src.evaluation.indicglue_evaluator - INFO -   fine_tuned: 1.0000
2026-02-02 12:09:01,616 - src.evaluation.indicglue_evaluator - INFO -   from_cache: 1.0000
2026-02-02 12:09:02,018 - src.evaluation.indicglue_evaluator - DEBUG - CUDA memory cleanup completed successfully
2026-02-02 12:09:02,018 - src.evaluation.indicglue_evaluator - INFO - 
Evaluating MovieReviewSentiment...
2026-02-02 12:09:02,018 - src.evaluation.evaluation_cache - DEBUG - Cache key includes model_type: deberta
2026-02-02 12:09:02,018 - src.evaluation.evaluation_cache - DEBUG - Cache key includes vocab_size: 228
2026-02-02 12:09:02,018 - src.evaluation.evaluation_cache - DEBUG - Cache key includes tokenizer_type: character
2026-02-02 12:09:02,018 - src.evaluation.evaluation_cache - DEBUG - Generated cache key: 815a9f13189f4f6d27e747cfc60b13984f06609887f5b23d610237f1bf60d8de
2026-02-02 12:09:02,022 - src.evaluation.evaluation_cache - INFO - Cache hit: 815a9f13189f4f6d27e747cfc60b13984f06609887f5b23d610237f1bf60d8de
2026-02-02 12:09:02,022 - src.evaluation.evaluation_cache - INFO -   Created: 2026-02-01T22:32:07.880750
2026-02-02 12:09:02,022 - src.evaluation.evaluation_cache - INFO -   Samples: 2
2026-02-02 12:09:02,022 - src.evaluation.indicglue_evaluator - INFO - ✓ Cache hit for MovieReviewSentiment (fine-tuned mode)
2026-02-02 12:09:02,022 - src.evaluation.indicglue_evaluator - INFO -   Skipping fine-tuning and inference
2026-02-02 12:09:02,022 - src.evaluation.indicglue_evaluator - DEBUG - Cleared wrapped model cache for MovieReviewSentiment
2026-02-02 12:09:02,428 - src.evaluation.indicglue_evaluator - DEBUG - CUDA memory cleanup completed successfully
2026-02-02 12:09:02,428 - src.evaluation.indicglue_evaluator - INFO - MovieReviewSentiment Results:
2026-02-02 12:09:02,428 - src.evaluation.indicglue_evaluator - INFO -   num_examples: 310.0000
2026-02-02 12:09:02,428 - src.evaluation.indicglue_evaluator - INFO -   accuracy: 0.3419
2026-02-02 12:09:02,428 - src.evaluation.indicglue_evaluator - INFO -   f1_macro: 0.3232
2026-02-02 12:09:02,428 - src.evaluation.indicglue_evaluator - INFO -   f1_weighted: 0.3335
2026-02-02 12:09:02,428 - src.evaluation.indicglue_evaluator - INFO -   precision_macro: 0.3260
2026-02-02 12:09:02,429 - src.evaluation.indicglue_evaluator - INFO -   recall_macro: 0.3270
2026-02-02 12:09:02,429 - src.evaluation.indicglue_evaluator - INFO -   fine_tuned: 1.0000
2026-02-02 12:09:02,429 - src.evaluation.indicglue_evaluator - INFO -   from_cache: 1.0000
2026-02-02 12:09:02,830 - src.evaluation.indicglue_evaluator - DEBUG - CUDA memory cleanup completed successfully
2026-02-02 12:09:02,830 - src.evaluation.indicglue_evaluator - INFO - 
Evaluating ProductReviewSentiment...
2026-02-02 12:09:02,830 - src.evaluation.evaluation_cache - DEBUG - Cache key includes model_type: deberta
2026-02-02 12:09:02,830 - src.evaluation.evaluation_cache - DEBUG - Cache key includes vocab_size: 228
2026-02-02 12:09:02,830 - src.evaluation.evaluation_cache - DEBUG - Cache key includes tokenizer_type: character
2026-02-02 12:09:02,830 - src.evaluation.evaluation_cache - DEBUG - Generated cache key: 4dc318a8c6ae423c73ee47b3453740a1912adbd52c26897c0f1eaa6b6b965c37
2026-02-02 12:09:02,858 - src.evaluation.evaluation_cache - INFO - Cache hit: 4dc318a8c6ae423c73ee47b3453740a1912adbd52c26897c0f1eaa6b6b965c37
2026-02-02 12:09:02,858 - src.evaluation.evaluation_cache - INFO -   Created: 2026-02-01T22:40:42.901663
2026-02-02 12:09:02,858 - src.evaluation.evaluation_cache - INFO -   Samples: 2
2026-02-02 12:09:02,858 - src.evaluation.indicglue_evaluator - INFO - ✓ Cache hit for ProductReviewSentiment (fine-tuned mode)
2026-02-02 12:09:02,858 - src.evaluation.indicglue_evaluator - INFO -   Skipping fine-tuning and inference
2026-02-02 12:09:02,858 - src.evaluation.indicglue_evaluator - DEBUG - Cleared wrapped model cache for ProductReviewSentiment
2026-02-02 12:09:03,298 - src.evaluation.indicglue_evaluator - DEBUG - CUDA memory cleanup completed successfully
2026-02-02 12:09:03,298 - src.evaluation.indicglue_evaluator - INFO - ProductReviewSentiment Results:
2026-02-02 12:09:03,298 - src.evaluation.indicglue_evaluator - INFO -   num_examples: 523.0000
2026-02-02 12:09:03,298 - src.evaluation.indicglue_evaluator - INFO -   accuracy: 0.4742
2026-02-02 12:09:03,299 - src.evaluation.indicglue_evaluator - INFO -   f1_macro: 0.3357
2026-02-02 12:09:03,299 - src.evaluation.indicglue_evaluator - INFO -   f1_weighted: 0.4401
2026-02-02 12:09:03,299 - src.evaluation.indicglue_evaluator - INFO -   precision_macro: 0.3143
2026-02-02 12:09:03,299 - src.evaluation.indicglue_evaluator - INFO -   recall_macro: 0.3610
2026-02-02 12:09:03,299 - src.evaluation.indicglue_evaluator - INFO -   fine_tuned: 1.0000
2026-02-02 12:09:03,299 - src.evaluation.indicglue_evaluator - INFO -   from_cache: 1.0000
2026-02-02 12:09:03,700 - src.evaluation.indicglue_evaluator - DEBUG - CUDA memory cleanup completed successfully
2026-02-02 12:09:03,700 - src.evaluation.indicglue_evaluator - INFO - 
Evaluating DiscourseMode...
2026-02-02 12:09:03,700 - src.evaluation.evaluation_cache - DEBUG - Cache key includes model_type: deberta
2026-02-02 12:09:03,700 - src.evaluation.evaluation_cache - DEBUG - Cache key includes vocab_size: 228
2026-02-02 12:09:03,700 - src.evaluation.evaluation_cache - DEBUG - Cache key includes tokenizer_type: character
2026-02-02 12:09:03,700 - src.evaluation.evaluation_cache - DEBUG - Generated cache key: 974e8b5112a2724e89c24edc497452cbbada6eb45c4364c60ee4eccd6e461832
2026-02-02 12:09:03,742 - src.evaluation.evaluation_cache - INFO - Cache hit: 974e8b5112a2724e89c24edc497452cbbada6eb45c4364c60ee4eccd6e461832
2026-02-02 12:09:03,742 - src.evaluation.evaluation_cache - INFO -   Created: 2026-02-01T22:56:57.670793
2026-02-02 12:09:03,742 - src.evaluation.evaluation_cache - INFO -   Samples: 2
2026-02-02 12:09:03,742 - src.evaluation.indicglue_evaluator - INFO - ✓ Cache hit for DiscourseMode (fine-tuned mode)
2026-02-02 12:09:03,742 - src.evaluation.indicglue_evaluator - INFO -   Skipping fine-tuning and inference
2026-02-02 12:09:03,742 - src.evaluation.indicglue_evaluator - DEBUG - Cleared wrapped model cache for DiscourseMode
2026-02-02 12:09:04,175 - src.evaluation.indicglue_evaluator - DEBUG - CUDA memory cleanup completed successfully
2026-02-02 12:09:04,175 - src.evaluation.indicglue_evaluator - INFO - DiscourseMode Results:
2026-02-02 12:09:04,175 - src.evaluation.indicglue_evaluator - INFO -   num_examples: 997.0000
2026-02-02 12:09:04,176 - src.evaluation.indicglue_evaluator - INFO -   accuracy: 0.3440
2026-02-02 12:09:04,176 - src.evaluation.indicglue_evaluator - INFO -   f1_macro: 0.1961
2026-02-02 12:09:04,176 - src.evaluation.indicglue_evaluator - INFO -   f1_weighted: 0.3338
2026-02-02 12:09:04,176 - src.evaluation.indicglue_evaluator - INFO -   precision_macro: 0.1944
2026-02-02 12:09:04,176 - src.evaluation.indicglue_evaluator - INFO -   recall_macro: 0.2093
2026-02-02 12:09:04,176 - src.evaluation.indicglue_evaluator - INFO -   fine_tuned: 1.0000
2026-02-02 12:09:04,176 - src.evaluation.indicglue_evaluator - INFO -   from_cache: 1.0000
2026-02-02 12:09:04,583 - src.evaluation.indicglue_evaluator - DEBUG - CUDA memory cleanup completed successfully
2026-02-02 12:09:04,584 - src.evaluation.indicglue_evaluator - INFO - 
============================================================
2026-02-02 12:09:04,584 - src.evaluation.indicglue_evaluator - INFO - IndicGLUE Evaluation Complete
2026-02-02 12:09:04,584 - src.evaluation.indicglue_evaluator - INFO - Overall Accuracy: 0.4127
2026-02-02 12:09:04,584 - src.evaluation.indicglue_evaluator - INFO - ============================================================
2026-02-02 12:09:04,584 - src.evaluation.multiblimp_evaluator - INFO - Starting MultiBLiMP evaluation on all phenomena...
2026-02-02 12:09:04,584 - src.evaluation.multiblimp_evaluator - INFO - 
Evaluating SV-#...
2026-02-02 12:23:52,542 - src.evaluation.multiblimp_evaluator - WARNING - SV-#: Below-chance accuracy (14.5%). Model prefers ungrammatical. Mean loss diff: -1.3743
2026-02-02 12:23:52,564 - src.evaluation.multiblimp_evaluator - INFO - SV-# Results:
2026-02-02 12:23:52,564 - src.evaluation.multiblimp_evaluator - INFO -   Accuracy: 0.1450
2026-02-02 12:23:52,564 - src.evaluation.multiblimp_evaluator - INFO -   Correct: 59/407
2026-02-02 12:23:52,564 - src.evaluation.multiblimp_evaluator - INFO - 
Evaluating SV-G...
2026-02-02 12:39:19,945 - src.evaluation.multiblimp_evaluator - WARNING - SV-G: Below-chance accuracy (17.9%). Model prefers ungrammatical. Mean loss diff: -0.1436
2026-02-02 12:39:19,946 - src.evaluation.multiblimp_evaluator - INFO - SV-G Results:
2026-02-02 12:39:19,946 - src.evaluation.multiblimp_evaluator - INFO -   Accuracy: 0.1790
2026-02-02 12:39:19,946 - src.evaluation.multiblimp_evaluator - INFO -   Correct: 75/419
2026-02-02 12:39:19,946 - src.evaluation.multiblimp_evaluator - INFO - 
Evaluating SV-P...
2026-02-02 12:54:32,525 - src.evaluation.multiblimp_evaluator - WARNING - SV-P: Below-chance accuracy (16.7%). Model prefers ungrammatical. Mean loss diff: -1.2827
2026-02-02 12:54:32,529 - src.evaluation.multiblimp_evaluator - INFO - SV-P Results:
2026-02-02 12:54:32,529 - src.evaluation.multiblimp_evaluator - INFO -   Accuracy: 0.1675
2026-02-02 12:54:32,529 - src.evaluation.multiblimp_evaluator - INFO -   Correct: 69/412
2026-02-02 12:54:32,529 - src.evaluation.multiblimp_evaluator - INFO - 
Evaluating SP-#...
2026-02-02 12:57:56,114 - src.evaluation.multiblimp_evaluator - WARNING - SP-#: Below-chance accuracy (11.0%). Model shows no clear preference. Mean loss diff: 0.5095
2026-02-02 12:57:56,114 - src.evaluation.multiblimp_evaluator - INFO - SP-# Results:
2026-02-02 12:57:56,114 - src.evaluation.multiblimp_evaluator - INFO -   Accuracy: 0.1100
2026-02-02 12:57:56,114 - src.evaluation.multiblimp_evaluator - INFO -   Correct: 11/100
2026-02-02 12:57:56,114 - src.evaluation.multiblimp_evaluator - INFO - 
Evaluating SP-G...
2026-02-02 13:01:46,702 - src.evaluation.multiblimp_evaluator - WARNING - SP-G: Below-chance accuracy (3.7%). Model prefers ungrammatical. Mean loss diff: -0.7424
2026-02-02 13:01:46,705 - src.evaluation.multiblimp_evaluator - INFO - SP-G Results:
2026-02-02 13:01:46,705 - src.evaluation.multiblimp_evaluator - INFO -   Accuracy: 0.0367
2026-02-02 13:01:46,705 - src.evaluation.multiblimp_evaluator - INFO -   Correct: 4/109
2026-02-02 13:01:46,706 - src.evaluation.multiblimp_evaluator - WARNING - CRITICAL: Overall MultiBLiMP accuracy (15.1%) is below chance (50%). 5/5 phenomena show below-chance performance. This may indicate: (1) tokenization issues affecting morphological patterns, (2) insufficient training data for learning agreement, or (3) model architecture limitations for capturing syntactic dependencies.
2026-02-02 13:01:46,706 - src.evaluation.multiblimp_evaluator - INFO - 
============================================================
2026-02-02 13:01:46,706 - src.evaluation.multiblimp_evaluator - INFO - MultiBLiMP Evaluation Complete
2026-02-02 13:01:46,706 - src.evaluation.multiblimp_evaluator - INFO - Overall Accuracy: 0.1276
2026-02-02 13:01:46,706 - src.evaluation.multiblimp_evaluator - INFO - ============================================================
2026-02-02 13:01:46,737 - root - INFO - 
💾 Saving evaluation results...
2026-02-02 13:01:46,744 - root - INFO -    Results saved to: results/deberta_10M_character_level/evaluation_results.json
2026-02-02 13:01:46,744 - root - INFO - 
📊 Evaluation Summary:
2026-02-02 13:01:46,744 - root - INFO -    indicglue: 0.4127 average (5 tasks)
2026-02-02 13:01:46,744 - root - INFO -    multiblimp: 0.1276 average (5 tasks)
2026-02-02 13:01:46,744 - root - INFO -    summary: No numeric scores available
2026-02-02 13:01:46,745 - root - INFO - 
✅ Evaluation completed successfully!
2026-02-02 13:01:46,749 - root - INFO - ✅ All stages completed successfully!
2026-02-02 13:01:46,749 - root - INFO - 📁 Results directory: results/deberta_10M_character_level
2026-02-02 13:01:46,749 - root - INFO - 📊 View results:
2026-02-02 13:01:46,749 - root - INFO -    - Training summary: results/deberta_10M_character_level/training_summary.json
2026-02-02 13:01:46,750 - root - INFO -    - Evaluation results: results/deberta_10M_character_level/evaluation_results.json
2026-02-02 13:01:46,750 - root - INFO -    - Logs: results/deberta_10M_character_level/experiment.log
