2026-01-25 12:46:30,613 - root - INFO - Experiment: gpt_10M_character_bigram
2026-01-25 12:46:30,613 - root - INFO - Stage: all
2026-01-25 12:46:30,613 - root - INFO - Results directory: results/gpt_10M_character_bigram
2026-01-25 12:46:30,613 - root - INFO - Configuration: configs/ablations/tokenization_experiments/gpt_character_bigram_10M.yaml
2026-01-25 12:46:30,613 - root - INFO - 
🎲 Setting up reproducibility...
2026-01-25 12:46:30,613 - root - INFO -    Seed: 42
2026-01-25 12:46:30,613 - root - INFO -    Deterministic: True
2026-01-25 12:46:30,613 - src.utils.seed_manager - INFO - Setting all seeds to 42
2026-01-25 12:46:30,614 - src.utils.seed_manager - DEBUG - ✓ Python random seed set
2026-01-25 12:46:30,614 - src.utils.seed_manager - DEBUG - ✓ NumPy seed set
2026-01-25 12:46:30,616 - src.utils.seed_manager - DEBUG - ✓ PyTorch CPU seed set
2026-01-25 12:46:31,533 - src.utils.seed_manager - DEBUG - ✓ PyTorch CUDA seeds set
2026-01-25 12:46:31,533 - src.utils.seed_manager - INFO - Enabling deterministic mode for PyTorch
2026-01-25 12:46:31,533 - src.utils.seed_manager - DEBUG - ✓ PyTorch deterministic algorithms enabled
2026-01-25 12:46:31,533 - src.utils.seed_manager - DEBUG - ✓ CuDNN deterministic mode enabled
2026-01-25 12:46:31,534 - src.utils.seed_manager - WARNING - CuDNN benchmark disabled - may reduce training speed
2026-01-25 12:46:31,534 - src.utils.seed_manager - DEBUG - ✓ Set PYTHONHASHSEED=42
2026-01-25 12:46:31,534 - src.utils.seed_manager - DEBUG - ✓ Set CUBLAS_WORKSPACE_CONFIG=:4096:8
2026-01-25 12:46:31,534 - root - INFO - 
💻 Device configuration:
2026-01-25 12:46:31,534 - root - INFO -    Device: cuda
2026-01-25 12:46:31,579 - root - INFO -    GPU: NVIDIA H100
2026-01-25 12:46:31,580 - root - INFO -    CUDA Version: 12.8
2026-01-25 12:46:31,587 - root - INFO - Metadata saved to results/gpt_10M_character_bigram/metadata.json
2026-01-25 12:46:31,588 - root - INFO - Config saved to results/gpt_10M_character_bigram/config.yaml
2026-01-25 12:46:31,588 - root - INFO - Starting data processing stage...
2026-01-25 12:46:31,640 - root - INFO - Found existing processed data. Loading splits...
2026-01-25 12:46:31,640 - root - INFO - (Use --force-reprocess to reprocess from scratch)
2026-01-25 12:46:32,298 - root - INFO - 
✅ Data processing completed successfully!
2026-01-25 12:46:32,786 - root - INFO - ✓ Memory cleanup after data processing completed
2026-01-25 12:46:32,786 - root - INFO - Starting model training stage...
2026-01-25 12:46:32,787 - root - INFO - 
🔤 Creating tokenizer...
2026-01-25 12:46:38,194 - root - INFO -    Tokenizer saved to: results/gpt_10M_character_bigram/tokenizer
2026-01-25 12:46:38,195 - root - INFO -    Vocabulary size: 828
2026-01-25 12:46:38,195 - root - INFO - 
🏗️  Creating model...
2026-01-25 12:46:39,404 - root - INFO -    Total parameters: 86,478,336
2026-01-25 12:46:39,404 - root - INFO -    Trainable parameters: 86,478,336
2026-01-25 12:46:39,404 - root - INFO - 
👨‍🏫 Initializing trainer...
2026-01-25 12:46:39,404 - root - INFO -    Added experiment_tracking config to trainer
2026-01-25 12:46:39,404 - src.utils.seed_manager - INFO - Setting all seeds to 42
2026-01-25 12:46:39,404 - src.utils.seed_manager - DEBUG - ✓ Python random seed set
2026-01-25 12:46:39,404 - src.utils.seed_manager - DEBUG - ✓ NumPy seed set
2026-01-25 12:46:39,406 - src.utils.seed_manager - DEBUG - ✓ PyTorch CPU seed set
2026-01-25 12:46:39,406 - src.utils.seed_manager - DEBUG - ✓ PyTorch CUDA seeds set
2026-01-25 12:46:39,406 - src.utils.seed_manager - INFO - Enabling deterministic mode for PyTorch
2026-01-25 12:46:39,406 - src.utils.seed_manager - DEBUG - ✓ PyTorch deterministic algorithms enabled
2026-01-25 12:46:39,406 - src.utils.seed_manager - DEBUG - ✓ CuDNN deterministic mode enabled
2026-01-25 12:46:39,407 - src.utils.seed_manager - WARNING - CuDNN benchmark disabled - may reduce training speed
2026-01-25 12:46:39,593 - src.training.trainer - INFO - Model moved to device: cuda with bf16 precision
2026-01-25 12:46:39,595 - src.training.trainer - INFO - Created ADAMW optimizer with lr=0.0003
2026-01-25 12:46:39,596 - src.training.trainer - INFO - Trainer initialized successfully
2026-01-25 12:46:39,596 - root - INFO - 
📊 Creating data loaders...
2026-01-25 12:46:39,646 - root - INFO -    Train batches: 4,046
2026-01-25 12:46:39,646 - root - INFO -    Val batches:   6,438
2026-01-25 12:46:39,646 - root - INFO - 
🚀 Starting training...
2026-01-25 12:46:39,646 - root - INFO -    Epochs: 10
2026-01-25 12:46:39,646 - root - INFO -    Batch size: 28
2026-01-25 12:46:39,646 - root - INFO -    Learning rate: 0.0003
2026-01-25 12:46:39,646 - src.training.trainer - INFO - Creating cosine_with_warmup scheduler with 1000 warmup steps
2026-01-25 12:46:39,647 - src.training.trainer - INFO - Initializing W&B...
2026-01-25 12:46:39,647 - src.training.trainer - INFO - W&B project: hindi-babylm
2026-01-25 12:46:39,647 - src.training.trainer - INFO - W&B entity: not set
2026-01-25 12:46:39,647 - src.training.trainer - INFO - W&B mode: online
2026-01-25 12:46:39,649 - asyncio - DEBUG - Using selector: EpollSelector
2026-01-25 12:46:39,652 - git.util - DEBUG - sys.platform='linux', git_executable='git'
2026-01-25 12:46:39,662 - git.cmd - DEBUG - Popen(['git', 'rev-parse', '--show-toplevel'], cwd=/dss/dsshome1/00/ge95xod2/Hindi-BabyLM-Data-Efficient-Language-Modeling-for-Hindi, stdin=None, shell=False, universal_newlines=False)
2026-01-25 12:46:40,524 - git.util - DEBUG - sys.platform='linux', git_executable='git'
2026-01-25 12:46:40,531 - git.cmd - DEBUG - Popen(['git', 'cat-file', '--batch-check'], cwd=/dss/dsshome1/00/ge95xod2/Hindi-BabyLM-Data-Efficient-Language-Modeling-for-Hindi, stdin=<valid stream>, shell=False, universal_newlines=False)
2026-01-25 12:46:41,451 - src.training.trainer - INFO - ✓ W&B initialized successfully
2026-01-25 12:46:41,453 - src.training.trainer - INFO - ✓ View your run at: https://wandb.ai/ayushtalreja1-technische-universit-t-m-nchen/hindi-babylm/runs/lqvee43h
2026-01-25 12:46:41,453 - src.training.trainer - INFO - Starting training for 10 epochs
2026-01-25 12:46:41,454 - src.training.trainer - INFO -   Total steps: 40460
2026-01-25 12:46:41,454 - src.training.trainer - INFO -   Steps per epoch: 4046
2026-01-25 12:46:41,454 - src.training.trainer - INFO -   Batch size: 28
2026-01-25 12:46:41,455 - src.training.trainer - INFO -   Gradient accumulation steps: 1
2026-01-25 12:46:41,455 - src.training.trainer - INFO -   Effective batch size: 28
2026-01-25 12:46:41,456 - src.training.trainer - INFO - 
============================================================
2026-01-25 12:46:41,456 - src.training.trainer - INFO - Epoch 1/10
2026-01-25 12:46:41,456 - src.training.trainer - INFO - ============================================================
2026-01-25 12:58:42,459 - src.training.trainer - INFO - Train Loss: 0.2590
2026-01-25 12:58:42,461 - src.training.trainer - INFO - Val Loss: 0.1265
2026-01-25 12:58:42,461 - src.training.trainer - INFO - Perplexity: 1.13
2026-01-25 12:58:42,462 - src.training.trainer - INFO - ✓ Validation loss improved from inf to 0.1265
2026-01-25 12:58:42,936 - src.training.trainer - INFO - Checkpoint saved: results/gpt_10M_character_bigram/models/best.pt
2026-01-25 12:58:42,938 - src.training.trainer - INFO - 
============================================================
2026-01-25 12:58:42,938 - src.training.trainer - INFO - Epoch 2/10
2026-01-25 12:58:42,939 - src.training.trainer - INFO - ============================================================
2026-01-25 13:10:43,428 - src.training.trainer - INFO - Train Loss: 0.1823
2026-01-25 13:10:43,429 - src.training.trainer - INFO - Val Loss: 0.1117
2026-01-25 13:10:43,429 - src.training.trainer - INFO - Perplexity: 1.12
2026-01-25 13:10:43,430 - src.training.trainer - INFO - ✓ Validation loss improved from 0.1265 to 0.1117
2026-01-25 13:10:44,124 - src.training.trainer - INFO - Checkpoint saved: results/gpt_10M_character_bigram/models/best.pt
2026-01-25 13:10:44,126 - src.training.trainer - INFO - 
============================================================
2026-01-25 13:10:44,126 - src.training.trainer - INFO - Epoch 3/10
2026-01-25 13:10:44,136 - src.training.trainer - INFO - ============================================================
2026-01-25 13:22:44,463 - src.training.trainer - INFO - Train Loss: 0.1629
2026-01-25 13:22:44,465 - src.training.trainer - INFO - Val Loss: 0.1047
2026-01-25 13:22:44,465 - src.training.trainer - INFO - Perplexity: 1.11
2026-01-25 13:22:44,466 - src.training.trainer - INFO - ✓ Validation loss improved from 0.1117 to 0.1047
2026-01-25 13:22:44,914 - src.training.trainer - INFO - Checkpoint saved: results/gpt_10M_character_bigram/models/best.pt
2026-01-25 13:22:44,916 - src.training.trainer - INFO - 
============================================================
2026-01-25 13:22:44,916 - src.training.trainer - INFO - Epoch 4/10
2026-01-25 13:22:44,917 - src.training.trainer - INFO - ============================================================
2026-01-25 13:34:46,247 - src.training.trainer - INFO - Train Loss: 0.1516
2026-01-25 13:34:46,247 - src.training.trainer - INFO - Val Loss: 0.1007
2026-01-25 13:34:46,248 - src.training.trainer - INFO - Perplexity: 1.11
2026-01-25 13:34:46,248 - src.training.trainer - INFO - ✓ Validation loss improved from 0.1047 to 0.1007
2026-01-25 13:34:46,695 - src.training.trainer - INFO - Checkpoint saved: results/gpt_10M_character_bigram/models/best.pt
2026-01-25 13:34:46,697 - src.training.trainer - INFO - 
============================================================
2026-01-25 13:34:46,698 - src.training.trainer - INFO - Epoch 5/10
2026-01-25 13:34:46,698 - src.training.trainer - INFO - ============================================================
2026-01-25 13:46:46,780 - src.training.trainer - INFO - Train Loss: 0.1434
2026-01-25 13:46:46,781 - src.training.trainer - INFO - Val Loss: 0.0983
2026-01-25 13:46:46,781 - src.training.trainer - INFO - Perplexity: 1.10
2026-01-25 13:46:46,782 - src.training.trainer - INFO - ✓ Validation loss improved from 0.1007 to 0.0983
2026-01-25 13:46:47,458 - src.training.trainer - INFO - Checkpoint saved: results/gpt_10M_character_bigram/models/best.pt
2026-01-25 13:46:47,460 - src.training.trainer - INFO - 
============================================================
2026-01-25 13:46:47,460 - src.training.trainer - INFO - Epoch 6/10
2026-01-25 13:46:47,461 - src.training.trainer - INFO - ============================================================
2026-01-25 13:58:48,340 - src.training.trainer - INFO - Train Loss: 0.1367
2026-01-25 13:58:48,340 - src.training.trainer - INFO - Val Loss: 0.0969
2026-01-25 13:58:48,341 - src.training.trainer - INFO - Perplexity: 1.10
2026-01-25 13:58:48,342 - src.training.trainer - INFO - ✓ Validation loss improved from 0.0983 to 0.0969
2026-01-25 13:58:49,002 - src.training.trainer - INFO - Checkpoint saved: results/gpt_10M_character_bigram/models/best.pt
2026-01-25 13:58:49,004 - src.training.trainer - INFO - 
============================================================
2026-01-25 13:58:49,004 - src.training.trainer - INFO - Epoch 7/10
2026-01-25 13:58:49,005 - src.training.trainer - INFO - ============================================================
2026-01-25 14:10:49,341 - src.training.trainer - INFO - Train Loss: 0.1314
2026-01-25 14:10:49,343 - src.training.trainer - INFO - Val Loss: 0.0964
2026-01-25 14:10:49,344 - src.training.trainer - INFO - Perplexity: 1.10
2026-01-25 14:10:49,345 - src.training.trainer - INFO - No improvement for 1 epoch(s)
2026-01-25 14:10:49,345 - src.training.trainer - INFO - 
============================================================
2026-01-25 14:10:49,346 - src.training.trainer - INFO - Epoch 8/10
2026-01-25 14:10:49,346 - src.training.trainer - INFO - ============================================================
2026-01-25 14:22:49,990 - src.training.trainer - INFO - Train Loss: 0.1282
2026-01-25 14:22:49,990 - src.training.trainer - INFO - Val Loss: 0.0963
2026-01-25 14:22:49,991 - src.training.trainer - INFO - Perplexity: 1.10
2026-01-25 14:22:49,992 - src.training.trainer - INFO - No improvement for 2 epoch(s)
2026-01-25 14:22:50,021 - src.training.trainer - INFO - 
============================================================
2026-01-25 14:22:50,021 - src.training.trainer - INFO - Epoch 9/10
2026-01-25 14:22:50,022 - src.training.trainer - INFO - ============================================================
2026-01-25 14:34:51,027 - src.training.trainer - INFO - Train Loss: 0.1270
2026-01-25 14:34:51,053 - src.training.trainer - INFO - Val Loss: 0.0963
2026-01-25 14:34:51,054 - src.training.trainer - INFO - Perplexity: 1.10
2026-01-25 14:34:51,055 - src.training.trainer - INFO - No improvement for 3 epoch(s)
2026-01-25 14:34:51,055 - src.training.trainer - INFO - Early stopping triggered (validation loss) after 9 epochs
2026-01-25 14:34:51,056 - src.training.trainer - INFO - 
============================================================
2026-01-25 14:34:51,056 - src.training.trainer - INFO - Training completed!
2026-01-25 14:34:51,057 - src.training.trainer - INFO - Best validation loss: 0.0969
2026-01-25 14:34:51,057 - src.training.trainer - INFO - ============================================================
2026-01-25 14:34:52,370 - root - INFO - 
💾 Saving training summary...
2026-01-25 14:34:52,375 - root - INFO -    Summary saved to: results/gpt_10M_character_bigram/training_summary.json
2026-01-25 14:34:52,375 - root - INFO - 
✅ Model training completed successfully!
2026-01-25 14:34:52,667 - root - INFO - ✓ Memory cleanup after training completed
2026-01-25 14:34:52,667 - root - INFO - Starting evaluation stage...
2026-01-25 14:34:52,667 - root - INFO - 
📋 Initializing evaluation manager...
2026-01-25 14:34:52,667 - root - INFO -    Added evaluation config to evaluator
2026-01-25 14:34:52,668 - src.evaluation.indicglue_evaluator - INFO - IndicGLUE evaluator initialized on device: cuda:0
2026-01-25 14:34:52,668 - src.evaluation.indicglue_evaluator - INFO - Max sequence length: 1024 tokens (IndicBERT paper uses 128)
2026-01-25 14:34:52,668 - src.evaluation.indicglue_evaluator - INFO - Tokenizer pad_token: <pad> (id: 0)
2026-01-25 14:34:52,668 - src.evaluation.indicglue_evaluator - INFO - Model type detected: Language Model
2026-01-25 14:34:52,668 - src.evaluation.indicglue_evaluator - INFO - Initialized TaskRegistry with 8 tasks
2026-01-25 14:34:52,668 - src.evaluation.metrics_utils - DEBUG - MetricsAggregator initialized: bootstrap_samples=1000, confidence_level=0.95
2026-01-25 14:34:52,668 - src.evaluation.indicglue_evaluator - INFO - Label validation mode: STRICT (invalid labels will raise errors)
2026-01-25 14:34:52,669 - src.evaluation.evaluation_cache - INFO - Evaluation cache initialized at: .eval_cache
2026-01-25 14:34:52,669 - src.evaluation.evaluation_cache - INFO - Cache expiration: 30 days
2026-01-25 14:34:52,669 - src.evaluation.indicglue_evaluator - INFO - Evaluation mode initialized: zero-shot (will switch to fine-tuned after training)
2026-01-25 14:34:52,669 - src.evaluation.indicglue_evaluator - INFO - Initialized TaskDataExtractor
2026-01-25 14:34:52,669 - src.evaluation.indicglue_evaluator - INFO - Initialized DataLoaderFactory
2026-01-25 14:34:52,669 - src.evaluation.indicglue_evaluator - INFO - Initialized evaluation strategies (Classification, MC, Perplexity)
2026-01-25 14:34:52,669 - src.evaluation.indicglue_evaluator - INFO - Using internal _get_model_for_task for fine-tuning
2026-01-25 14:34:52,669 - src.evaluation.indicglue.fine_tuning_manager - INFO - FineTuningManager initialized: freeze_base=False, use_auto_models=False, lr=2e-05, epochs=10, batch_size=32, grad_accum=1, warmup_ratio=0.1, scheduler_type=linear, weight_decay=0.01, dropout=0.1, max_grad_norm=1.0, label_smoothing=0.0, patience=3, min_delta=0.0
2026-01-25 14:34:52,669 - src.evaluation.indicglue_evaluator - INFO - Initialized FineTuningManager (refactored with config, dataloader_factory, model_provider)
2026-01-25 14:34:52,669 - src.evaluation.indicglue_evaluator - INFO - Initialized ResultVisualizer
2026-01-25 14:34:52,669 - src.evaluation.multiblimp_evaluator - INFO - Final model type for MultiBLiMP: HindiGPTModel
2026-01-25 14:34:52,669 - src.evaluation.multiblimp_evaluator - INFO - Model module: src.models.gpt_model
2026-01-25 14:34:52,670 - src.evaluation.multiblimp_evaluator - INFO - Model has 60 public attributes
2026-01-25 14:34:52,670 - src.evaluation.multiblimp_evaluator - DEBUG - Model attributes: ['MODEL_SIZES', 'T_destination', 'add_module', 'apply', 'bfloat16', 'buffers', 'call_super_init', 'children', 'compile', 'config', 'cpu', 'cuda', 'double', 'dump_patches', 'eval', 'extra_repr', 'float', 'forward', 'generate', 'get_buffer', 'get_extra_state', 'get_parameter', 'get_submodule', 'half', 'ipu', 'load_state_dict', 'model', 'modules', 'mtia', 'named_buffers', 'named_children', 'named_modules', 'named_parameters', 'num_parameters', 'parameters', 'register_backward_hook', 'register_buffer', 'register_forward_hook', 'register_forward_pre_hook', 'register_full_backward_hook', 'register_full_backward_pre_hook', 'register_load_state_dict_post_hook', 'register_load_state_dict_pre_hook', 'register_module', 'register_parameter', 'register_state_dict_post_hook', 'register_state_dict_pre_hook', 'requires_grad_', 'set_extra_state', 'set_submodule', 'share_memory', 'smart_apply', 'state_dict', 'to', 'to_empty', 'train', 'training', 'type', 'xpu', 'zero_grad']
2026-01-25 14:34:52,671 - src.evaluation.multiblimp_evaluator - INFO - MultiBLiMP evaluator initialized on device: cuda:0
2026-01-25 14:34:52,671 - src.evaluation.multiblimp_evaluator - INFO - Attempting to load MultiBLiMP dataset from HuggingFace (jumelet/multiblimp)...
2026-01-25 14:34:54,726 - filelock - DEBUG - Attempting to acquire lock 140071574564576 on /dss/dsshome1/00/ge95xod2/.cache/huggingface/datasets/_dss_dsshome1_00_ge95xod2_.cache_huggingface_datasets_jumelet___multiblimp_hin_0.0.0_de923efa8d2483d6b13364ee68e65308e990a991.lock
2026-01-25 14:34:54,726 - filelock - DEBUG - Lock 140071574564576 acquired on /dss/dsshome1/00/ge95xod2/.cache/huggingface/datasets/_dss_dsshome1_00_ge95xod2_.cache_huggingface_datasets_jumelet___multiblimp_hin_0.0.0_de923efa8d2483d6b13364ee68e65308e990a991.lock
2026-01-25 14:34:54,727 - fsspec.local - DEBUG - open file: /dss/dsshome1/00/ge95xod2/.cache/huggingface/datasets/jumelet___multiblimp/hin/0.0.0/de923efa8d2483d6b13364ee68e65308e990a991/dataset_info.json
2026-01-25 14:34:54,729 - filelock - DEBUG - Attempting to release lock 140071574564576 on /dss/dsshome1/00/ge95xod2/.cache/huggingface/datasets/_dss_dsshome1_00_ge95xod2_.cache_huggingface_datasets_jumelet___multiblimp_hin_0.0.0_de923efa8d2483d6b13364ee68e65308e990a991.lock
2026-01-25 14:34:54,729 - filelock - DEBUG - Lock 140071574564576 released on /dss/dsshome1/00/ge95xod2/.cache/huggingface/datasets/_dss_dsshome1_00_ge95xod2_.cache_huggingface_datasets_jumelet___multiblimp_hin_0.0.0_de923efa8d2483d6b13364ee68e65308e990a991.lock
2026-01-25 14:34:54,803 - filelock - DEBUG - Attempting to acquire lock 140071569025728 on /dss/dsshome1/00/ge95xod2/.cache/huggingface/datasets/jumelet___multiblimp/hin/0.0.0/de923efa8d2483d6b13364ee68e65308e990a991_builder.lock
2026-01-25 14:34:54,804 - filelock - DEBUG - Lock 140071569025728 acquired on /dss/dsshome1/00/ge95xod2/.cache/huggingface/datasets/jumelet___multiblimp/hin/0.0.0/de923efa8d2483d6b13364ee68e65308e990a991_builder.lock
2026-01-25 14:34:54,804 - fsspec.local - DEBUG - open file: /dss/dsshome1/00/ge95xod2/.cache/huggingface/datasets/jumelet___multiblimp/hin/0.0.0/de923efa8d2483d6b13364ee68e65308e990a991/dataset_info.json
2026-01-25 14:34:54,806 - filelock - DEBUG - Attempting to release lock 140071569025728 on /dss/dsshome1/00/ge95xod2/.cache/huggingface/datasets/jumelet___multiblimp/hin/0.0.0/de923efa8d2483d6b13364ee68e65308e990a991_builder.lock
2026-01-25 14:34:54,806 - filelock - DEBUG - Lock 140071569025728 released on /dss/dsshome1/00/ge95xod2/.cache/huggingface/datasets/jumelet___multiblimp/hin/0.0.0/de923efa8d2483d6b13364ee68e65308e990a991_builder.lock
2026-01-25 14:34:54,817 - src.evaluation.multiblimp_evaluator - INFO - Successfully loaded external dataset with 1447 examples
2026-01-25 14:34:55,074 - src.evaluation.multiblimp_evaluator - INFO - Converted to 1447 minimal pairs across 5 phenomena
2026-01-25 14:34:55,075 - src.evaluation.multiblimp_evaluator - DEBUG -   SP-#: 100 pairs
2026-01-25 14:34:55,075 - src.evaluation.multiblimp_evaluator - DEBUG -   SP-G: 109 pairs
2026-01-25 14:34:55,075 - src.evaluation.multiblimp_evaluator - DEBUG -   SV-#: 407 pairs
2026-01-25 14:34:55,075 - src.evaluation.multiblimp_evaluator - DEBUG -   SV-G: 419 pairs
2026-01-25 14:34:55,075 - src.evaluation.multiblimp_evaluator - DEBUG -   SV-P: 412 pairs
2026-01-25 14:34:55,075 - src.evaluation.multiblimp_evaluator - INFO - MultiBLiMP test coverage: 1447 minimal pairs across 5 phenomena
2026-01-25 14:34:55,076 - src.evaluation.multiblimp_evaluator - INFO - Per-phenomenon test coverage:
2026-01-25 14:34:55,076 - src.evaluation.multiblimp_evaluator - INFO -   SP-#: 100 pairs
2026-01-25 14:34:55,076 - src.evaluation.multiblimp_evaluator - INFO -   SP-G: 109 pairs
2026-01-25 14:34:55,076 - src.evaluation.multiblimp_evaluator - INFO -   SV-#: 407 pairs
2026-01-25 14:34:55,076 - src.evaluation.multiblimp_evaluator - INFO -   SV-G: 419 pairs
2026-01-25 14:34:55,076 - src.evaluation.multiblimp_evaluator - INFO -   SV-P: 412 pairs
2026-01-25 14:34:55,076 - src.evaluation.multiblimp_evaluator - INFO - Validating model output structure...
2026-01-25 14:34:55,868 - src.evaluation.multiblimp_evaluator - WARNING - Vocabulary size is 828, which seems small for a language model. Expected 10k-50k. This might indicate a classification model.
2026-01-25 14:34:55,880 - src.evaluation.multiblimp_evaluator - INFO - ✓ Model validation passed!
2026-01-25 14:34:55,880 - src.evaluation.multiblimp_evaluator - INFO -   Output shape: torch.Size([1, 5, 828])
2026-01-25 14:34:55,880 - src.evaluation.multiblimp_evaluator - INFO -   Vocabulary size: 828
2026-01-25 14:34:55,880 - root - INFO - 
🔍 Running comprehensive evaluation...
2026-01-25 14:34:55,880 - root - INFO -    This may take several minutes...
2026-01-25 14:34:55,881 - root - INFO -    Enabled benchmarks: indicglue, multiblimp
2026-01-25 14:34:55,881 - src.evaluation.indicglue_evaluator - INFO - Starting IndicGLUE evaluation on all tasks...
2026-01-25 14:34:55,881 - src.evaluation.indicglue_evaluator - INFO - 
Evaluating BBCArticlesClassification...
2026-01-25 14:34:55,881 - src.evaluation.indicglue_evaluator - INFO - Fine-tuning mode enabled for BBCArticlesClassification
2026-01-25 14:34:55,881 - src.evaluation.indicglue_evaluator - INFO - Using original HuggingFace splits for BBCArticlesClassification
2026-01-25 14:34:55,881 - src.evaluation.indicglue_evaluator - INFO - Attempting to load BBCArticlesClassification from ai4bharat/indic_glue with config 'bbca.hi' (split=train)
2026-01-25 14:34:58,049 - filelock - DEBUG - Attempting to acquire lock 140071574518560 on /dss/dsshome1/00/ge95xod2/.cache/huggingface/datasets/_dss_dsshome1_00_ge95xod2_.cache_huggingface_datasets_ai4bharat___indic_glue_bbca.hi_0.0.0_6dcbebd49d6b12965d433bffcd07e9a786211703.lock
2026-01-25 14:34:58,050 - filelock - DEBUG - Lock 140071574518560 acquired on /dss/dsshome1/00/ge95xod2/.cache/huggingface/datasets/_dss_dsshome1_00_ge95xod2_.cache_huggingface_datasets_ai4bharat___indic_glue_bbca.hi_0.0.0_6dcbebd49d6b12965d433bffcd07e9a786211703.lock
2026-01-25 14:34:58,050 - fsspec.local - DEBUG - open file: /dss/dsshome1/00/ge95xod2/.cache/huggingface/datasets/ai4bharat___indic_glue/bbca.hi/0.0.0/6dcbebd49d6b12965d433bffcd07e9a786211703/dataset_info.json
2026-01-25 14:34:58,051 - filelock - DEBUG - Attempting to release lock 140071574518560 on /dss/dsshome1/00/ge95xod2/.cache/huggingface/datasets/_dss_dsshome1_00_ge95xod2_.cache_huggingface_datasets_ai4bharat___indic_glue_bbca.hi_0.0.0_6dcbebd49d6b12965d433bffcd07e9a786211703.lock
2026-01-25 14:34:58,052 - filelock - DEBUG - Lock 140071574518560 released on /dss/dsshome1/00/ge95xod2/.cache/huggingface/datasets/_dss_dsshome1_00_ge95xod2_.cache_huggingface_datasets_ai4bharat___indic_glue_bbca.hi_0.0.0_6dcbebd49d6b12965d433bffcd07e9a786211703.lock
2026-01-25 14:34:58,055 - filelock - DEBUG - Attempting to acquire lock 140071568923904 on /dss/dsshome1/00/ge95xod2/.cache/huggingface/datasets/ai4bharat___indic_glue/bbca.hi/0.0.0/6dcbebd49d6b12965d433bffcd07e9a786211703_builder.lock
2026-01-25 14:34:58,056 - filelock - DEBUG - Lock 140071568923904 acquired on /dss/dsshome1/00/ge95xod2/.cache/huggingface/datasets/ai4bharat___indic_glue/bbca.hi/0.0.0/6dcbebd49d6b12965d433bffcd07e9a786211703_builder.lock
2026-01-25 14:34:58,056 - fsspec.local - DEBUG - open file: /dss/dsshome1/00/ge95xod2/.cache/huggingface/datasets/ai4bharat___indic_glue/bbca.hi/0.0.0/6dcbebd49d6b12965d433bffcd07e9a786211703/dataset_info.json
2026-01-25 14:34:58,057 - filelock - DEBUG - Attempting to release lock 140071568923904 on /dss/dsshome1/00/ge95xod2/.cache/huggingface/datasets/ai4bharat___indic_glue/bbca.hi/0.0.0/6dcbebd49d6b12965d433bffcd07e9a786211703_builder.lock
2026-01-25 14:34:58,057 - filelock - DEBUG - Lock 140071568923904 released on /dss/dsshome1/00/ge95xod2/.cache/huggingface/datasets/ai4bharat___indic_glue/bbca.hi/0.0.0/6dcbebd49d6b12965d433bffcd07e9a786211703_builder.lock
2026-01-25 14:34:58,059 - src.evaluation.indicglue_evaluator - INFO - Successfully loaded BBCArticlesClassification train split with 3467 examples
2026-01-25 14:34:58,060 - src.evaluation.indicglue_evaluator - INFO -   Loaded train: 3467 examples
2026-01-25 14:34:58,060 - src.evaluation.indicglue_evaluator - INFO - Attempting to load BBCArticlesClassification from ai4bharat/indic_glue with config 'bbca.hi' (split=validation)
2026-01-25 14:34:59,027 - filelock - DEBUG - Attempting to acquire lock 140071570168848 on /dss/dsshome1/00/ge95xod2/.cache/huggingface/datasets/_dss_dsshome1_00_ge95xod2_.cache_huggingface_datasets_ai4bharat___indic_glue_bbca.hi_0.0.0_6dcbebd49d6b12965d433bffcd07e9a786211703.lock
2026-01-25 14:34:59,028 - filelock - DEBUG - Lock 140071570168848 acquired on /dss/dsshome1/00/ge95xod2/.cache/huggingface/datasets/_dss_dsshome1_00_ge95xod2_.cache_huggingface_datasets_ai4bharat___indic_glue_bbca.hi_0.0.0_6dcbebd49d6b12965d433bffcd07e9a786211703.lock
2026-01-25 14:34:59,028 - fsspec.local - DEBUG - open file: /dss/dsshome1/00/ge95xod2/.cache/huggingface/datasets/ai4bharat___indic_glue/bbca.hi/0.0.0/6dcbebd49d6b12965d433bffcd07e9a786211703/dataset_info.json
2026-01-25 14:34:59,029 - filelock - DEBUG - Attempting to release lock 140071570168848 on /dss/dsshome1/00/ge95xod2/.cache/huggingface/datasets/_dss_dsshome1_00_ge95xod2_.cache_huggingface_datasets_ai4bharat___indic_glue_bbca.hi_0.0.0_6dcbebd49d6b12965d433bffcd07e9a786211703.lock
2026-01-25 14:34:59,029 - filelock - DEBUG - Lock 140071570168848 released on /dss/dsshome1/00/ge95xod2/.cache/huggingface/datasets/_dss_dsshome1_00_ge95xod2_.cache_huggingface_datasets_ai4bharat___indic_glue_bbca.hi_0.0.0_6dcbebd49d6b12965d433bffcd07e9a786211703.lock
2026-01-25 14:34:59,031 - filelock - DEBUG - Attempting to acquire lock 140071574506848 on /dss/dsshome1/00/ge95xod2/.cache/huggingface/datasets/ai4bharat___indic_glue/bbca.hi/0.0.0/6dcbebd49d6b12965d433bffcd07e9a786211703_builder.lock
2026-01-25 14:34:59,031 - filelock - DEBUG - Lock 140071574506848 acquired on /dss/dsshome1/00/ge95xod2/.cache/huggingface/datasets/ai4bharat___indic_glue/bbca.hi/0.0.0/6dcbebd49d6b12965d433bffcd07e9a786211703_builder.lock
2026-01-25 14:34:59,032 - fsspec.local - DEBUG - open file: /dss/dsshome1/00/ge95xod2/.cache/huggingface/datasets/ai4bharat___indic_glue/bbca.hi/0.0.0/6dcbebd49d6b12965d433bffcd07e9a786211703/dataset_info.json
2026-01-25 14:34:59,032 - filelock - DEBUG - Attempting to release lock 140071574506848 on /dss/dsshome1/00/ge95xod2/.cache/huggingface/datasets/ai4bharat___indic_glue/bbca.hi/0.0.0/6dcbebd49d6b12965d433bffcd07e9a786211703_builder.lock
2026-01-25 14:34:59,032 - filelock - DEBUG - Lock 140071574506848 released on /dss/dsshome1/00/ge95xod2/.cache/huggingface/datasets/ai4bharat___indic_glue/bbca.hi/0.0.0/6dcbebd49d6b12965d433bffcd07e9a786211703_builder.lock
2026-01-25 14:34:59,033 - src.evaluation.indicglue_evaluator - DEBUG - Failed to load BBCArticlesClassification validation split from HuggingFace: Unknown split "validation". Should be one of ['train', 'test'].
2026-01-25 14:34:59,052 - src.evaluation.indicglue_evaluator - INFO - Attempting to load BBCArticlesClassification from ai4bharat/indic_glue with config 'bbca.hi' (split=test)
2026-01-25 14:35:00,032 - filelock - DEBUG - Attempting to acquire lock 140071568058352 on /dss/dsshome1/00/ge95xod2/.cache/huggingface/datasets/_dss_dsshome1_00_ge95xod2_.cache_huggingface_datasets_ai4bharat___indic_glue_bbca.hi_0.0.0_6dcbebd49d6b12965d433bffcd07e9a786211703.lock
2026-01-25 14:35:00,033 - filelock - DEBUG - Lock 140071568058352 acquired on /dss/dsshome1/00/ge95xod2/.cache/huggingface/datasets/_dss_dsshome1_00_ge95xod2_.cache_huggingface_datasets_ai4bharat___indic_glue_bbca.hi_0.0.0_6dcbebd49d6b12965d433bffcd07e9a786211703.lock
2026-01-25 14:35:00,033 - fsspec.local - DEBUG - open file: /dss/dsshome1/00/ge95xod2/.cache/huggingface/datasets/ai4bharat___indic_glue/bbca.hi/0.0.0/6dcbebd49d6b12965d433bffcd07e9a786211703/dataset_info.json
2026-01-25 14:35:00,034 - filelock - DEBUG - Attempting to release lock 140071568058352 on /dss/dsshome1/00/ge95xod2/.cache/huggingface/datasets/_dss_dsshome1_00_ge95xod2_.cache_huggingface_datasets_ai4bharat___indic_glue_bbca.hi_0.0.0_6dcbebd49d6b12965d433bffcd07e9a786211703.lock
2026-01-25 14:35:00,034 - filelock - DEBUG - Lock 140071568058352 released on /dss/dsshome1/00/ge95xod2/.cache/huggingface/datasets/_dss_dsshome1_00_ge95xod2_.cache_huggingface_datasets_ai4bharat___indic_glue_bbca.hi_0.0.0_6dcbebd49d6b12965d433bffcd07e9a786211703.lock
2026-01-25 14:35:00,036 - filelock - DEBUG - Attempting to acquire lock 140071571142448 on /dss/dsshome1/00/ge95xod2/.cache/huggingface/datasets/ai4bharat___indic_glue/bbca.hi/0.0.0/6dcbebd49d6b12965d433bffcd07e9a786211703_builder.lock
2026-01-25 14:35:00,036 - filelock - DEBUG - Lock 140071571142448 acquired on /dss/dsshome1/00/ge95xod2/.cache/huggingface/datasets/ai4bharat___indic_glue/bbca.hi/0.0.0/6dcbebd49d6b12965d433bffcd07e9a786211703_builder.lock
2026-01-25 14:35:00,036 - fsspec.local - DEBUG - open file: /dss/dsshome1/00/ge95xod2/.cache/huggingface/datasets/ai4bharat___indic_glue/bbca.hi/0.0.0/6dcbebd49d6b12965d433bffcd07e9a786211703/dataset_info.json
2026-01-25 14:35:00,037 - filelock - DEBUG - Attempting to release lock 140071571142448 on /dss/dsshome1/00/ge95xod2/.cache/huggingface/datasets/ai4bharat___indic_glue/bbca.hi/0.0.0/6dcbebd49d6b12965d433bffcd07e9a786211703_builder.lock
2026-01-25 14:35:00,037 - filelock - DEBUG - Lock 140071571142448 released on /dss/dsshome1/00/ge95xod2/.cache/huggingface/datasets/ai4bharat___indic_glue/bbca.hi/0.0.0/6dcbebd49d6b12965d433bffcd07e9a786211703_builder.lock
2026-01-25 14:35:00,040 - src.evaluation.indicglue_evaluator - INFO - Successfully loaded BBCArticlesClassification test split with 866 examples
2026-01-25 14:35:00,040 - src.evaluation.indicglue_evaluator - INFO -   Loaded test: 866 examples
2026-01-25 14:35:00,040 - src.evaluation.indicglue_evaluator - INFO - Fine-tuning BBCArticlesClassification without validation set
2026-01-25 14:35:00,040 - src.evaluation.indicglue_evaluator - INFO - Fine-tuning on BBCArticlesClassification...
2026-01-25 14:35:00,040 - src.evaluation.indicglue.fine_tuning_manager - INFO - Starting fine-tuning for BBCArticlesClassification
2026-01-25 14:35:00,041 - src.evaluation.indicglue.fine_tuning_manager - INFO - Train samples: 3467, No validation set
2026-01-25 14:35:00,041 - src.evaluation.indicglue_evaluator - INFO - Wrapping model for task 'BBCArticlesClassification' with 14 classes
2026-01-25 14:35:00,045 - src.evaluation.indicglue.fine_tuning_manager - INFO - Starting training loop for BBCArticlesClassification
2026-01-25 14:35:00,046 - src.evaluation.indicglue.fine_tuning_manager - INFO - Model parameters: 86,489,102 total, 86,489,102 trainable (100.0%)
2026-01-25 14:35:00,046 - src.evaluation.indicglue.fine_tuning_manager - INFO - ✓ End-to-end training mode (all parameters trainable)
2026-01-25 14:35:00,048 - src.evaluation.indicglue.fine_tuning_manager - INFO - Optimizer: AdamW with 76 params with decay, 74 without decay
2026-01-25 14:35:00,049 - src.evaluation.indicglue.fine_tuning_manager - INFO - Scheduler created: Linear schedule with 109 warmup steps (total 1090 steps)
2026-01-25 14:35:00,049 - src.evaluation.indicglue.fine_tuning_manager - INFO - Training config: total_steps=1090, warmup_steps=109 (10.0%)
2026-01-25 14:35:25,925 - src.evaluation.indicglue.fine_tuning_manager - INFO - Epoch 1/10: train_loss=2.6871
2026-01-25 14:35:50,866 - src.evaluation.indicglue.fine_tuning_manager - INFO - Epoch 2/10: train_loss=2.6892
2026-01-25 14:36:15,830 - src.evaluation.indicglue.fine_tuning_manager - INFO - Epoch 3/10: train_loss=2.6859
2026-01-25 14:36:40,769 - src.evaluation.indicglue.fine_tuning_manager - INFO - Epoch 4/10: train_loss=2.6644
2026-01-25 14:37:06,008 - src.evaluation.indicglue.fine_tuning_manager - INFO - Epoch 5/10: train_loss=2.6621
2026-01-25 14:37:30,946 - src.evaluation.indicglue.fine_tuning_manager - INFO - Epoch 6/10: train_loss=2.6203
2026-01-25 14:37:55,865 - src.evaluation.indicglue.fine_tuning_manager - INFO - Epoch 7/10: train_loss=2.6078
2026-01-25 14:38:20,832 - src.evaluation.indicglue.fine_tuning_manager - INFO - Epoch 8/10: train_loss=2.5562
2026-01-25 14:38:45,783 - src.evaluation.indicglue.fine_tuning_manager - INFO - Epoch 9/10: train_loss=2.5103
2026-01-25 14:39:10,713 - src.evaluation.indicglue.fine_tuning_manager - INFO - Epoch 10/10: train_loss=2.4404
2026-01-25 14:39:10,713 - src.evaluation.indicglue.fine_tuning_manager - INFO - Using final model from epoch 10
2026-01-25 14:39:11,304 - src.evaluation.indicglue.fine_tuning_manager - DEBUG - CUDA memory cleanup completed successfully
2026-01-25 14:39:11,304 - src.evaluation.indicglue.fine_tuning_manager - DEBUG - Cleaned up optimizer, scheduler, and GPU memory after fine-tuning
2026-01-25 14:39:11,304 - src.evaluation.indicglue_evaluator - INFO - Evaluation mode switched to: fine-tuned (will use classification heads for all tasks)
2026-01-25 14:39:11,304 - src.evaluation.indicglue_evaluator - INFO - Evaluating fine-tuned model on test set...
2026-01-25 14:39:11,305 - src.evaluation.indicglue_evaluator - INFO - Evaluating on 866 examples
2026-01-25 14:39:11,305 - src.evaluation.indicglue_evaluator - INFO - [ROUTING] BBCArticlesClassification: Classification/NLI task → Using classification head
2026-01-25 14:39:11,305 - src.evaluation.evaluation_cache - DEBUG - Generated cache key: a6ab031cd180b48f4a833965ebca75643f59364b08624bf8cfa215132c523db9
2026-01-25 14:39:11,306 - src.evaluation.evaluation_cache - INFO - Cache hit: a6ab031cd180b48f4a833965ebca75643f59364b08624bf8cfa215132c523db9
2026-01-25 14:39:11,306 - src.evaluation.evaluation_cache - INFO -   Created: 2026-01-10T07:25:41.831055
2026-01-25 14:39:11,306 - src.evaluation.evaluation_cache - INFO -   Samples: 2
2026-01-25 14:39:11,306 - src.evaluation.indicglue_evaluator - INFO - Using cached predictions for BBCArticlesClassification
2026-01-25 14:39:11,306 - src.evaluation.indicglue_evaluator - DEBUG - Cleared wrapped model cache for BBCArticlesClassification
2026-01-25 14:39:11,724 - src.evaluation.indicglue_evaluator - DEBUG - CUDA memory cleanup completed successfully
2026-01-25 14:39:11,726 - src.evaluation.indicglue_evaluator - INFO - BBCArticlesClassification Results:
2026-01-25 14:39:11,726 - src.evaluation.indicglue_evaluator - INFO -   num_examples: 866.0000
2026-01-25 14:39:11,726 - src.evaluation.indicglue_evaluator - INFO -   accuracy: 0.1824
2026-01-25 14:39:11,726 - src.evaluation.indicglue_evaluator - INFO -   f1_macro: 0.0612
2026-01-25 14:39:11,726 - src.evaluation.indicglue_evaluator - INFO -   f1_weighted: 0.2269
2026-01-25 14:39:11,726 - src.evaluation.indicglue_evaluator - INFO -   precision_macro: 0.0872
2026-01-25 14:39:11,726 - src.evaluation.indicglue_evaluator - INFO -   recall_macro: 0.0567
2026-01-25 14:39:11,726 - src.evaluation.indicglue_evaluator - INFO -   fine_tuned: 1.0000
2026-01-25 14:39:11,726 - src.evaluation.indicglue_evaluator - INFO -   fine_tuning_time_seconds: 251.2641
2026-01-25 14:39:12,137 - src.evaluation.indicglue_evaluator - DEBUG - CUDA memory cleanup completed successfully
2026-01-25 14:39:12,138 - src.evaluation.indicglue_evaluator - INFO - 
Evaluating Wikipedia Section Title Prediction...
2026-01-25 14:39:12,139 - src.evaluation.indicglue_evaluator - INFO - Fine-tuning mode enabled for Wikipedia Section Title Prediction
2026-01-25 14:39:12,139 - src.evaluation.indicglue_evaluator - INFO - Using original HuggingFace splits for Wikipedia Section Title Prediction
2026-01-25 14:39:12,139 - src.evaluation.indicglue_evaluator - INFO - Attempting to load Wikipedia Section Title Prediction from ai4bharat/indic_glue with config 'wstp.hi' (split=train)
2026-01-25 14:39:13,654 - filelock - DEBUG - Attempting to acquire lock 140071574519232 on /dss/dsshome1/00/ge95xod2/.cache/huggingface/datasets/_dss_dsshome1_00_ge95xod2_.cache_huggingface_datasets_ai4bharat___indic_glue_wstp.hi_0.0.0_6dcbebd49d6b12965d433bffcd07e9a786211703.lock
2026-01-25 14:39:13,655 - filelock - DEBUG - Lock 140071574519232 acquired on /dss/dsshome1/00/ge95xod2/.cache/huggingface/datasets/_dss_dsshome1_00_ge95xod2_.cache_huggingface_datasets_ai4bharat___indic_glue_wstp.hi_0.0.0_6dcbebd49d6b12965d433bffcd07e9a786211703.lock
2026-01-25 14:39:13,656 - fsspec.local - DEBUG - open file: /dss/dsshome1/00/ge95xod2/.cache/huggingface/datasets/ai4bharat___indic_glue/wstp.hi/0.0.0/6dcbebd49d6b12965d433bffcd07e9a786211703/dataset_info.json
2026-01-25 14:39:13,657 - filelock - DEBUG - Attempting to release lock 140071574519232 on /dss/dsshome1/00/ge95xod2/.cache/huggingface/datasets/_dss_dsshome1_00_ge95xod2_.cache_huggingface_datasets_ai4bharat___indic_glue_wstp.hi_0.0.0_6dcbebd49d6b12965d433bffcd07e9a786211703.lock
2026-01-25 14:39:13,657 - filelock - DEBUG - Lock 140071574519232 released on /dss/dsshome1/00/ge95xod2/.cache/huggingface/datasets/_dss_dsshome1_00_ge95xod2_.cache_huggingface_datasets_ai4bharat___indic_glue_wstp.hi_0.0.0_6dcbebd49d6b12965d433bffcd07e9a786211703.lock
2026-01-25 14:39:13,659 - filelock - DEBUG - Attempting to acquire lock 140071570513392 on /dss/dsshome1/00/ge95xod2/.cache/huggingface/datasets/ai4bharat___indic_glue/wstp.hi/0.0.0/6dcbebd49d6b12965d433bffcd07e9a786211703_builder.lock
2026-01-25 14:39:13,659 - filelock - DEBUG - Lock 140071570513392 acquired on /dss/dsshome1/00/ge95xod2/.cache/huggingface/datasets/ai4bharat___indic_glue/wstp.hi/0.0.0/6dcbebd49d6b12965d433bffcd07e9a786211703_builder.lock
2026-01-25 14:39:13,660 - fsspec.local - DEBUG - open file: /dss/dsshome1/00/ge95xod2/.cache/huggingface/datasets/ai4bharat___indic_glue/wstp.hi/0.0.0/6dcbebd49d6b12965d433bffcd07e9a786211703/dataset_info.json
2026-01-25 14:39:13,660 - filelock - DEBUG - Attempting to release lock 140071570513392 on /dss/dsshome1/00/ge95xod2/.cache/huggingface/datasets/ai4bharat___indic_glue/wstp.hi/0.0.0/6dcbebd49d6b12965d433bffcd07e9a786211703_builder.lock
2026-01-25 14:39:13,660 - filelock - DEBUG - Lock 140071570513392 released on /dss/dsshome1/00/ge95xod2/.cache/huggingface/datasets/ai4bharat___indic_glue/wstp.hi/0.0.0/6dcbebd49d6b12965d433bffcd07e9a786211703_builder.lock
2026-01-25 14:39:13,665 - src.evaluation.indicglue_evaluator - INFO - Successfully loaded Wikipedia Section Title Prediction train split with 44069 examples
2026-01-25 14:39:13,665 - src.evaluation.indicglue_evaluator - INFO -   Loaded train: 44069 examples
2026-01-25 14:39:13,665 - src.evaluation.indicglue_evaluator - INFO - Attempting to load Wikipedia Section Title Prediction from ai4bharat/indic_glue with config 'wstp.hi' (split=validation)
2026-01-25 14:39:14,621 - filelock - DEBUG - Attempting to acquire lock 140071570589872 on /dss/dsshome1/00/ge95xod2/.cache/huggingface/datasets/_dss_dsshome1_00_ge95xod2_.cache_huggingface_datasets_ai4bharat___indic_glue_wstp.hi_0.0.0_6dcbebd49d6b12965d433bffcd07e9a786211703.lock
2026-01-25 14:39:14,622 - filelock - DEBUG - Lock 140071570589872 acquired on /dss/dsshome1/00/ge95xod2/.cache/huggingface/datasets/_dss_dsshome1_00_ge95xod2_.cache_huggingface_datasets_ai4bharat___indic_glue_wstp.hi_0.0.0_6dcbebd49d6b12965d433bffcd07e9a786211703.lock
2026-01-25 14:39:14,622 - fsspec.local - DEBUG - open file: /dss/dsshome1/00/ge95xod2/.cache/huggingface/datasets/ai4bharat___indic_glue/wstp.hi/0.0.0/6dcbebd49d6b12965d433bffcd07e9a786211703/dataset_info.json
2026-01-25 14:39:14,623 - filelock - DEBUG - Attempting to release lock 140071570589872 on /dss/dsshome1/00/ge95xod2/.cache/huggingface/datasets/_dss_dsshome1_00_ge95xod2_.cache_huggingface_datasets_ai4bharat___indic_glue_wstp.hi_0.0.0_6dcbebd49d6b12965d433bffcd07e9a786211703.lock
2026-01-25 14:39:14,624 - filelock - DEBUG - Lock 140071570589872 released on /dss/dsshome1/00/ge95xod2/.cache/huggingface/datasets/_dss_dsshome1_00_ge95xod2_.cache_huggingface_datasets_ai4bharat___indic_glue_wstp.hi_0.0.0_6dcbebd49d6b12965d433bffcd07e9a786211703.lock
2026-01-25 14:39:14,625 - filelock - DEBUG - Attempting to acquire lock 140071567815488 on /dss/dsshome1/00/ge95xod2/.cache/huggingface/datasets/ai4bharat___indic_glue/wstp.hi/0.0.0/6dcbebd49d6b12965d433bffcd07e9a786211703_builder.lock
2026-01-25 14:39:14,626 - filelock - DEBUG - Lock 140071567815488 acquired on /dss/dsshome1/00/ge95xod2/.cache/huggingface/datasets/ai4bharat___indic_glue/wstp.hi/0.0.0/6dcbebd49d6b12965d433bffcd07e9a786211703_builder.lock
2026-01-25 14:39:14,626 - fsspec.local - DEBUG - open file: /dss/dsshome1/00/ge95xod2/.cache/huggingface/datasets/ai4bharat___indic_glue/wstp.hi/0.0.0/6dcbebd49d6b12965d433bffcd07e9a786211703/dataset_info.json
2026-01-25 14:39:14,627 - filelock - DEBUG - Attempting to release lock 140071567815488 on /dss/dsshome1/00/ge95xod2/.cache/huggingface/datasets/ai4bharat___indic_glue/wstp.hi/0.0.0/6dcbebd49d6b12965d433bffcd07e9a786211703_builder.lock
2026-01-25 14:39:14,627 - filelock - DEBUG - Lock 140071567815488 released on /dss/dsshome1/00/ge95xod2/.cache/huggingface/datasets/ai4bharat___indic_glue/wstp.hi/0.0.0/6dcbebd49d6b12965d433bffcd07e9a786211703_builder.lock
2026-01-25 14:39:14,631 - src.evaluation.indicglue_evaluator - INFO - Successfully loaded Wikipedia Section Title Prediction validation split with 5509 examples
2026-01-25 14:39:14,631 - src.evaluation.indicglue_evaluator - INFO -   Loaded validation: 5509 examples
2026-01-25 14:39:14,631 - src.evaluation.indicglue_evaluator - INFO - Attempting to load Wikipedia Section Title Prediction from ai4bharat/indic_glue with config 'wstp.hi' (split=test)
2026-01-25 14:39:15,596 - filelock - DEBUG - Attempting to acquire lock 140071570781712 on /dss/dsshome1/00/ge95xod2/.cache/huggingface/datasets/_dss_dsshome1_00_ge95xod2_.cache_huggingface_datasets_ai4bharat___indic_glue_wstp.hi_0.0.0_6dcbebd49d6b12965d433bffcd07e9a786211703.lock
2026-01-25 14:39:15,596 - filelock - DEBUG - Lock 140071570781712 acquired on /dss/dsshome1/00/ge95xod2/.cache/huggingface/datasets/_dss_dsshome1_00_ge95xod2_.cache_huggingface_datasets_ai4bharat___indic_glue_wstp.hi_0.0.0_6dcbebd49d6b12965d433bffcd07e9a786211703.lock
2026-01-25 14:39:15,597 - fsspec.local - DEBUG - open file: /dss/dsshome1/00/ge95xod2/.cache/huggingface/datasets/ai4bharat___indic_glue/wstp.hi/0.0.0/6dcbebd49d6b12965d433bffcd07e9a786211703/dataset_info.json
2026-01-25 14:39:15,598 - filelock - DEBUG - Attempting to release lock 140071570781712 on /dss/dsshome1/00/ge95xod2/.cache/huggingface/datasets/_dss_dsshome1_00_ge95xod2_.cache_huggingface_datasets_ai4bharat___indic_glue_wstp.hi_0.0.0_6dcbebd49d6b12965d433bffcd07e9a786211703.lock
2026-01-25 14:39:15,598 - filelock - DEBUG - Lock 140071570781712 released on /dss/dsshome1/00/ge95xod2/.cache/huggingface/datasets/_dss_dsshome1_00_ge95xod2_.cache_huggingface_datasets_ai4bharat___indic_glue_wstp.hi_0.0.0_6dcbebd49d6b12965d433bffcd07e9a786211703.lock
2026-01-25 14:39:15,600 - filelock - DEBUG - Attempting to acquire lock 140071570643312 on /dss/dsshome1/00/ge95xod2/.cache/huggingface/datasets/ai4bharat___indic_glue/wstp.hi/0.0.0/6dcbebd49d6b12965d433bffcd07e9a786211703_builder.lock
2026-01-25 14:39:15,600 - filelock - DEBUG - Lock 140071570643312 acquired on /dss/dsshome1/00/ge95xod2/.cache/huggingface/datasets/ai4bharat___indic_glue/wstp.hi/0.0.0/6dcbebd49d6b12965d433bffcd07e9a786211703_builder.lock
2026-01-25 14:39:15,601 - fsspec.local - DEBUG - open file: /dss/dsshome1/00/ge95xod2/.cache/huggingface/datasets/ai4bharat___indic_glue/wstp.hi/0.0.0/6dcbebd49d6b12965d433bffcd07e9a786211703/dataset_info.json
2026-01-25 14:39:15,602 - filelock - DEBUG - Attempting to release lock 140071570643312 on /dss/dsshome1/00/ge95xod2/.cache/huggingface/datasets/ai4bharat___indic_glue/wstp.hi/0.0.0/6dcbebd49d6b12965d433bffcd07e9a786211703_builder.lock
2026-01-25 14:39:15,602 - filelock - DEBUG - Lock 140071570643312 released on /dss/dsshome1/00/ge95xod2/.cache/huggingface/datasets/ai4bharat___indic_glue/wstp.hi/0.0.0/6dcbebd49d6b12965d433bffcd07e9a786211703_builder.lock
2026-01-25 14:39:15,606 - src.evaluation.indicglue_evaluator - INFO - Successfully loaded Wikipedia Section Title Prediction test split with 5509 examples
2026-01-25 14:39:15,606 - src.evaluation.indicglue_evaluator - INFO -   Loaded test: 5509 examples
2026-01-25 14:39:15,606 - src.evaluation.indicglue_evaluator - INFO - Fine-tuning on Wikipedia Section Title Prediction...
2026-01-25 14:39:15,606 - src.evaluation.indicglue.fine_tuning_manager - INFO - Starting fine-tuning for Wikipedia Section Title Prediction
2026-01-25 14:39:15,606 - src.evaluation.indicglue.fine_tuning_manager - INFO - Train samples: 44069, Val samples: 5509
2026-01-25 14:39:15,607 - src.evaluation.indicglue_evaluator - INFO - Creating custom MultipleChoiceWrapper for 'Wikipedia Section Title Prediction' with 4 choices
2026-01-25 14:39:15,611 - src.evaluation.indicglue.fine_tuning_manager - INFO - Starting training loop for Wikipedia Section Title Prediction
2026-01-25 14:39:15,612 - src.evaluation.indicglue.fine_tuning_manager - INFO - Model parameters: 86,479,105 total, 86,479,105 trainable (100.0%)
2026-01-25 14:39:15,612 - src.evaluation.indicglue.fine_tuning_manager - INFO - ✓ End-to-end training mode (all parameters trainable)
2026-01-25 14:39:15,614 - src.evaluation.indicglue.fine_tuning_manager - INFO - Optimizer: AdamW with 76 params with decay, 74 without decay
2026-01-25 14:39:15,614 - src.evaluation.indicglue.fine_tuning_manager - INFO - Scheduler created: Linear schedule with 1378 warmup steps (total 13780 steps)
2026-01-25 14:39:15,614 - src.evaluation.indicglue.fine_tuning_manager - INFO - Training config: total_steps=13780, warmup_steps=1378 (10.0%)
2026-01-25 14:39:16,913 - src.evaluation.indicglue_evaluator - DEBUG - Cleared wrapped model cache for Wikipedia Section Title Prediction
2026-01-25 14:39:17,318 - src.evaluation.indicglue_evaluator - DEBUG - CUDA memory cleanup completed successfully
2026-01-25 14:39:17,319 - src.evaluation.indicglue_evaluator - ERROR - Error evaluating Wikipedia Section Title Prediction: __call__() got multiple values for argument 'return_tensors'
2026-01-25 14:39:17,722 - src.evaluation.indicglue_evaluator - DEBUG - CUDA memory cleanup completed successfully
2026-01-25 14:39:17,723 - src.evaluation.indicglue_evaluator - INFO - 
Evaluating Cloze-style multiple-choice QA...
2026-01-25 14:39:17,723 - src.evaluation.indicglue_evaluator - INFO - Fine-tuning mode enabled for Cloze-style multiple-choice QA
2026-01-25 14:39:17,723 - src.evaluation.indicglue_evaluator - INFO - Creating custom splits for Cloze-style multiple-choice QA
2026-01-25 14:39:17,723 - src.evaluation.indicglue_evaluator - INFO -   Reason: Dataset only has test split (35,140 examples); custom splits required for fine-tuning
2026-01-25 14:39:17,723 - src.evaluation.indicglue_evaluator - INFO - Creating custom splits for Cloze-style multiple-choice QA...
2026-01-25 14:39:17,723 - src.evaluation.indicglue_evaluator - INFO - Using task-specific split ratios for Cloze-style multiple-choice QA
2026-01-25 14:39:17,723 - src.evaluation.indicglue_evaluator - INFO -   Train: 80.0%, Val: 10.0%, Test: 10.0%, Seed: 42
2026-01-25 14:39:17,723 - src.evaluation.indicglue_evaluator - INFO - Loading complete dataset for Cloze-style multiple-choice QA (all available splits)...
2026-01-25 14:39:17,723 - src.evaluation.indicglue_evaluator - INFO - Attempting to load Cloze-style multiple-choice QA from ai4bharat/indic_glue with config 'csqa.hi' (split=train)
2026-01-25 14:39:18,851 - filelock - DEBUG - Attempting to acquire lock 140071568799200 on /dss/dsshome1/00/ge95xod2/.cache/huggingface/datasets/_dss_dsshome1_00_ge95xod2_.cache_huggingface_datasets_ai4bharat___indic_glue_csqa.hi_0.0.0_6dcbebd49d6b12965d433bffcd07e9a786211703.lock
2026-01-25 14:39:18,856 - filelock - DEBUG - Lock 140071568799200 acquired on /dss/dsshome1/00/ge95xod2/.cache/huggingface/datasets/_dss_dsshome1_00_ge95xod2_.cache_huggingface_datasets_ai4bharat___indic_glue_csqa.hi_0.0.0_6dcbebd49d6b12965d433bffcd07e9a786211703.lock
2026-01-25 14:39:18,856 - fsspec.local - DEBUG - open file: /dss/dsshome1/00/ge95xod2/.cache/huggingface/datasets/ai4bharat___indic_glue/csqa.hi/0.0.0/6dcbebd49d6b12965d433bffcd07e9a786211703/dataset_info.json
2026-01-25 14:39:18,857 - filelock - DEBUG - Attempting to release lock 140071568799200 on /dss/dsshome1/00/ge95xod2/.cache/huggingface/datasets/_dss_dsshome1_00_ge95xod2_.cache_huggingface_datasets_ai4bharat___indic_glue_csqa.hi_0.0.0_6dcbebd49d6b12965d433bffcd07e9a786211703.lock
2026-01-25 14:39:19,070 - filelock - DEBUG - Lock 140071568799200 released on /dss/dsshome1/00/ge95xod2/.cache/huggingface/datasets/_dss_dsshome1_00_ge95xod2_.cache_huggingface_datasets_ai4bharat___indic_glue_csqa.hi_0.0.0_6dcbebd49d6b12965d433bffcd07e9a786211703.lock
2026-01-25 14:39:19,072 - filelock - DEBUG - Attempting to acquire lock 140071568057968 on /dss/dsshome1/00/ge95xod2/.cache/huggingface/datasets/ai4bharat___indic_glue/csqa.hi/0.0.0/6dcbebd49d6b12965d433bffcd07e9a786211703_builder.lock
2026-01-25 14:39:19,076 - filelock - DEBUG - Lock 140071568057968 acquired on /dss/dsshome1/00/ge95xod2/.cache/huggingface/datasets/ai4bharat___indic_glue/csqa.hi/0.0.0/6dcbebd49d6b12965d433bffcd07e9a786211703_builder.lock
2026-01-25 14:39:19,077 - fsspec.local - DEBUG - open file: /dss/dsshome1/00/ge95xod2/.cache/huggingface/datasets/ai4bharat___indic_glue/csqa.hi/0.0.0/6dcbebd49d6b12965d433bffcd07e9a786211703/dataset_info.json
2026-01-25 14:39:19,077 - filelock - DEBUG - Attempting to release lock 140071568057968 on /dss/dsshome1/00/ge95xod2/.cache/huggingface/datasets/ai4bharat___indic_glue/csqa.hi/0.0.0/6dcbebd49d6b12965d433bffcd07e9a786211703_builder.lock
2026-01-25 14:39:19,077 - filelock - DEBUG - Lock 140071568057968 released on /dss/dsshome1/00/ge95xod2/.cache/huggingface/datasets/ai4bharat___indic_glue/csqa.hi/0.0.0/6dcbebd49d6b12965d433bffcd07e9a786211703_builder.lock
2026-01-25 14:39:19,078 - src.evaluation.indicglue_evaluator - DEBUG - Failed to load Cloze-style multiple-choice QA train split from HuggingFace: Unknown split "train". Should be one of ['test'].
2026-01-25 14:39:19,078 - src.evaluation.indicglue_evaluator - INFO - Attempting to load Cloze-style multiple-choice QA from ai4bharat/indic_glue with config 'csqa.hi' (split=validation)
2026-01-25 14:39:20,045 - filelock - DEBUG - Attempting to acquire lock 140071568058352 on /dss/dsshome1/00/ge95xod2/.cache/huggingface/datasets/_dss_dsshome1_00_ge95xod2_.cache_huggingface_datasets_ai4bharat___indic_glue_csqa.hi_0.0.0_6dcbebd49d6b12965d433bffcd07e9a786211703.lock
2026-01-25 14:39:20,045 - filelock - DEBUG - Lock 140071568058352 acquired on /dss/dsshome1/00/ge95xod2/.cache/huggingface/datasets/_dss_dsshome1_00_ge95xod2_.cache_huggingface_datasets_ai4bharat___indic_glue_csqa.hi_0.0.0_6dcbebd49d6b12965d433bffcd07e9a786211703.lock
2026-01-25 14:39:20,046 - fsspec.local - DEBUG - open file: /dss/dsshome1/00/ge95xod2/.cache/huggingface/datasets/ai4bharat___indic_glue/csqa.hi/0.0.0/6dcbebd49d6b12965d433bffcd07e9a786211703/dataset_info.json
2026-01-25 14:39:20,046 - filelock - DEBUG - Attempting to release lock 140071568058352 on /dss/dsshome1/00/ge95xod2/.cache/huggingface/datasets/_dss_dsshome1_00_ge95xod2_.cache_huggingface_datasets_ai4bharat___indic_glue_csqa.hi_0.0.0_6dcbebd49d6b12965d433bffcd07e9a786211703.lock
2026-01-25 14:39:20,047 - filelock - DEBUG - Lock 140071568058352 released on /dss/dsshome1/00/ge95xod2/.cache/huggingface/datasets/_dss_dsshome1_00_ge95xod2_.cache_huggingface_datasets_ai4bharat___indic_glue_csqa.hi_0.0.0_6dcbebd49d6b12965d433bffcd07e9a786211703.lock
2026-01-25 14:39:20,049 - filelock - DEBUG - Attempting to acquire lock 140071567897936 on /dss/dsshome1/00/ge95xod2/.cache/huggingface/datasets/ai4bharat___indic_glue/csqa.hi/0.0.0/6dcbebd49d6b12965d433bffcd07e9a786211703_builder.lock
2026-01-25 14:39:20,049 - filelock - DEBUG - Lock 140071567897936 acquired on /dss/dsshome1/00/ge95xod2/.cache/huggingface/datasets/ai4bharat___indic_glue/csqa.hi/0.0.0/6dcbebd49d6b12965d433bffcd07e9a786211703_builder.lock
2026-01-25 14:39:20,049 - fsspec.local - DEBUG - open file: /dss/dsshome1/00/ge95xod2/.cache/huggingface/datasets/ai4bharat___indic_glue/csqa.hi/0.0.0/6dcbebd49d6b12965d433bffcd07e9a786211703/dataset_info.json
2026-01-25 14:39:20,050 - filelock - DEBUG - Attempting to release lock 140071567897936 on /dss/dsshome1/00/ge95xod2/.cache/huggingface/datasets/ai4bharat___indic_glue/csqa.hi/0.0.0/6dcbebd49d6b12965d433bffcd07e9a786211703_builder.lock
2026-01-25 14:39:20,050 - filelock - DEBUG - Lock 140071567897936 released on /dss/dsshome1/00/ge95xod2/.cache/huggingface/datasets/ai4bharat___indic_glue/csqa.hi/0.0.0/6dcbebd49d6b12965d433bffcd07e9a786211703_builder.lock
2026-01-25 14:39:20,050 - src.evaluation.indicglue_evaluator - DEBUG - Failed to load Cloze-style multiple-choice QA validation split from HuggingFace: Unknown split "validation". Should be one of ['test'].
2026-01-25 14:39:20,051 - src.evaluation.indicglue_evaluator - INFO - Attempting to load Cloze-style multiple-choice QA from ai4bharat/indic_glue with config 'csqa.hi' (split=test)
2026-01-25 14:39:21,002 - filelock - DEBUG - Attempting to acquire lock 140071569994560 on /dss/dsshome1/00/ge95xod2/.cache/huggingface/datasets/_dss_dsshome1_00_ge95xod2_.cache_huggingface_datasets_ai4bharat___indic_glue_csqa.hi_0.0.0_6dcbebd49d6b12965d433bffcd07e9a786211703.lock
2026-01-25 14:39:21,003 - filelock - DEBUG - Lock 140071569994560 acquired on /dss/dsshome1/00/ge95xod2/.cache/huggingface/datasets/_dss_dsshome1_00_ge95xod2_.cache_huggingface_datasets_ai4bharat___indic_glue_csqa.hi_0.0.0_6dcbebd49d6b12965d433bffcd07e9a786211703.lock
2026-01-25 14:39:21,003 - fsspec.local - DEBUG - open file: /dss/dsshome1/00/ge95xod2/.cache/huggingface/datasets/ai4bharat___indic_glue/csqa.hi/0.0.0/6dcbebd49d6b12965d433bffcd07e9a786211703/dataset_info.json
2026-01-25 14:39:21,004 - filelock - DEBUG - Attempting to release lock 140071569994560 on /dss/dsshome1/00/ge95xod2/.cache/huggingface/datasets/_dss_dsshome1_00_ge95xod2_.cache_huggingface_datasets_ai4bharat___indic_glue_csqa.hi_0.0.0_6dcbebd49d6b12965d433bffcd07e9a786211703.lock
2026-01-25 14:39:21,004 - filelock - DEBUG - Lock 140071569994560 released on /dss/dsshome1/00/ge95xod2/.cache/huggingface/datasets/_dss_dsshome1_00_ge95xod2_.cache_huggingface_datasets_ai4bharat___indic_glue_csqa.hi_0.0.0_6dcbebd49d6b12965d433bffcd07e9a786211703.lock
2026-01-25 14:39:21,005 - filelock - DEBUG - Attempting to acquire lock 140071571014464 on /dss/dsshome1/00/ge95xod2/.cache/huggingface/datasets/ai4bharat___indic_glue/csqa.hi/0.0.0/6dcbebd49d6b12965d433bffcd07e9a786211703_builder.lock
2026-01-25 14:39:21,005 - filelock - DEBUG - Lock 140071571014464 acquired on /dss/dsshome1/00/ge95xod2/.cache/huggingface/datasets/ai4bharat___indic_glue/csqa.hi/0.0.0/6dcbebd49d6b12965d433bffcd07e9a786211703_builder.lock
2026-01-25 14:39:21,005 - fsspec.local - DEBUG - open file: /dss/dsshome1/00/ge95xod2/.cache/huggingface/datasets/ai4bharat___indic_glue/csqa.hi/0.0.0/6dcbebd49d6b12965d433bffcd07e9a786211703/dataset_info.json
2026-01-25 14:39:21,006 - filelock - DEBUG - Attempting to release lock 140071571014464 on /dss/dsshome1/00/ge95xod2/.cache/huggingface/datasets/ai4bharat___indic_glue/csqa.hi/0.0.0/6dcbebd49d6b12965d433bffcd07e9a786211703_builder.lock
2026-01-25 14:39:21,006 - filelock - DEBUG - Lock 140071571014464 released on /dss/dsshome1/00/ge95xod2/.cache/huggingface/datasets/ai4bharat___indic_glue/csqa.hi/0.0.0/6dcbebd49d6b12965d433bffcd07e9a786211703_builder.lock
2026-01-25 14:39:21,009 - src.evaluation.indicglue_evaluator - INFO - Successfully loaded Cloze-style multiple-choice QA test split with 35140 examples
2026-01-25 14:39:21,009 - src.evaluation.indicglue_evaluator - INFO -   Loaded test: 35140 examples
2026-01-25 14:39:21,010 - src.evaluation.indicglue_evaluator - INFO -   Combined dataset: 35140 total examples from [test(35140)]
2026-01-25 14:39:21,092 - src.evaluation.indicglue_evaluator - INFO - Custom splits created for Cloze-style multiple-choice QA:
2026-01-25 14:39:21,092 - src.evaluation.indicglue_evaluator - INFO -   Train:      28112 examples (80.0%)
2026-01-25 14:39:21,092 - src.evaluation.indicglue_evaluator - INFO -   Validation:  3514 examples (10.0%)
2026-01-25 14:39:21,092 - src.evaluation.indicglue_evaluator - INFO -   Test:        3514 examples (10.0%)
2026-01-25 14:39:21,092 - src.evaluation.indicglue_evaluator - INFO -   Total:      35140 examples
2026-01-25 14:39:21,092 - src.evaluation.indicglue_evaluator - INFO - Fine-tuning on Cloze-style multiple-choice QA...
2026-01-25 14:39:21,092 - src.evaluation.indicglue.fine_tuning_manager - INFO - Starting fine-tuning for Cloze-style multiple-choice QA
2026-01-25 14:39:21,093 - src.evaluation.indicglue.fine_tuning_manager - INFO - Train samples: 28112, Val samples: 3514
2026-01-25 14:39:21,093 - src.evaluation.indicglue_evaluator - INFO - Creating custom MultipleChoiceWrapper for 'Cloze-style multiple-choice QA' with 4 choices
2026-01-25 14:39:21,096 - src.evaluation.indicglue.fine_tuning_manager - INFO - Starting training loop for Cloze-style multiple-choice QA
2026-01-25 14:39:21,096 - src.evaluation.indicglue.fine_tuning_manager - INFO - Model parameters: 86,479,105 total, 86,479,105 trainable (100.0%)
2026-01-25 14:39:21,097 - src.evaluation.indicglue.fine_tuning_manager - INFO - ✓ End-to-end training mode (all parameters trainable)
2026-01-25 14:39:21,097 - src.evaluation.indicglue.fine_tuning_manager - INFO - Optimizer: AdamW with 76 params with decay, 74 without decay
2026-01-25 14:39:21,098 - src.evaluation.indicglue.fine_tuning_manager - INFO - Scheduler created: Linear schedule with 879 warmup steps (total 8790 steps)
2026-01-25 14:39:21,098 - src.evaluation.indicglue.fine_tuning_manager - INFO - Training config: total_steps=8790, warmup_steps=879 (10.0%)
2026-01-25 14:39:21,657 - src.evaluation.indicglue_evaluator - DEBUG - Cleared wrapped model cache for Cloze-style multiple-choice QA
2026-01-25 14:39:22,076 - src.evaluation.indicglue_evaluator - DEBUG - CUDA memory cleanup completed successfully
2026-01-25 14:39:22,076 - src.evaluation.indicglue_evaluator - ERROR - Error evaluating Cloze-style multiple-choice QA: __call__() got multiple values for argument 'return_tensors'
2026-01-25 14:39:22,508 - src.evaluation.indicglue_evaluator - DEBUG - CUDA memory cleanup completed successfully
2026-01-25 14:39:22,509 - src.evaluation.indicglue_evaluator - INFO - 
Evaluating WinogradNLI...
2026-01-25 14:39:22,509 - src.evaluation.indicglue_evaluator - WARNING - Skipping WinogradNLI: WNLI contains only entailment class for train and validation sets while the test set contains None
2026-01-25 14:39:22,509 - src.evaluation.indicglue_evaluator - DEBUG - Cleared wrapped model cache for WinogradNLI
2026-01-25 14:39:22,918 - src.evaluation.indicglue_evaluator - DEBUG - CUDA memory cleanup completed successfully
2026-01-25 14:39:22,918 - src.evaluation.indicglue_evaluator - INFO - WinogradNLI Results:
2026-01-25 14:39:23,319 - src.evaluation.indicglue_evaluator - DEBUG - CUDA memory cleanup completed successfully
2026-01-25 14:39:23,319 - src.evaluation.indicglue_evaluator - INFO - 
Evaluating Choice of Plausible Alternatives...
2026-01-25 14:39:23,319 - src.evaluation.indicglue_evaluator - INFO - Fine-tuning mode enabled for Choice of Plausible Alternatives
2026-01-25 14:39:23,319 - src.evaluation.indicglue_evaluator - INFO - Using original HuggingFace splits for Choice of Plausible Alternatives
2026-01-25 14:39:23,319 - src.evaluation.indicglue_evaluator - INFO - Attempting to load Choice of Plausible Alternatives from ai4bharat/indic_glue with config 'copa.hi' (split=train)
2026-01-25 14:39:24,474 - filelock - DEBUG - Attempting to acquire lock 140071570166832 on /dss/dsshome1/00/ge95xod2/.cache/huggingface/datasets/_dss_dsshome1_00_ge95xod2_.cache_huggingface_datasets_ai4bharat___indic_glue_copa.hi_0.0.0_6dcbebd49d6b12965d433bffcd07e9a786211703.lock
2026-01-25 14:39:24,474 - filelock - DEBUG - Lock 140071570166832 acquired on /dss/dsshome1/00/ge95xod2/.cache/huggingface/datasets/_dss_dsshome1_00_ge95xod2_.cache_huggingface_datasets_ai4bharat___indic_glue_copa.hi_0.0.0_6dcbebd49d6b12965d433bffcd07e9a786211703.lock
2026-01-25 14:39:24,475 - fsspec.local - DEBUG - open file: /dss/dsshome1/00/ge95xod2/.cache/huggingface/datasets/ai4bharat___indic_glue/copa.hi/0.0.0/6dcbebd49d6b12965d433bffcd07e9a786211703/dataset_info.json
2026-01-25 14:39:24,476 - filelock - DEBUG - Attempting to release lock 140071570166832 on /dss/dsshome1/00/ge95xod2/.cache/huggingface/datasets/_dss_dsshome1_00_ge95xod2_.cache_huggingface_datasets_ai4bharat___indic_glue_copa.hi_0.0.0_6dcbebd49d6b12965d433bffcd07e9a786211703.lock
2026-01-25 14:39:24,476 - filelock - DEBUG - Lock 140071570166832 released on /dss/dsshome1/00/ge95xod2/.cache/huggingface/datasets/_dss_dsshome1_00_ge95xod2_.cache_huggingface_datasets_ai4bharat___indic_glue_copa.hi_0.0.0_6dcbebd49d6b12965d433bffcd07e9a786211703.lock
2026-01-25 14:39:24,478 - filelock - DEBUG - Attempting to acquire lock 140071571140960 on /dss/dsshome1/00/ge95xod2/.cache/huggingface/datasets/ai4bharat___indic_glue/copa.hi/0.0.0/6dcbebd49d6b12965d433bffcd07e9a786211703_builder.lock
2026-01-25 14:39:24,479 - filelock - DEBUG - Lock 140071571140960 acquired on /dss/dsshome1/00/ge95xod2/.cache/huggingface/datasets/ai4bharat___indic_glue/copa.hi/0.0.0/6dcbebd49d6b12965d433bffcd07e9a786211703_builder.lock
2026-01-25 14:39:24,479 - fsspec.local - DEBUG - open file: /dss/dsshome1/00/ge95xod2/.cache/huggingface/datasets/ai4bharat___indic_glue/copa.hi/0.0.0/6dcbebd49d6b12965d433bffcd07e9a786211703/dataset_info.json
2026-01-25 14:39:24,479 - filelock - DEBUG - Attempting to release lock 140071571140960 on /dss/dsshome1/00/ge95xod2/.cache/huggingface/datasets/ai4bharat___indic_glue/copa.hi/0.0.0/6dcbebd49d6b12965d433bffcd07e9a786211703_builder.lock
2026-01-25 14:39:24,479 - filelock - DEBUG - Lock 140071571140960 released on /dss/dsshome1/00/ge95xod2/.cache/huggingface/datasets/ai4bharat___indic_glue/copa.hi/0.0.0/6dcbebd49d6b12965d433bffcd07e9a786211703_builder.lock
2026-01-25 14:39:24,483 - src.evaluation.indicglue_evaluator - INFO - Successfully loaded Choice of Plausible Alternatives train split with 362 examples
2026-01-25 14:39:24,483 - src.evaluation.indicglue_evaluator - INFO -   Loaded train: 362 examples
2026-01-25 14:39:24,483 - src.evaluation.indicglue_evaluator - INFO - Choice of Plausible Alternatives: Remapping split 'validation' → 'test' (working around corrupted dataset)
2026-01-25 14:39:24,484 - src.evaluation.indicglue_evaluator - INFO - Attempting to load Choice of Plausible Alternatives from ai4bharat/indic_glue with config 'copa.hi' (split=test)
2026-01-25 14:39:25,430 - filelock - DEBUG - Attempting to acquire lock 140071574504016 on /dss/dsshome1/00/ge95xod2/.cache/huggingface/datasets/_dss_dsshome1_00_ge95xod2_.cache_huggingface_datasets_ai4bharat___indic_glue_copa.hi_0.0.0_6dcbebd49d6b12965d433bffcd07e9a786211703.lock
2026-01-25 14:39:25,431 - filelock - DEBUG - Lock 140071574504016 acquired on /dss/dsshome1/00/ge95xod2/.cache/huggingface/datasets/_dss_dsshome1_00_ge95xod2_.cache_huggingface_datasets_ai4bharat___indic_glue_copa.hi_0.0.0_6dcbebd49d6b12965d433bffcd07e9a786211703.lock
2026-01-25 14:39:25,431 - fsspec.local - DEBUG - open file: /dss/dsshome1/00/ge95xod2/.cache/huggingface/datasets/ai4bharat___indic_glue/copa.hi/0.0.0/6dcbebd49d6b12965d433bffcd07e9a786211703/dataset_info.json
2026-01-25 14:39:25,432 - filelock - DEBUG - Attempting to release lock 140071574504016 on /dss/dsshome1/00/ge95xod2/.cache/huggingface/datasets/_dss_dsshome1_00_ge95xod2_.cache_huggingface_datasets_ai4bharat___indic_glue_copa.hi_0.0.0_6dcbebd49d6b12965d433bffcd07e9a786211703.lock
2026-01-25 14:39:25,433 - filelock - DEBUG - Lock 140071574504016 released on /dss/dsshome1/00/ge95xod2/.cache/huggingface/datasets/_dss_dsshome1_00_ge95xod2_.cache_huggingface_datasets_ai4bharat___indic_glue_copa.hi_0.0.0_6dcbebd49d6b12965d433bffcd07e9a786211703.lock
2026-01-25 14:39:25,435 - filelock - DEBUG - Attempting to acquire lock 140071574647904 on /dss/dsshome1/00/ge95xod2/.cache/huggingface/datasets/ai4bharat___indic_glue/copa.hi/0.0.0/6dcbebd49d6b12965d433bffcd07e9a786211703_builder.lock
2026-01-25 14:39:25,435 - filelock - DEBUG - Lock 140071574647904 acquired on /dss/dsshome1/00/ge95xod2/.cache/huggingface/datasets/ai4bharat___indic_glue/copa.hi/0.0.0/6dcbebd49d6b12965d433bffcd07e9a786211703_builder.lock
2026-01-25 14:39:25,435 - fsspec.local - DEBUG - open file: /dss/dsshome1/00/ge95xod2/.cache/huggingface/datasets/ai4bharat___indic_glue/copa.hi/0.0.0/6dcbebd49d6b12965d433bffcd07e9a786211703/dataset_info.json
2026-01-25 14:39:25,436 - filelock - DEBUG - Attempting to release lock 140071574647904 on /dss/dsshome1/00/ge95xod2/.cache/huggingface/datasets/ai4bharat___indic_glue/copa.hi/0.0.0/6dcbebd49d6b12965d433bffcd07e9a786211703_builder.lock
2026-01-25 14:39:25,436 - filelock - DEBUG - Lock 140071574647904 released on /dss/dsshome1/00/ge95xod2/.cache/huggingface/datasets/ai4bharat___indic_glue/copa.hi/0.0.0/6dcbebd49d6b12965d433bffcd07e9a786211703_builder.lock
2026-01-25 14:39:25,439 - src.evaluation.indicglue_evaluator - INFO - Successfully loaded Choice of Plausible Alternatives test split with 449 examples
2026-01-25 14:39:25,439 - src.evaluation.indicglue_evaluator - INFO -   Loaded validation: 449 examples
2026-01-25 14:39:25,440 - src.evaluation.indicglue_evaluator - INFO - Choice of Plausible Alternatives: Remapping split 'test' → 'validation' (working around corrupted dataset)
2026-01-25 14:39:25,440 - src.evaluation.indicglue_evaluator - INFO - Attempting to load Choice of Plausible Alternatives from ai4bharat/indic_glue with config 'copa.hi' (split=validation)
2026-01-25 14:39:26,384 - filelock - DEBUG - Attempting to acquire lock 140071574569696 on /dss/dsshome1/00/ge95xod2/.cache/huggingface/datasets/_dss_dsshome1_00_ge95xod2_.cache_huggingface_datasets_ai4bharat___indic_glue_copa.hi_0.0.0_6dcbebd49d6b12965d433bffcd07e9a786211703.lock
2026-01-25 14:39:26,384 - filelock - DEBUG - Lock 140071574569696 acquired on /dss/dsshome1/00/ge95xod2/.cache/huggingface/datasets/_dss_dsshome1_00_ge95xod2_.cache_huggingface_datasets_ai4bharat___indic_glue_copa.hi_0.0.0_6dcbebd49d6b12965d433bffcd07e9a786211703.lock
2026-01-25 14:39:26,385 - fsspec.local - DEBUG - open file: /dss/dsshome1/00/ge95xod2/.cache/huggingface/datasets/ai4bharat___indic_glue/copa.hi/0.0.0/6dcbebd49d6b12965d433bffcd07e9a786211703/dataset_info.json
2026-01-25 14:39:26,385 - filelock - DEBUG - Attempting to release lock 140071574569696 on /dss/dsshome1/00/ge95xod2/.cache/huggingface/datasets/_dss_dsshome1_00_ge95xod2_.cache_huggingface_datasets_ai4bharat___indic_glue_copa.hi_0.0.0_6dcbebd49d6b12965d433bffcd07e9a786211703.lock
2026-01-25 14:39:26,386 - filelock - DEBUG - Lock 140071574569696 released on /dss/dsshome1/00/ge95xod2/.cache/huggingface/datasets/_dss_dsshome1_00_ge95xod2_.cache_huggingface_datasets_ai4bharat___indic_glue_copa.hi_0.0.0_6dcbebd49d6b12965d433bffcd07e9a786211703.lock
2026-01-25 14:39:26,388 - filelock - DEBUG - Attempting to acquire lock 140071572443632 on /dss/dsshome1/00/ge95xod2/.cache/huggingface/datasets/ai4bharat___indic_glue/copa.hi/0.0.0/6dcbebd49d6b12965d433bffcd07e9a786211703_builder.lock
2026-01-25 14:39:26,388 - filelock - DEBUG - Lock 140071572443632 acquired on /dss/dsshome1/00/ge95xod2/.cache/huggingface/datasets/ai4bharat___indic_glue/copa.hi/0.0.0/6dcbebd49d6b12965d433bffcd07e9a786211703_builder.lock
2026-01-25 14:39:26,389 - fsspec.local - DEBUG - open file: /dss/dsshome1/00/ge95xod2/.cache/huggingface/datasets/ai4bharat___indic_glue/copa.hi/0.0.0/6dcbebd49d6b12965d433bffcd07e9a786211703/dataset_info.json
2026-01-25 14:39:26,389 - filelock - DEBUG - Attempting to release lock 140071572443632 on /dss/dsshome1/00/ge95xod2/.cache/huggingface/datasets/ai4bharat___indic_glue/copa.hi/0.0.0/6dcbebd49d6b12965d433bffcd07e9a786211703_builder.lock
2026-01-25 14:39:26,390 - filelock - DEBUG - Lock 140071572443632 released on /dss/dsshome1/00/ge95xod2/.cache/huggingface/datasets/ai4bharat___indic_glue/copa.hi/0.0.0/6dcbebd49d6b12965d433bffcd07e9a786211703_builder.lock
2026-01-25 14:39:26,393 - src.evaluation.indicglue_evaluator - INFO - Successfully loaded Choice of Plausible Alternatives validation split with 88 examples
2026-01-25 14:39:26,394 - src.evaluation.indicglue_evaluator - INFO -   Loaded test: 88 examples
2026-01-25 14:39:26,394 - src.evaluation.indicglue_evaluator - INFO - Fine-tuning on Choice of Plausible Alternatives...
2026-01-25 14:39:26,394 - src.evaluation.indicglue.fine_tuning_manager - INFO - Starting fine-tuning for Choice of Plausible Alternatives
2026-01-25 14:39:26,394 - src.evaluation.indicglue.fine_tuning_manager - INFO - Train samples: 362, Val samples: 449
2026-01-25 14:39:26,395 - src.evaluation.indicglue_evaluator - INFO - Creating custom MultipleChoiceWrapper for 'Choice of Plausible Alternatives' with 2 choices
2026-01-25 14:39:26,399 - src.evaluation.indicglue.fine_tuning_manager - INFO - Starting training loop for Choice of Plausible Alternatives
2026-01-25 14:39:26,400 - src.evaluation.indicglue.fine_tuning_manager - INFO - Model parameters: 86,479,105 total, 86,479,105 trainable (100.0%)
2026-01-25 14:39:26,400 - src.evaluation.indicglue.fine_tuning_manager - INFO - ✓ End-to-end training mode (all parameters trainable)
2026-01-25 14:39:26,402 - src.evaluation.indicglue.fine_tuning_manager - INFO - Optimizer: AdamW with 76 params with decay, 74 without decay
2026-01-25 14:39:26,402 - src.evaluation.indicglue.fine_tuning_manager - INFO - Scheduler created: Linear schedule with 12 warmup steps (total 120 steps)
2026-01-25 14:39:26,402 - src.evaluation.indicglue.fine_tuning_manager - INFO - Training config: total_steps=120, warmup_steps=12 (10.0%)
2026-01-25 14:39:26,405 - src.evaluation.indicglue_evaluator - DEBUG - Cleared wrapped model cache for Choice of Plausible Alternatives
2026-01-25 14:39:26,814 - src.evaluation.indicglue_evaluator - DEBUG - CUDA memory cleanup completed successfully
2026-01-25 14:39:26,815 - src.evaluation.indicglue_evaluator - ERROR - Error evaluating Choice of Plausible Alternatives: __call__() got multiple values for argument 'return_tensors'
2026-01-25 14:39:27,220 - src.evaluation.indicglue_evaluator - DEBUG - CUDA memory cleanup completed successfully
2026-01-25 14:39:27,220 - src.evaluation.indicglue_evaluator - INFO - 
Evaluating MovieReviewSentiment...
2026-01-25 14:39:27,220 - src.evaluation.indicglue_evaluator - INFO - Fine-tuning mode enabled for MovieReviewSentiment
2026-01-25 14:39:27,220 - src.evaluation.indicglue_evaluator - INFO - Using original HuggingFace splits for MovieReviewSentiment
2026-01-25 14:39:27,220 - src.evaluation.indicglue_evaluator - INFO - Attempting to load MovieReviewSentiment from ai4bharat/indic_glue with config 'iitp-mr.hi' (split=train)
2026-01-25 14:39:28,673 - filelock - DEBUG - Attempting to acquire lock 140071574753536 on /dss/dsshome1/00/ge95xod2/.cache/huggingface/datasets/_dss_dsshome1_00_ge95xod2_.cache_huggingface_datasets_ai4bharat___indic_glue_iitp-mr.hi_0.0.0_6dcbebd49d6b12965d433bffcd07e9a786211703.lock
2026-01-25 14:39:28,673 - filelock - DEBUG - Lock 140071574753536 acquired on /dss/dsshome1/00/ge95xod2/.cache/huggingface/datasets/_dss_dsshome1_00_ge95xod2_.cache_huggingface_datasets_ai4bharat___indic_glue_iitp-mr.hi_0.0.0_6dcbebd49d6b12965d433bffcd07e9a786211703.lock
2026-01-25 14:39:28,674 - fsspec.local - DEBUG - open file: /dss/dsshome1/00/ge95xod2/.cache/huggingface/datasets/ai4bharat___indic_glue/iitp-mr.hi/0.0.0/6dcbebd49d6b12965d433bffcd07e9a786211703/dataset_info.json
2026-01-25 14:39:28,675 - filelock - DEBUG - Attempting to release lock 140071574753536 on /dss/dsshome1/00/ge95xod2/.cache/huggingface/datasets/_dss_dsshome1_00_ge95xod2_.cache_huggingface_datasets_ai4bharat___indic_glue_iitp-mr.hi_0.0.0_6dcbebd49d6b12965d433bffcd07e9a786211703.lock
2026-01-25 14:39:28,675 - filelock - DEBUG - Lock 140071574753536 released on /dss/dsshome1/00/ge95xod2/.cache/huggingface/datasets/_dss_dsshome1_00_ge95xod2_.cache_huggingface_datasets_ai4bharat___indic_glue_iitp-mr.hi_0.0.0_6dcbebd49d6b12965d433bffcd07e9a786211703.lock
2026-01-25 14:39:28,678 - filelock - DEBUG - Attempting to acquire lock 140071570170592 on /dss/dsshome1/00/ge95xod2/.cache/huggingface/datasets/ai4bharat___indic_glue/iitp-mr.hi/0.0.0/6dcbebd49d6b12965d433bffcd07e9a786211703_builder.lock
2026-01-25 14:39:28,678 - filelock - DEBUG - Lock 140071570170592 acquired on /dss/dsshome1/00/ge95xod2/.cache/huggingface/datasets/ai4bharat___indic_glue/iitp-mr.hi/0.0.0/6dcbebd49d6b12965d433bffcd07e9a786211703_builder.lock
2026-01-25 14:39:28,678 - fsspec.local - DEBUG - open file: /dss/dsshome1/00/ge95xod2/.cache/huggingface/datasets/ai4bharat___indic_glue/iitp-mr.hi/0.0.0/6dcbebd49d6b12965d433bffcd07e9a786211703/dataset_info.json
2026-01-25 14:39:28,679 - filelock - DEBUG - Attempting to release lock 140071570170592 on /dss/dsshome1/00/ge95xod2/.cache/huggingface/datasets/ai4bharat___indic_glue/iitp-mr.hi/0.0.0/6dcbebd49d6b12965d433bffcd07e9a786211703_builder.lock
2026-01-25 14:39:28,679 - filelock - DEBUG - Lock 140071570170592 released on /dss/dsshome1/00/ge95xod2/.cache/huggingface/datasets/ai4bharat___indic_glue/iitp-mr.hi/0.0.0/6dcbebd49d6b12965d433bffcd07e9a786211703_builder.lock
2026-01-25 14:39:28,682 - src.evaluation.indicglue_evaluator - INFO - Successfully loaded MovieReviewSentiment train split with 2480 examples
2026-01-25 14:39:28,682 - src.evaluation.indicglue_evaluator - INFO -   Loaded train: 2480 examples
2026-01-25 14:39:28,682 - src.evaluation.indicglue_evaluator - INFO - Attempting to load MovieReviewSentiment from ai4bharat/indic_glue with config 'iitp-mr.hi' (split=validation)
2026-01-25 14:39:29,627 - filelock - DEBUG - Attempting to acquire lock 140071567888592 on /dss/dsshome1/00/ge95xod2/.cache/huggingface/datasets/_dss_dsshome1_00_ge95xod2_.cache_huggingface_datasets_ai4bharat___indic_glue_iitp-mr.hi_0.0.0_6dcbebd49d6b12965d433bffcd07e9a786211703.lock
2026-01-25 14:39:29,628 - filelock - DEBUG - Lock 140071567888592 acquired on /dss/dsshome1/00/ge95xod2/.cache/huggingface/datasets/_dss_dsshome1_00_ge95xod2_.cache_huggingface_datasets_ai4bharat___indic_glue_iitp-mr.hi_0.0.0_6dcbebd49d6b12965d433bffcd07e9a786211703.lock
2026-01-25 14:39:29,628 - fsspec.local - DEBUG - open file: /dss/dsshome1/00/ge95xod2/.cache/huggingface/datasets/ai4bharat___indic_glue/iitp-mr.hi/0.0.0/6dcbebd49d6b12965d433bffcd07e9a786211703/dataset_info.json
2026-01-25 14:39:29,629 - filelock - DEBUG - Attempting to release lock 140071567888592 on /dss/dsshome1/00/ge95xod2/.cache/huggingface/datasets/_dss_dsshome1_00_ge95xod2_.cache_huggingface_datasets_ai4bharat___indic_glue_iitp-mr.hi_0.0.0_6dcbebd49d6b12965d433bffcd07e9a786211703.lock
2026-01-25 14:39:29,629 - filelock - DEBUG - Lock 140071567888592 released on /dss/dsshome1/00/ge95xod2/.cache/huggingface/datasets/_dss_dsshome1_00_ge95xod2_.cache_huggingface_datasets_ai4bharat___indic_glue_iitp-mr.hi_0.0.0_6dcbebd49d6b12965d433bffcd07e9a786211703.lock
2026-01-25 14:39:29,630 - filelock - DEBUG - Attempting to acquire lock 140071570616528 on /dss/dsshome1/00/ge95xod2/.cache/huggingface/datasets/ai4bharat___indic_glue/iitp-mr.hi/0.0.0/6dcbebd49d6b12965d433bffcd07e9a786211703_builder.lock
2026-01-25 14:39:29,631 - filelock - DEBUG - Lock 140071570616528 acquired on /dss/dsshome1/00/ge95xod2/.cache/huggingface/datasets/ai4bharat___indic_glue/iitp-mr.hi/0.0.0/6dcbebd49d6b12965d433bffcd07e9a786211703_builder.lock
2026-01-25 14:39:29,631 - fsspec.local - DEBUG - open file: /dss/dsshome1/00/ge95xod2/.cache/huggingface/datasets/ai4bharat___indic_glue/iitp-mr.hi/0.0.0/6dcbebd49d6b12965d433bffcd07e9a786211703/dataset_info.json
2026-01-25 14:39:29,631 - filelock - DEBUG - Attempting to release lock 140071570616528 on /dss/dsshome1/00/ge95xod2/.cache/huggingface/datasets/ai4bharat___indic_glue/iitp-mr.hi/0.0.0/6dcbebd49d6b12965d433bffcd07e9a786211703_builder.lock
2026-01-25 14:39:29,632 - filelock - DEBUG - Lock 140071570616528 released on /dss/dsshome1/00/ge95xod2/.cache/huggingface/datasets/ai4bharat___indic_glue/iitp-mr.hi/0.0.0/6dcbebd49d6b12965d433bffcd07e9a786211703_builder.lock
2026-01-25 14:39:29,634 - src.evaluation.indicglue_evaluator - INFO - Successfully loaded MovieReviewSentiment validation split with 310 examples
2026-01-25 14:39:29,634 - src.evaluation.indicglue_evaluator - INFO -   Loaded validation: 310 examples
2026-01-25 14:39:29,634 - src.evaluation.indicglue_evaluator - INFO - Attempting to load MovieReviewSentiment from ai4bharat/indic_glue with config 'iitp-mr.hi' (split=test)
2026-01-25 14:39:30,583 - filelock - DEBUG - Attempting to acquire lock 140071313134064 on /dss/dsshome1/00/ge95xod2/.cache/huggingface/datasets/_dss_dsshome1_00_ge95xod2_.cache_huggingface_datasets_ai4bharat___indic_glue_iitp-mr.hi_0.0.0_6dcbebd49d6b12965d433bffcd07e9a786211703.lock
2026-01-25 14:39:30,584 - filelock - DEBUG - Lock 140071313134064 acquired on /dss/dsshome1/00/ge95xod2/.cache/huggingface/datasets/_dss_dsshome1_00_ge95xod2_.cache_huggingface_datasets_ai4bharat___indic_glue_iitp-mr.hi_0.0.0_6dcbebd49d6b12965d433bffcd07e9a786211703.lock
2026-01-25 14:39:30,584 - fsspec.local - DEBUG - open file: /dss/dsshome1/00/ge95xod2/.cache/huggingface/datasets/ai4bharat___indic_glue/iitp-mr.hi/0.0.0/6dcbebd49d6b12965d433bffcd07e9a786211703/dataset_info.json
2026-01-25 14:39:30,585 - filelock - DEBUG - Attempting to release lock 140071313134064 on /dss/dsshome1/00/ge95xod2/.cache/huggingface/datasets/_dss_dsshome1_00_ge95xod2_.cache_huggingface_datasets_ai4bharat___indic_glue_iitp-mr.hi_0.0.0_6dcbebd49d6b12965d433bffcd07e9a786211703.lock
2026-01-25 14:39:30,585 - filelock - DEBUG - Lock 140071313134064 released on /dss/dsshome1/00/ge95xod2/.cache/huggingface/datasets/_dss_dsshome1_00_ge95xod2_.cache_huggingface_datasets_ai4bharat___indic_glue_iitp-mr.hi_0.0.0_6dcbebd49d6b12965d433bffcd07e9a786211703.lock
2026-01-25 14:39:30,587 - filelock - DEBUG - Attempting to acquire lock 140071568875824 on /dss/dsshome1/00/ge95xod2/.cache/huggingface/datasets/ai4bharat___indic_glue/iitp-mr.hi/0.0.0/6dcbebd49d6b12965d433bffcd07e9a786211703_builder.lock
2026-01-25 14:39:30,588 - filelock - DEBUG - Lock 140071568875824 acquired on /dss/dsshome1/00/ge95xod2/.cache/huggingface/datasets/ai4bharat___indic_glue/iitp-mr.hi/0.0.0/6dcbebd49d6b12965d433bffcd07e9a786211703_builder.lock
2026-01-25 14:39:30,588 - fsspec.local - DEBUG - open file: /dss/dsshome1/00/ge95xod2/.cache/huggingface/datasets/ai4bharat___indic_glue/iitp-mr.hi/0.0.0/6dcbebd49d6b12965d433bffcd07e9a786211703/dataset_info.json
2026-01-25 14:39:30,588 - filelock - DEBUG - Attempting to release lock 140071568875824 on /dss/dsshome1/00/ge95xod2/.cache/huggingface/datasets/ai4bharat___indic_glue/iitp-mr.hi/0.0.0/6dcbebd49d6b12965d433bffcd07e9a786211703_builder.lock
2026-01-25 14:39:30,588 - filelock - DEBUG - Lock 140071568875824 released on /dss/dsshome1/00/ge95xod2/.cache/huggingface/datasets/ai4bharat___indic_glue/iitp-mr.hi/0.0.0/6dcbebd49d6b12965d433bffcd07e9a786211703_builder.lock
2026-01-25 14:39:30,591 - src.evaluation.indicglue_evaluator - INFO - Successfully loaded MovieReviewSentiment test split with 310 examples
2026-01-25 14:39:30,592 - src.evaluation.indicglue_evaluator - INFO -   Loaded test: 310 examples
2026-01-25 14:39:30,592 - src.evaluation.indicglue_evaluator - INFO - Fine-tuning on MovieReviewSentiment...
2026-01-25 14:39:30,592 - src.evaluation.indicglue.fine_tuning_manager - INFO - Starting fine-tuning for MovieReviewSentiment
2026-01-25 14:39:30,592 - src.evaluation.indicglue.fine_tuning_manager - INFO - Train samples: 2480, Val samples: 310
2026-01-25 14:39:30,592 - src.evaluation.indicglue_evaluator - INFO - Wrapping model for task 'MovieReviewSentiment' with 3 classes
2026-01-25 14:39:30,595 - src.evaluation.indicglue.fine_tuning_manager - INFO - Starting training loop for MovieReviewSentiment
2026-01-25 14:39:30,597 - src.evaluation.indicglue.fine_tuning_manager - INFO - Model parameters: 86,480,643 total, 86,480,643 trainable (100.0%)
2026-01-25 14:39:30,597 - src.evaluation.indicglue.fine_tuning_manager - INFO - ✓ End-to-end training mode (all parameters trainable)
2026-01-25 14:39:30,599 - src.evaluation.indicglue.fine_tuning_manager - INFO - Optimizer: AdamW with 76 params with decay, 74 without decay
2026-01-25 14:39:30,599 - src.evaluation.indicglue.fine_tuning_manager - INFO - Scheduler created: Linear schedule with 78 warmup steps (total 780 steps)
2026-01-25 14:39:30,599 - src.evaluation.indicglue.fine_tuning_manager - INFO - Training config: total_steps=780, warmup_steps=78 (10.0%)
2026-01-25 14:39:47,560 - src.evaluation.indicglue.fine_tuning_manager - INFO - Epoch 1/10: train_loss=1.1335, val_acc=0.3710, val_loss=1.1797
2026-01-25 14:39:47,620 - src.evaluation.indicglue.fine_tuning_manager - INFO -   → New best validation accuracy: 0.3710 (improvement: 0.3710)
2026-01-25 14:40:04,508 - src.evaluation.indicglue.fine_tuning_manager - INFO - Epoch 2/10: train_loss=1.1446, val_acc=0.3645, val_loss=1.1797
2026-01-25 14:40:04,524 - src.evaluation.indicglue.fine_tuning_manager - INFO -   → No improvement (patience: 1/3)
2026-01-25 14:40:21,446 - src.evaluation.indicglue.fine_tuning_manager - INFO - Epoch 3/10: train_loss=1.1419, val_acc=0.3677, val_loss=1.1781
2026-01-25 14:40:21,446 - src.evaluation.indicglue.fine_tuning_manager - INFO -   → No improvement (patience: 2/3)
2026-01-25 14:40:38,328 - src.evaluation.indicglue.fine_tuning_manager - INFO - Epoch 4/10: train_loss=1.1315, val_acc=0.3677, val_loss=1.1766
2026-01-25 14:40:38,329 - src.evaluation.indicglue.fine_tuning_manager - INFO -   → No improvement (patience: 3/3)
2026-01-25 14:40:38,329 - src.evaluation.indicglue.fine_tuning_manager - INFO - Early stopping triggered at epoch 4
2026-01-25 14:40:38,404 - src.evaluation.indicglue.fine_tuning_manager - INFO - Restored best model from epoch 1 with val_acc=0.3710
2026-01-25 14:40:38,991 - src.evaluation.indicglue.fine_tuning_manager - DEBUG - CUDA memory cleanup completed successfully
2026-01-25 14:40:38,991 - src.evaluation.indicglue.fine_tuning_manager - DEBUG - Cleaned up optimizer, scheduler, and GPU memory after fine-tuning
2026-01-25 14:40:38,992 - src.evaluation.indicglue_evaluator - INFO - Evaluation mode switched to: fine-tuned (will use classification heads for all tasks)
2026-01-25 14:40:38,992 - src.evaluation.indicglue_evaluator - INFO - Evaluating fine-tuned model on test set...
2026-01-25 14:40:38,992 - src.evaluation.indicglue_evaluator - INFO - Evaluating on 310 examples
2026-01-25 14:40:38,992 - src.evaluation.indicglue_evaluator - INFO - [ROUTING] MovieReviewSentiment: Classification/NLI task → Using classification head
2026-01-25 14:40:38,992 - src.evaluation.evaluation_cache - DEBUG - Generated cache key: 83b590a210db041c68611048a602e707ff188eb9f99c6853eff3697f70d77d1e
2026-01-25 14:40:39,001 - src.evaluation.evaluation_cache - INFO - Cache hit: 83b590a210db041c68611048a602e707ff188eb9f99c6853eff3697f70d77d1e
2026-01-25 14:40:39,001 - src.evaluation.evaluation_cache - INFO -   Created: 2026-01-10T07:27:42.857080
2026-01-25 14:40:39,001 - src.evaluation.evaluation_cache - INFO -   Samples: 2
2026-01-25 14:40:39,001 - src.evaluation.indicglue_evaluator - INFO - Using cached predictions for MovieReviewSentiment
2026-01-25 14:40:39,001 - src.evaluation.indicglue_evaluator - DEBUG - Cleared wrapped model cache for MovieReviewSentiment
2026-01-25 14:40:39,395 - src.evaluation.indicglue_evaluator - DEBUG - CUDA memory cleanup completed successfully
2026-01-25 14:40:39,396 - src.evaluation.indicglue_evaluator - INFO - MovieReviewSentiment Results:
2026-01-25 14:40:39,396 - src.evaluation.indicglue_evaluator - INFO -   num_examples: 310.0000
2026-01-25 14:40:39,396 - src.evaluation.indicglue_evaluator - INFO -   accuracy: 0.3452
2026-01-25 14:40:39,396 - src.evaluation.indicglue_evaluator - INFO -   f1_macro: 0.2786
2026-01-25 14:40:39,396 - src.evaluation.indicglue_evaluator - INFO -   f1_weighted: 0.2874
2026-01-25 14:40:39,396 - src.evaluation.indicglue_evaluator - INFO -   precision_macro: 0.4007
2026-01-25 14:40:39,397 - src.evaluation.indicglue_evaluator - INFO -   recall_macro: 0.3426
2026-01-25 14:40:39,397 - src.evaluation.indicglue_evaluator - INFO -   fine_tuned: 1.0000
2026-01-25 14:40:39,397 - src.evaluation.indicglue_evaluator - INFO -   fine_tuning_time_seconds: 68.3999
2026-01-25 14:40:39,784 - src.evaluation.indicglue_evaluator - DEBUG - CUDA memory cleanup completed successfully
2026-01-25 14:40:39,784 - src.evaluation.indicglue_evaluator - INFO - 
Evaluating ProductReviewSentiment...
2026-01-25 14:40:39,784 - src.evaluation.indicglue_evaluator - INFO - Fine-tuning mode enabled for ProductReviewSentiment
2026-01-25 14:40:39,785 - src.evaluation.indicglue_evaluator - INFO - Using original HuggingFace splits for ProductReviewSentiment
2026-01-25 14:40:39,785 - src.evaluation.indicglue_evaluator - INFO - Attempting to load ProductReviewSentiment from ai4bharat/indic_glue with config 'iitp-pr.hi' (split=train)
2026-01-25 14:40:41,214 - filelock - DEBUG - Attempting to acquire lock 140071569298240 on /dss/dsshome1/00/ge95xod2/.cache/huggingface/datasets/_dss_dsshome1_00_ge95xod2_.cache_huggingface_datasets_ai4bharat___indic_glue_iitp-pr.hi_0.0.0_6dcbebd49d6b12965d433bffcd07e9a786211703.lock
2026-01-25 14:40:41,214 - filelock - DEBUG - Lock 140071569298240 acquired on /dss/dsshome1/00/ge95xod2/.cache/huggingface/datasets/_dss_dsshome1_00_ge95xod2_.cache_huggingface_datasets_ai4bharat___indic_glue_iitp-pr.hi_0.0.0_6dcbebd49d6b12965d433bffcd07e9a786211703.lock
2026-01-25 14:40:41,215 - fsspec.local - DEBUG - open file: /dss/dsshome1/00/ge95xod2/.cache/huggingface/datasets/ai4bharat___indic_glue/iitp-pr.hi/0.0.0/6dcbebd49d6b12965d433bffcd07e9a786211703/dataset_info.json
2026-01-25 14:40:41,216 - filelock - DEBUG - Attempting to release lock 140071569298240 on /dss/dsshome1/00/ge95xod2/.cache/huggingface/datasets/_dss_dsshome1_00_ge95xod2_.cache_huggingface_datasets_ai4bharat___indic_glue_iitp-pr.hi_0.0.0_6dcbebd49d6b12965d433bffcd07e9a786211703.lock
2026-01-25 14:40:41,216 - filelock - DEBUG - Lock 140071569298240 released on /dss/dsshome1/00/ge95xod2/.cache/huggingface/datasets/_dss_dsshome1_00_ge95xod2_.cache_huggingface_datasets_ai4bharat___indic_glue_iitp-pr.hi_0.0.0_6dcbebd49d6b12965d433bffcd07e9a786211703.lock
2026-01-25 14:40:41,218 - filelock - DEBUG - Attempting to acquire lock 140071569795872 on /dss/dsshome1/00/ge95xod2/.cache/huggingface/datasets/ai4bharat___indic_glue/iitp-pr.hi/0.0.0/6dcbebd49d6b12965d433bffcd07e9a786211703_builder.lock
2026-01-25 14:40:41,219 - filelock - DEBUG - Lock 140071569795872 acquired on /dss/dsshome1/00/ge95xod2/.cache/huggingface/datasets/ai4bharat___indic_glue/iitp-pr.hi/0.0.0/6dcbebd49d6b12965d433bffcd07e9a786211703_builder.lock
2026-01-25 14:40:41,219 - fsspec.local - DEBUG - open file: /dss/dsshome1/00/ge95xod2/.cache/huggingface/datasets/ai4bharat___indic_glue/iitp-pr.hi/0.0.0/6dcbebd49d6b12965d433bffcd07e9a786211703/dataset_info.json
2026-01-25 14:40:41,220 - filelock - DEBUG - Attempting to release lock 140071569795872 on /dss/dsshome1/00/ge95xod2/.cache/huggingface/datasets/ai4bharat___indic_glue/iitp-pr.hi/0.0.0/6dcbebd49d6b12965d433bffcd07e9a786211703_builder.lock
2026-01-25 14:40:41,220 - filelock - DEBUG - Lock 140071569795872 released on /dss/dsshome1/00/ge95xod2/.cache/huggingface/datasets/ai4bharat___indic_glue/iitp-pr.hi/0.0.0/6dcbebd49d6b12965d433bffcd07e9a786211703_builder.lock
2026-01-25 14:40:41,223 - src.evaluation.indicglue_evaluator - INFO - Successfully loaded ProductReviewSentiment train split with 4182 examples
2026-01-25 14:40:41,223 - src.evaluation.indicglue_evaluator - INFO -   Loaded train: 4182 examples
2026-01-25 14:40:41,224 - src.evaluation.indicglue_evaluator - INFO - Attempting to load ProductReviewSentiment from ai4bharat/indic_glue with config 'iitp-pr.hi' (split=validation)
2026-01-25 14:40:42,176 - filelock - DEBUG - Attempting to acquire lock 140071567890848 on /dss/dsshome1/00/ge95xod2/.cache/huggingface/datasets/_dss_dsshome1_00_ge95xod2_.cache_huggingface_datasets_ai4bharat___indic_glue_iitp-pr.hi_0.0.0_6dcbebd49d6b12965d433bffcd07e9a786211703.lock
2026-01-25 14:40:42,178 - filelock - DEBUG - Lock 140071567890848 acquired on /dss/dsshome1/00/ge95xod2/.cache/huggingface/datasets/_dss_dsshome1_00_ge95xod2_.cache_huggingface_datasets_ai4bharat___indic_glue_iitp-pr.hi_0.0.0_6dcbebd49d6b12965d433bffcd07e9a786211703.lock
2026-01-25 14:40:42,178 - fsspec.local - DEBUG - open file: /dss/dsshome1/00/ge95xod2/.cache/huggingface/datasets/ai4bharat___indic_glue/iitp-pr.hi/0.0.0/6dcbebd49d6b12965d433bffcd07e9a786211703/dataset_info.json
2026-01-25 14:40:42,179 - filelock - DEBUG - Attempting to release lock 140071567890848 on /dss/dsshome1/00/ge95xod2/.cache/huggingface/datasets/_dss_dsshome1_00_ge95xod2_.cache_huggingface_datasets_ai4bharat___indic_glue_iitp-pr.hi_0.0.0_6dcbebd49d6b12965d433bffcd07e9a786211703.lock
2026-01-25 14:40:42,179 - filelock - DEBUG - Lock 140071567890848 released on /dss/dsshome1/00/ge95xod2/.cache/huggingface/datasets/_dss_dsshome1_00_ge95xod2_.cache_huggingface_datasets_ai4bharat___indic_glue_iitp-pr.hi_0.0.0_6dcbebd49d6b12965d433bffcd07e9a786211703.lock
2026-01-25 14:40:42,181 - filelock - DEBUG - Attempting to acquire lock 140071567705520 on /dss/dsshome1/00/ge95xod2/.cache/huggingface/datasets/ai4bharat___indic_glue/iitp-pr.hi/0.0.0/6dcbebd49d6b12965d433bffcd07e9a786211703_builder.lock
2026-01-25 14:40:42,181 - filelock - DEBUG - Lock 140071567705520 acquired on /dss/dsshome1/00/ge95xod2/.cache/huggingface/datasets/ai4bharat___indic_glue/iitp-pr.hi/0.0.0/6dcbebd49d6b12965d433bffcd07e9a786211703_builder.lock
2026-01-25 14:40:42,182 - fsspec.local - DEBUG - open file: /dss/dsshome1/00/ge95xod2/.cache/huggingface/datasets/ai4bharat___indic_glue/iitp-pr.hi/0.0.0/6dcbebd49d6b12965d433bffcd07e9a786211703/dataset_info.json
2026-01-25 14:40:42,182 - filelock - DEBUG - Attempting to release lock 140071567705520 on /dss/dsshome1/00/ge95xod2/.cache/huggingface/datasets/ai4bharat___indic_glue/iitp-pr.hi/0.0.0/6dcbebd49d6b12965d433bffcd07e9a786211703_builder.lock
2026-01-25 14:40:42,183 - filelock - DEBUG - Lock 140071567705520 released on /dss/dsshome1/00/ge95xod2/.cache/huggingface/datasets/ai4bharat___indic_glue/iitp-pr.hi/0.0.0/6dcbebd49d6b12965d433bffcd07e9a786211703_builder.lock
2026-01-25 14:40:42,186 - src.evaluation.indicglue_evaluator - INFO - Successfully loaded ProductReviewSentiment validation split with 523 examples
2026-01-25 14:40:42,186 - src.evaluation.indicglue_evaluator - INFO -   Loaded validation: 523 examples
2026-01-25 14:40:42,186 - src.evaluation.indicglue_evaluator - INFO - Attempting to load ProductReviewSentiment from ai4bharat/indic_glue with config 'iitp-pr.hi' (split=test)
2026-01-25 14:40:43,135 - filelock - DEBUG - Attempting to acquire lock 140071567704752 on /dss/dsshome1/00/ge95xod2/.cache/huggingface/datasets/_dss_dsshome1_00_ge95xod2_.cache_huggingface_datasets_ai4bharat___indic_glue_iitp-pr.hi_0.0.0_6dcbebd49d6b12965d433bffcd07e9a786211703.lock
2026-01-25 14:40:43,136 - filelock - DEBUG - Lock 140071567704752 acquired on /dss/dsshome1/00/ge95xod2/.cache/huggingface/datasets/_dss_dsshome1_00_ge95xod2_.cache_huggingface_datasets_ai4bharat___indic_glue_iitp-pr.hi_0.0.0_6dcbebd49d6b12965d433bffcd07e9a786211703.lock
2026-01-25 14:40:43,136 - fsspec.local - DEBUG - open file: /dss/dsshome1/00/ge95xod2/.cache/huggingface/datasets/ai4bharat___indic_glue/iitp-pr.hi/0.0.0/6dcbebd49d6b12965d433bffcd07e9a786211703/dataset_info.json
2026-01-25 14:40:43,137 - filelock - DEBUG - Attempting to release lock 140071567704752 on /dss/dsshome1/00/ge95xod2/.cache/huggingface/datasets/_dss_dsshome1_00_ge95xod2_.cache_huggingface_datasets_ai4bharat___indic_glue_iitp-pr.hi_0.0.0_6dcbebd49d6b12965d433bffcd07e9a786211703.lock
2026-01-25 14:40:43,137 - filelock - DEBUG - Lock 140071567704752 released on /dss/dsshome1/00/ge95xod2/.cache/huggingface/datasets/_dss_dsshome1_00_ge95xod2_.cache_huggingface_datasets_ai4bharat___indic_glue_iitp-pr.hi_0.0.0_6dcbebd49d6b12965d433bffcd07e9a786211703.lock
2026-01-25 14:40:43,139 - filelock - DEBUG - Attempting to acquire lock 140071573521072 on /dss/dsshome1/00/ge95xod2/.cache/huggingface/datasets/ai4bharat___indic_glue/iitp-pr.hi/0.0.0/6dcbebd49d6b12965d433bffcd07e9a786211703_builder.lock
2026-01-25 14:40:43,163 - filelock - DEBUG - Lock 140071573521072 acquired on /dss/dsshome1/00/ge95xod2/.cache/huggingface/datasets/ai4bharat___indic_glue/iitp-pr.hi/0.0.0/6dcbebd49d6b12965d433bffcd07e9a786211703_builder.lock
2026-01-25 14:40:43,164 - fsspec.local - DEBUG - open file: /dss/dsshome1/00/ge95xod2/.cache/huggingface/datasets/ai4bharat___indic_glue/iitp-pr.hi/0.0.0/6dcbebd49d6b12965d433bffcd07e9a786211703/dataset_info.json
2026-01-25 14:40:43,164 - filelock - DEBUG - Attempting to release lock 140071573521072 on /dss/dsshome1/00/ge95xod2/.cache/huggingface/datasets/ai4bharat___indic_glue/iitp-pr.hi/0.0.0/6dcbebd49d6b12965d433bffcd07e9a786211703_builder.lock
2026-01-25 14:40:43,164 - filelock - DEBUG - Lock 140071573521072 released on /dss/dsshome1/00/ge95xod2/.cache/huggingface/datasets/ai4bharat___indic_glue/iitp-pr.hi/0.0.0/6dcbebd49d6b12965d433bffcd07e9a786211703_builder.lock
2026-01-25 14:40:43,167 - src.evaluation.indicglue_evaluator - INFO - Successfully loaded ProductReviewSentiment test split with 523 examples
2026-01-25 14:40:43,168 - src.evaluation.indicglue_evaluator - INFO -   Loaded test: 523 examples
2026-01-25 14:40:43,168 - src.evaluation.indicglue_evaluator - INFO - Fine-tuning on ProductReviewSentiment...
2026-01-25 14:40:43,168 - src.evaluation.indicglue.fine_tuning_manager - INFO - Starting fine-tuning for ProductReviewSentiment
2026-01-25 14:40:43,168 - src.evaluation.indicglue.fine_tuning_manager - INFO - Train samples: 4182, Val samples: 523
2026-01-25 14:40:43,168 - src.evaluation.indicglue_evaluator - INFO - Wrapping model for task 'ProductReviewSentiment' with 3 classes
2026-01-25 14:40:43,171 - src.evaluation.indicglue.fine_tuning_manager - INFO - Starting training loop for ProductReviewSentiment
2026-01-25 14:40:43,173 - src.evaluation.indicglue.fine_tuning_manager - INFO - Model parameters: 86,480,643 total, 86,480,643 trainable (100.0%)
2026-01-25 14:40:43,173 - src.evaluation.indicglue.fine_tuning_manager - INFO - ✓ End-to-end training mode (all parameters trainable)
2026-01-25 14:40:43,175 - src.evaluation.indicglue.fine_tuning_manager - INFO - Optimizer: AdamW with 76 params with decay, 74 without decay
2026-01-25 14:40:43,175 - src.evaluation.indicglue.fine_tuning_manager - INFO - Scheduler created: Linear schedule with 131 warmup steps (total 1310 steps)
2026-01-25 14:40:43,175 - src.evaluation.indicglue.fine_tuning_manager - INFO - Training config: total_steps=1310, warmup_steps=131 (10.0%)
2026-01-25 14:41:09,332 - src.evaluation.indicglue.fine_tuning_manager - INFO - Epoch 1/10: train_loss=1.1866, val_acc=0.4245, val_loss=1.1910
2026-01-25 14:41:09,382 - src.evaluation.indicglue.fine_tuning_manager - INFO -   → New best validation accuracy: 0.4245 (improvement: 0.4245)
2026-01-25 14:41:35,484 - src.evaluation.indicglue.fine_tuning_manager - INFO - Epoch 2/10: train_loss=1.1848, val_acc=0.4245, val_loss=1.1910
2026-01-25 14:41:35,485 - src.evaluation.indicglue.fine_tuning_manager - INFO -   → No improvement (patience: 1/3)
2026-01-25 14:42:01,662 - src.evaluation.indicglue.fine_tuning_manager - INFO - Epoch 3/10: train_loss=1.1779, val_acc=0.4245, val_loss=1.1892
2026-01-25 14:42:01,663 - src.evaluation.indicglue.fine_tuning_manager - INFO -   → No improvement (patience: 2/3)
2026-01-25 14:42:27,780 - src.evaluation.indicglue.fine_tuning_manager - INFO - Epoch 4/10: train_loss=1.1796, val_acc=0.4245, val_loss=1.1849
2026-01-25 14:42:27,780 - src.evaluation.indicglue.fine_tuning_manager - INFO -   → No improvement (patience: 3/3)
2026-01-25 14:42:27,780 - src.evaluation.indicglue.fine_tuning_manager - INFO - Early stopping triggered at epoch 4
2026-01-25 14:42:27,853 - src.evaluation.indicglue.fine_tuning_manager - INFO - Restored best model from epoch 1 with val_acc=0.4245
2026-01-25 14:42:28,461 - src.evaluation.indicglue.fine_tuning_manager - DEBUG - CUDA memory cleanup completed successfully
2026-01-25 14:42:28,461 - src.evaluation.indicglue.fine_tuning_manager - DEBUG - Cleaned up optimizer, scheduler, and GPU memory after fine-tuning
2026-01-25 14:42:28,478 - src.evaluation.indicglue_evaluator - INFO - Evaluation mode switched to: fine-tuned (will use classification heads for all tasks)
2026-01-25 14:42:28,479 - src.evaluation.indicglue_evaluator - INFO - Evaluating fine-tuned model on test set...
2026-01-25 14:42:28,479 - src.evaluation.indicglue_evaluator - INFO - Evaluating on 523 examples
2026-01-25 14:42:28,479 - src.evaluation.indicglue_evaluator - INFO - [ROUTING] ProductReviewSentiment: Classification/NLI task → Using classification head
2026-01-25 14:42:28,479 - src.evaluation.evaluation_cache - DEBUG - Generated cache key: 18e28169a89ebf8f9039075f4c4518d928e1e677c968929a48b042e082820dbf
2026-01-25 14:42:28,480 - src.evaluation.evaluation_cache - INFO - Cache hit: 18e28169a89ebf8f9039075f4c4518d928e1e677c968929a48b042e082820dbf
2026-01-25 14:42:28,480 - src.evaluation.evaluation_cache - INFO -   Created: 2026-01-10T07:29:56.002779
2026-01-25 14:42:28,480 - src.evaluation.evaluation_cache - INFO -   Samples: 2
2026-01-25 14:42:28,481 - src.evaluation.indicglue_evaluator - INFO - Using cached predictions for ProductReviewSentiment
2026-01-25 14:42:28,481 - src.evaluation.indicglue_evaluator - DEBUG - Cleared wrapped model cache for ProductReviewSentiment
2026-01-25 14:42:28,887 - src.evaluation.indicglue_evaluator - DEBUG - CUDA memory cleanup completed successfully
2026-01-25 14:42:28,887 - src.evaluation.indicglue_evaluator - INFO - ProductReviewSentiment Results:
2026-01-25 14:42:28,887 - src.evaluation.indicglue_evaluator - INFO -   num_examples: 523.0000
2026-01-25 14:42:28,888 - src.evaluation.indicglue_evaluator - INFO -   accuracy: 0.4646
2026-01-25 14:42:28,888 - src.evaluation.indicglue_evaluator - INFO -   f1_macro: 0.3550
2026-01-25 14:42:28,888 - src.evaluation.indicglue_evaluator - INFO -   f1_weighted: 0.4448
2026-01-25 14:42:28,888 - src.evaluation.indicglue_evaluator - INFO -   precision_macro: 0.3638
2026-01-25 14:42:28,888 - src.evaluation.indicglue_evaluator - INFO -   recall_macro: 0.3636
2026-01-25 14:42:28,888 - src.evaluation.indicglue_evaluator - INFO -   fine_tuned: 1.0000
2026-01-25 14:42:28,888 - src.evaluation.indicglue_evaluator - INFO -   fine_tuning_time_seconds: 105.3108
2026-01-25 14:42:29,288 - src.evaluation.indicglue_evaluator - DEBUG - CUDA memory cleanup completed successfully
2026-01-25 14:42:29,288 - src.evaluation.indicglue_evaluator - INFO - 
Evaluating DiscourseMode...
2026-01-25 14:42:29,288 - src.evaluation.indicglue_evaluator - INFO - Fine-tuning mode enabled for DiscourseMode
2026-01-25 14:42:29,288 - src.evaluation.indicglue_evaluator - INFO - Using original HuggingFace splits for DiscourseMode
2026-01-25 14:42:29,288 - src.evaluation.indicglue_evaluator - INFO - Attempting to load DiscourseMode from ai4bharat/indic_glue with config 'md.hi' (split=train)
2026-01-25 14:42:30,675 - filelock - DEBUG - Attempting to acquire lock 140071571141680 on /dss/dsshome1/00/ge95xod2/.cache/huggingface/datasets/_dss_dsshome1_00_ge95xod2_.cache_huggingface_datasets_ai4bharat___indic_glue_md.hi_0.0.0_6dcbebd49d6b12965d433bffcd07e9a786211703.lock
2026-01-25 14:42:30,676 - filelock - DEBUG - Lock 140071571141680 acquired on /dss/dsshome1/00/ge95xod2/.cache/huggingface/datasets/_dss_dsshome1_00_ge95xod2_.cache_huggingface_datasets_ai4bharat___indic_glue_md.hi_0.0.0_6dcbebd49d6b12965d433bffcd07e9a786211703.lock
2026-01-25 14:42:30,676 - fsspec.local - DEBUG - open file: /dss/dsshome1/00/ge95xod2/.cache/huggingface/datasets/ai4bharat___indic_glue/md.hi/0.0.0/6dcbebd49d6b12965d433bffcd07e9a786211703/dataset_info.json
2026-01-25 14:42:30,677 - filelock - DEBUG - Attempting to release lock 140071571141680 on /dss/dsshome1/00/ge95xod2/.cache/huggingface/datasets/_dss_dsshome1_00_ge95xod2_.cache_huggingface_datasets_ai4bharat___indic_glue_md.hi_0.0.0_6dcbebd49d6b12965d433bffcd07e9a786211703.lock
2026-01-25 14:42:30,677 - filelock - DEBUG - Lock 140071571141680 released on /dss/dsshome1/00/ge95xod2/.cache/huggingface/datasets/_dss_dsshome1_00_ge95xod2_.cache_huggingface_datasets_ai4bharat___indic_glue_md.hi_0.0.0_6dcbebd49d6b12965d433bffcd07e9a786211703.lock
2026-01-25 14:42:30,699 - filelock - DEBUG - Attempting to acquire lock 140071570202784 on /dss/dsshome1/00/ge95xod2/.cache/huggingface/datasets/ai4bharat___indic_glue/md.hi/0.0.0/6dcbebd49d6b12965d433bffcd07e9a786211703_builder.lock
2026-01-25 14:42:30,699 - filelock - DEBUG - Lock 140071570202784 acquired on /dss/dsshome1/00/ge95xod2/.cache/huggingface/datasets/ai4bharat___indic_glue/md.hi/0.0.0/6dcbebd49d6b12965d433bffcd07e9a786211703_builder.lock
2026-01-25 14:42:30,700 - fsspec.local - DEBUG - open file: /dss/dsshome1/00/ge95xod2/.cache/huggingface/datasets/ai4bharat___indic_glue/md.hi/0.0.0/6dcbebd49d6b12965d433bffcd07e9a786211703/dataset_info.json
2026-01-25 14:42:30,700 - filelock - DEBUG - Attempting to release lock 140071570202784 on /dss/dsshome1/00/ge95xod2/.cache/huggingface/datasets/ai4bharat___indic_glue/md.hi/0.0.0/6dcbebd49d6b12965d433bffcd07e9a786211703_builder.lock
2026-01-25 14:42:30,700 - filelock - DEBUG - Lock 140071570202784 released on /dss/dsshome1/00/ge95xod2/.cache/huggingface/datasets/ai4bharat___indic_glue/md.hi/0.0.0/6dcbebd49d6b12965d433bffcd07e9a786211703_builder.lock
2026-01-25 14:42:30,702 - src.evaluation.indicglue_evaluator - INFO - Successfully loaded DiscourseMode train split with 7974 examples
2026-01-25 14:42:30,703 - src.evaluation.indicglue_evaluator - INFO -   Loaded train: 7974 examples
2026-01-25 14:42:30,703 - src.evaluation.indicglue_evaluator - INFO - Attempting to load DiscourseMode from ai4bharat/indic_glue with config 'md.hi' (split=validation)
2026-01-25 14:42:31,625 - filelock - DEBUG - Attempting to acquire lock 140071571707888 on /dss/dsshome1/00/ge95xod2/.cache/huggingface/datasets/_dss_dsshome1_00_ge95xod2_.cache_huggingface_datasets_ai4bharat___indic_glue_md.hi_0.0.0_6dcbebd49d6b12965d433bffcd07e9a786211703.lock
2026-01-25 14:42:31,626 - filelock - DEBUG - Lock 140071571707888 acquired on /dss/dsshome1/00/ge95xod2/.cache/huggingface/datasets/_dss_dsshome1_00_ge95xod2_.cache_huggingface_datasets_ai4bharat___indic_glue_md.hi_0.0.0_6dcbebd49d6b12965d433bffcd07e9a786211703.lock
2026-01-25 14:42:31,626 - fsspec.local - DEBUG - open file: /dss/dsshome1/00/ge95xod2/.cache/huggingface/datasets/ai4bharat___indic_glue/md.hi/0.0.0/6dcbebd49d6b12965d433bffcd07e9a786211703/dataset_info.json
2026-01-25 14:42:31,627 - filelock - DEBUG - Attempting to release lock 140071571707888 on /dss/dsshome1/00/ge95xod2/.cache/huggingface/datasets/_dss_dsshome1_00_ge95xod2_.cache_huggingface_datasets_ai4bharat___indic_glue_md.hi_0.0.0_6dcbebd49d6b12965d433bffcd07e9a786211703.lock
2026-01-25 14:42:31,627 - filelock - DEBUG - Lock 140071571707888 released on /dss/dsshome1/00/ge95xod2/.cache/huggingface/datasets/_dss_dsshome1_00_ge95xod2_.cache_huggingface_datasets_ai4bharat___indic_glue_md.hi_0.0.0_6dcbebd49d6b12965d433bffcd07e9a786211703.lock
2026-01-25 14:42:31,628 - filelock - DEBUG - Attempting to acquire lock 140071574660048 on /dss/dsshome1/00/ge95xod2/.cache/huggingface/datasets/ai4bharat___indic_glue/md.hi/0.0.0/6dcbebd49d6b12965d433bffcd07e9a786211703_builder.lock
2026-01-25 14:42:31,628 - filelock - DEBUG - Lock 140071574660048 acquired on /dss/dsshome1/00/ge95xod2/.cache/huggingface/datasets/ai4bharat___indic_glue/md.hi/0.0.0/6dcbebd49d6b12965d433bffcd07e9a786211703_builder.lock
2026-01-25 14:42:31,629 - fsspec.local - DEBUG - open file: /dss/dsshome1/00/ge95xod2/.cache/huggingface/datasets/ai4bharat___indic_glue/md.hi/0.0.0/6dcbebd49d6b12965d433bffcd07e9a786211703/dataset_info.json
2026-01-25 14:42:31,629 - filelock - DEBUG - Attempting to release lock 140071574660048 on /dss/dsshome1/00/ge95xod2/.cache/huggingface/datasets/ai4bharat___indic_glue/md.hi/0.0.0/6dcbebd49d6b12965d433bffcd07e9a786211703_builder.lock
2026-01-25 14:42:31,629 - filelock - DEBUG - Lock 140071574660048 released on /dss/dsshome1/00/ge95xod2/.cache/huggingface/datasets/ai4bharat___indic_glue/md.hi/0.0.0/6dcbebd49d6b12965d433bffcd07e9a786211703_builder.lock
2026-01-25 14:42:31,632 - src.evaluation.indicglue_evaluator - INFO - Successfully loaded DiscourseMode validation split with 997 examples
2026-01-25 14:42:31,632 - src.evaluation.indicglue_evaluator - INFO -   Loaded validation: 997 examples
2026-01-25 14:42:31,632 - src.evaluation.indicglue_evaluator - INFO - Attempting to load DiscourseMode from ai4bharat/indic_glue with config 'md.hi' (split=test)
2026-01-25 14:42:32,574 - filelock - DEBUG - Attempting to acquire lock 140071574662592 on /dss/dsshome1/00/ge95xod2/.cache/huggingface/datasets/_dss_dsshome1_00_ge95xod2_.cache_huggingface_datasets_ai4bharat___indic_glue_md.hi_0.0.0_6dcbebd49d6b12965d433bffcd07e9a786211703.lock
2026-01-25 14:42:32,575 - filelock - DEBUG - Lock 140071574662592 acquired on /dss/dsshome1/00/ge95xod2/.cache/huggingface/datasets/_dss_dsshome1_00_ge95xod2_.cache_huggingface_datasets_ai4bharat___indic_glue_md.hi_0.0.0_6dcbebd49d6b12965d433bffcd07e9a786211703.lock
2026-01-25 14:42:32,575 - fsspec.local - DEBUG - open file: /dss/dsshome1/00/ge95xod2/.cache/huggingface/datasets/ai4bharat___indic_glue/md.hi/0.0.0/6dcbebd49d6b12965d433bffcd07e9a786211703/dataset_info.json
2026-01-25 14:42:32,575 - filelock - DEBUG - Attempting to release lock 140071574662592 on /dss/dsshome1/00/ge95xod2/.cache/huggingface/datasets/_dss_dsshome1_00_ge95xod2_.cache_huggingface_datasets_ai4bharat___indic_glue_md.hi_0.0.0_6dcbebd49d6b12965d433bffcd07e9a786211703.lock
2026-01-25 14:42:32,575 - filelock - DEBUG - Lock 140071574662592 released on /dss/dsshome1/00/ge95xod2/.cache/huggingface/datasets/_dss_dsshome1_00_ge95xod2_.cache_huggingface_datasets_ai4bharat___indic_glue_md.hi_0.0.0_6dcbebd49d6b12965d433bffcd07e9a786211703.lock
2026-01-25 14:42:32,577 - filelock - DEBUG - Attempting to acquire lock 140071570258624 on /dss/dsshome1/00/ge95xod2/.cache/huggingface/datasets/ai4bharat___indic_glue/md.hi/0.0.0/6dcbebd49d6b12965d433bffcd07e9a786211703_builder.lock
2026-01-25 14:42:32,577 - filelock - DEBUG - Lock 140071570258624 acquired on /dss/dsshome1/00/ge95xod2/.cache/huggingface/datasets/ai4bharat___indic_glue/md.hi/0.0.0/6dcbebd49d6b12965d433bffcd07e9a786211703_builder.lock
2026-01-25 14:42:32,577 - fsspec.local - DEBUG - open file: /dss/dsshome1/00/ge95xod2/.cache/huggingface/datasets/ai4bharat___indic_glue/md.hi/0.0.0/6dcbebd49d6b12965d433bffcd07e9a786211703/dataset_info.json
2026-01-25 14:42:32,578 - filelock - DEBUG - Attempting to release lock 140071570258624 on /dss/dsshome1/00/ge95xod2/.cache/huggingface/datasets/ai4bharat___indic_glue/md.hi/0.0.0/6dcbebd49d6b12965d433bffcd07e9a786211703_builder.lock
2026-01-25 14:42:32,578 - filelock - DEBUG - Lock 140071570258624 released on /dss/dsshome1/00/ge95xod2/.cache/huggingface/datasets/ai4bharat___indic_glue/md.hi/0.0.0/6dcbebd49d6b12965d433bffcd07e9a786211703_builder.lock
2026-01-25 14:42:32,580 - src.evaluation.indicglue_evaluator - INFO - Successfully loaded DiscourseMode test split with 997 examples
2026-01-25 14:42:32,581 - src.evaluation.indicglue_evaluator - INFO -   Loaded test: 997 examples
2026-01-25 14:42:32,581 - src.evaluation.indicglue_evaluator - INFO - Fine-tuning on DiscourseMode...
2026-01-25 14:42:32,581 - src.evaluation.indicglue.fine_tuning_manager - INFO - Starting fine-tuning for DiscourseMode
2026-01-25 14:42:32,581 - src.evaluation.indicglue.fine_tuning_manager - INFO - Train samples: 7974, Val samples: 997
2026-01-25 14:42:32,581 - src.evaluation.indicglue_evaluator - INFO - Wrapping model for task 'DiscourseMode' with 6 classes
2026-01-25 14:42:32,583 - src.evaluation.indicglue.fine_tuning_manager - INFO - Starting training loop for DiscourseMode
2026-01-25 14:42:32,584 - src.evaluation.indicglue.fine_tuning_manager - INFO - Model parameters: 86,482,950 total, 86,482,950 trainable (100.0%)
2026-01-25 14:42:32,584 - src.evaluation.indicglue.fine_tuning_manager - INFO - ✓ End-to-end training mode (all parameters trainable)
2026-01-25 14:42:32,585 - src.evaluation.indicglue.fine_tuning_manager - INFO - Optimizer: AdamW with 76 params with decay, 74 without decay
2026-01-25 14:42:32,585 - src.evaluation.indicglue.fine_tuning_manager - INFO - Scheduler created: Linear schedule with 250 warmup steps (total 2500 steps)
2026-01-25 14:42:32,585 - src.evaluation.indicglue.fine_tuning_manager - INFO - Training config: total_steps=2500, warmup_steps=250 (10.0%)
2026-01-25 14:43:22,387 - src.evaluation.indicglue.fine_tuning_manager - INFO - Epoch 1/10: train_loss=1.9353, val_acc=0.0993, val_loss=1.8999
2026-01-25 14:43:22,462 - src.evaluation.indicglue.fine_tuning_manager - INFO -   → New best validation accuracy: 0.0993 (improvement: 0.0993)
2026-01-25 14:44:12,275 - src.evaluation.indicglue.fine_tuning_manager - INFO - Epoch 2/10: train_loss=1.9345, val_acc=0.1023, val_loss=1.8994
2026-01-25 14:44:12,659 - src.evaluation.indicglue.fine_tuning_manager - INFO -   → New best validation accuracy: 0.1023 (improvement: 0.0030)
2026-01-25 14:45:02,450 - src.evaluation.indicglue.fine_tuning_manager - INFO - Epoch 3/10: train_loss=1.9368, val_acc=0.1033, val_loss=1.8984
2026-01-25 14:45:02,850 - src.evaluation.indicglue.fine_tuning_manager - INFO -   → New best validation accuracy: 0.1033 (improvement: 0.0010)
2026-01-25 14:45:52,681 - src.evaluation.indicglue.fine_tuning_manager - INFO - Epoch 4/10: train_loss=1.9253, val_acc=0.1053, val_loss=1.8970
2026-01-25 14:45:53,041 - src.evaluation.indicglue.fine_tuning_manager - INFO -   → New best validation accuracy: 0.1053 (improvement: 0.0020)
2026-01-25 14:46:42,854 - src.evaluation.indicglue.fine_tuning_manager - INFO - Epoch 5/10: train_loss=1.9280, val_acc=0.1113, val_loss=1.8926
2026-01-25 14:46:43,225 - src.evaluation.indicglue.fine_tuning_manager - INFO -   → New best validation accuracy: 0.1113 (improvement: 0.0060)
2026-01-25 14:47:33,013 - src.evaluation.indicglue.fine_tuning_manager - INFO - Epoch 6/10: train_loss=1.9315, val_acc=0.1153, val_loss=1.8896
2026-01-25 14:47:33,388 - src.evaluation.indicglue.fine_tuning_manager - INFO -   → New best validation accuracy: 0.1153 (improvement: 0.0040)
2026-01-25 14:48:23,168 - src.evaluation.indicglue.fine_tuning_manager - INFO - Epoch 7/10: train_loss=1.9222, val_acc=0.1244, val_loss=1.8843
2026-01-25 14:48:23,561 - src.evaluation.indicglue.fine_tuning_manager - INFO -   → New best validation accuracy: 0.1244 (improvement: 0.0090)
2026-01-25 14:49:13,382 - src.evaluation.indicglue.fine_tuning_manager - INFO - Epoch 8/10: train_loss=1.9132, val_acc=0.1364, val_loss=1.8755
2026-01-25 14:49:13,776 - src.evaluation.indicglue.fine_tuning_manager - INFO -   → New best validation accuracy: 0.1364 (improvement: 0.0120)
2026-01-25 14:50:03,573 - src.evaluation.indicglue.fine_tuning_manager - INFO - Epoch 9/10: train_loss=1.9010, val_acc=0.1454, val_loss=1.8662
2026-01-25 14:50:03,927 - src.evaluation.indicglue.fine_tuning_manager - INFO -   → New best validation accuracy: 0.1454 (improvement: 0.0090)
2026-01-25 14:50:53,705 - src.evaluation.indicglue.fine_tuning_manager - INFO - Epoch 10/10: train_loss=1.8956, val_acc=0.1555, val_loss=1.8594
2026-01-25 14:50:54,107 - src.evaluation.indicglue.fine_tuning_manager - INFO -   → New best validation accuracy: 0.1555 (improvement: 0.0100)
2026-01-25 14:50:54,121 - src.evaluation.indicglue.fine_tuning_manager - INFO - Restored best model from epoch 10 with val_acc=0.1555
2026-01-25 14:50:54,620 - src.evaluation.indicglue.fine_tuning_manager - DEBUG - CUDA memory cleanup completed successfully
2026-01-25 14:50:54,621 - src.evaluation.indicglue.fine_tuning_manager - DEBUG - Cleaned up optimizer, scheduler, and GPU memory after fine-tuning
2026-01-25 14:50:54,621 - src.evaluation.indicglue_evaluator - INFO - Evaluation mode switched to: fine-tuned (will use classification heads for all tasks)
2026-01-25 14:50:54,621 - src.evaluation.indicglue_evaluator - INFO - Evaluating fine-tuned model on test set...
2026-01-25 14:50:54,621 - src.evaluation.indicglue_evaluator - INFO - Evaluating on 997 examples
2026-01-25 14:50:54,621 - src.evaluation.indicglue_evaluator - INFO - [ROUTING] DiscourseMode: Classification/NLI task → Using classification head
2026-01-25 14:50:54,621 - src.evaluation.evaluation_cache - DEBUG - Generated cache key: f1ee6a53e040edb19bab0772c6ecad63d59a7c189ec8920554bf3096a30e1d7b
2026-01-25 14:50:54,647 - src.evaluation.evaluation_cache - INFO - Cache hit: f1ee6a53e040edb19bab0772c6ecad63d59a7c189ec8920554bf3096a30e1d7b
2026-01-25 14:50:54,647 - src.evaluation.evaluation_cache - INFO -   Created: 2026-01-10T07:31:53.828235
2026-01-25 14:50:54,647 - src.evaluation.evaluation_cache - INFO -   Samples: 2
2026-01-25 14:50:54,647 - src.evaluation.indicglue_evaluator - INFO - Using cached predictions for DiscourseMode
2026-01-25 14:50:54,647 - src.evaluation.indicglue_evaluator - DEBUG - Cleared wrapped model cache for DiscourseMode
2026-01-25 14:50:55,049 - src.evaluation.indicglue_evaluator - DEBUG - CUDA memory cleanup completed successfully
2026-01-25 14:50:55,049 - src.evaluation.indicglue_evaluator - INFO - DiscourseMode Results:
2026-01-25 14:50:55,049 - src.evaluation.indicglue_evaluator - INFO -   num_examples: 997.0000
2026-01-25 14:50:55,050 - src.evaluation.indicglue_evaluator - INFO -   accuracy: 0.1394
2026-01-25 14:50:55,050 - src.evaluation.indicglue_evaluator - INFO -   f1_macro: 0.1060
2026-01-25 14:50:55,050 - src.evaluation.indicglue_evaluator - INFO -   f1_weighted: 0.1677
2026-01-25 14:50:55,050 - src.evaluation.indicglue_evaluator - INFO -   precision_macro: 0.1325
2026-01-25 14:50:55,050 - src.evaluation.indicglue_evaluator - INFO -   recall_macro: 0.1545
2026-01-25 14:50:55,050 - src.evaluation.indicglue_evaluator - INFO -   fine_tuned: 1.0000
2026-01-25 14:50:55,050 - src.evaluation.indicglue_evaluator - INFO -   fine_tuning_time_seconds: 502.0402
2026-01-25 14:50:55,449 - src.evaluation.indicglue_evaluator - DEBUG - CUDA memory cleanup completed successfully
2026-01-25 14:50:55,450 - src.evaluation.indicglue_evaluator - INFO - 
============================================================
2026-01-25 14:50:55,450 - src.evaluation.indicglue_evaluator - INFO - IndicGLUE Evaluation Complete
2026-01-25 14:50:55,450 - src.evaluation.indicglue_evaluator - INFO - Overall Accuracy: 0.2829
2026-01-25 14:50:55,450 - src.evaluation.indicglue_evaluator - INFO - ============================================================
2026-01-25 14:50:55,450 - src.evaluation.multiblimp_evaluator - INFO - Starting MultiBLiMP evaluation on all phenomena...
2026-01-25 14:50:55,450 - src.evaluation.multiblimp_evaluator - INFO - 
Evaluating SV-#...
2026-01-25 14:51:03,783 - src.evaluation.multiblimp_evaluator - INFO - SV-# Results:
2026-01-25 14:51:03,784 - src.evaluation.multiblimp_evaluator - INFO -   Accuracy: 0.8428
2026-01-25 14:51:03,784 - src.evaluation.multiblimp_evaluator - INFO -   Correct: 343/407
2026-01-25 14:51:03,784 - src.evaluation.multiblimp_evaluator - INFO - 
Evaluating SV-G...
2026-01-25 14:51:11,203 - src.evaluation.multiblimp_evaluator - INFO - SV-G Results:
2026-01-25 14:51:11,204 - src.evaluation.multiblimp_evaluator - INFO -   Accuracy: 0.8067
2026-01-25 14:51:11,204 - src.evaluation.multiblimp_evaluator - INFO -   Correct: 338/419
2026-01-25 14:51:11,204 - src.evaluation.multiblimp_evaluator - INFO - 
Evaluating SV-P...
2026-01-25 14:51:18,660 - src.evaluation.multiblimp_evaluator - INFO - SV-P Results:
2026-01-25 14:51:18,660 - src.evaluation.multiblimp_evaluator - INFO -   Accuracy: 0.9248
2026-01-25 14:51:18,660 - src.evaluation.multiblimp_evaluator - INFO -   Correct: 381/412
2026-01-25 14:51:18,661 - src.evaluation.multiblimp_evaluator - INFO - 
Evaluating SP-#...
2026-01-25 14:51:20,435 - src.evaluation.multiblimp_evaluator - INFO - SP-# Results:
2026-01-25 14:51:20,435 - src.evaluation.multiblimp_evaluator - INFO -   Accuracy: 0.9500
2026-01-25 14:51:20,435 - src.evaluation.multiblimp_evaluator - INFO -   Correct: 95/100
2026-01-25 14:51:20,436 - src.evaluation.multiblimp_evaluator - INFO - 
Evaluating SP-G...
2026-01-25 14:51:22,376 - src.evaluation.multiblimp_evaluator - INFO - SP-G Results:
2026-01-25 14:51:22,376 - src.evaluation.multiblimp_evaluator - INFO -   Accuracy: 0.8716
2026-01-25 14:51:22,376 - src.evaluation.multiblimp_evaluator - INFO -   Correct: 95/109
2026-01-25 14:51:22,377 - src.evaluation.multiblimp_evaluator - INFO - 
============================================================
2026-01-25 14:51:22,377 - src.evaluation.multiblimp_evaluator - INFO - MultiBLiMP Evaluation Complete
2026-01-25 14:51:22,377 - src.evaluation.multiblimp_evaluator - INFO - Overall Accuracy: 0.8792
2026-01-25 14:51:22,377 - src.evaluation.multiblimp_evaluator - INFO - ============================================================
2026-01-25 14:51:22,399 - root - INFO - 
💾 Saving evaluation results...
2026-01-25 14:51:22,405 - root - INFO -    Results saved to: results/gpt_10M_character_bigram/evaluation_results.json
2026-01-25 14:51:22,405 - root - INFO - 
📊 Evaluation Summary:
2026-01-25 14:51:22,405 - root - INFO -    indicglue: 0.2829 average (4 tasks)
2026-01-25 14:51:22,405 - root - INFO -    multiblimp: 0.8792 average (5 tasks)
2026-01-25 14:51:22,405 - root - INFO -    summary: No numeric scores available
2026-01-25 14:51:22,405 - root - INFO - 
✅ Evaluation completed successfully!
2026-01-25 14:51:22,408 - root - INFO - ✅ All stages completed successfully!
2026-01-25 14:51:22,408 - root - INFO - 📁 Results directory: results/gpt_10M_character_bigram
2026-01-25 14:51:22,408 - root - INFO - 📊 View results:
2026-01-25 14:51:22,408 - root - INFO -    - Training summary: results/gpt_10M_character_bigram/training_summary.json
2026-01-25 14:51:22,408 - root - INFO -    - Evaluation results: results/gpt_10M_character_bigram/evaluation_results.json
2026-01-25 14:51:22,408 - root - INFO -    - Logs: results/gpt_10M_character_bigram/experiment.log
